Order Ref,Txn ID,Invoice #,Customer,Amount (INR),Mode,Booked On,Refund Amt
order_AQ5SuoGAqfdn6L,pay_ndmqTBAiAuWJAN,INV-2026-00001,CUST17919,"21,507.00",WALLET,21-08-2026 14:04,
order_vcC5wQbNkvvYCn,pay_U9z2VaVllv440W,INV-2026-00002,CUST25838,"1,403.00",UPI,17-08-2026 15:16,
order_rTU2EoJ6bVOopg,pay_NLbGr7oJoaejPF,INV-2026-00003,CUST33757,"5,996.00",UPI,16-08-2026 07:28,
order_M07F7ELnKwEGqg,pay_i0gguz7oZ4962N,INV-2026-00004,CUST41676,239.00,UPI,23-08-2026 21:12,
order_p5tl4vTqmKO5Lp,pay_awSDlYTTIMOjqq,INV-2026-00005,CUST49595,"3,411.00",CARD,09-08-2026 07:08,
order_8EYeG27czGAZ3x,pay_NO5Y8OqE8mrFLN,INV-2026-00006,CUST57514,"1,746.00",NETBANKING,11-08-2026 17:38,
order_g4QCcCdEMzVqpg,pay_LnopwruVYfyl1e,INV-2026-00007,CUST65433,"6,552.00",NETBANKING,05-08-2026 14:45,
order_GznLKVuDRknYqN,pay_Rl7EeMY2O1ZSki,INV-2026-00008,CUST73352,"10,560.00",UPI,23-08-2026 13:11,
order_IB9pgozSteqLeU,pay_u4wnyD00PXV5fu,INV-2026-00009,CUST81271,"3,824.00",UPI,22-08-2026 08:19,
order_F1rQM1fALE5Hms,pay_gzPjhqWzjFmA9k,INV-2026-00010,CUST89190,"30,087.00",CARD,09-08-2026 15:11,
order_K2CsLj6w4YIofq,pay_S9l9aifgIdJTv4,INV-2026-00011,CUST97109,459.00,CARD,11-08-2026 20:57,
order_YmqHdM6VUSSPDt,pay_T8Ghhu5m2Qx3oz,INV-2026-00012,CUST15028,"4,838.00",UPI,10-08-2026 11:07,
order_pYEP3gMtIJAn9e,pay_4XcDydscZoSxeB,INV-2026-00013,CUST22947,"9,370.00",NETBANKING,12-08-2026 08:29,
order_CFC1zcHim79ovt,pay_7gs2Z5FjsYR1xp,INV-2026-00014,CUST30866,"14,672.00",UPI,12-08-2026 12:09,
order_cuVmwsqMnU6G7b,pay_GbJIanYP906Mi9,INV-2026-00015,CUST38785,"40,782.00",UPI,06-08-2026 12:09,
order_k69VeYCnKkGBVp,pay_ZGd5wbE3m9VdFt,INV-2026-00016,CUST46704,"9,875.00",UPI,19-08-2026 16:33,
order_rj5qKyYnHYaDmW,pay_CiJYijYRZi6nZV,INV-2026-00017,CUST54623,270.00,UPI,06-08-2026 11:24,
order_RE4QW1dPKxoVTy,pay_5PX1rzDrME7X2T,INV-2026-00018,CUST62542,"1,708.00",WALLET,20-08-2026 08:10,
order_nvuWE0oqa89KoZ,pay_dUtDWwcM1PnA5K,INV-2026-00019,CUST70461,"8,107.00",UPI,18-08-2026 12:26,
order_Esf7E5j8Tw16hq,pay_ZrYWPb32gi99bt,INV-2026-00020,CUST78380,"5,981.00",CARD,21-08-2026 14:02,
order_OHWBQZlOwx3ChY,pay_iccRQGE6uJ1Xuq,INV-2026-00021,CUST86299,107.00,UPI,05-08-2026 09:39,
order_CS6LPCEAhp5bBO,pay_SzokOwqFV7Fjkd,INV-2026-00022,CUST94218,"5,426.00",UPI,12-08-2026 14:23,
order_dldRX52cIexKqA,pay_GRRAzIGDTmFJdn,INV-2026-00023,CUST12137,"3,000.00",WALLET,18-08-2026 11:51,
order_Z1Nr8nnMGBQSpX,pay_GtCTpZyrnKUDe1,INV-2026-00024,CUST20056,"23,067.00",UPI,04-08-2026 16:01,
order_3WfQ0GJgSZBT4G,pay_C1yg7WgRaFeS2H,INV-2026-00025,CUST27975,695.00,NETBANKING,19-08-2026 08:38,
order_Bi3WDO4rZvV64P,pay_h9xY1a4NgkTkWl,INV-2026-00026,CUST35894,"6,020.00",UPI,21-08-2026 19:05,
order_g2wh2TvhMCD41l,pay_9Y6oL6Hwn8MAjy,INV-2026-00027,CUST43813,"9,122.00",CARD,13-08-2026 11:17,
order_drfRAl3FOVGmqH,pay_cEy3Cu0X4iqD3X,INV-2026-00028,CUST51732,"11,177.00",UPI,12-08-2026 12:10,
order_TkeJlRXs8oljiP,pay_ggnQ18oUWuMunV,INV-2026-00029,CUST59651,312.00,CARD,16-08-2026 14:38,
order_zXTndH5Zdclu0P,pay_3QEeCL3xZUfNYW,INV-2026-00030,CUST67570,"7,374.00",UPI,19-08-2026 21:10,
order_wfgx91UmTKr6ou,pay_73Ocg0WSW7Lsrt,INV-2026-00031,CUST75489,"31,943.00",NETBANKING,20-08-2026 22:19,
order_ni9HYImNLQgPR5,pay_Iz4qwNL36MSEv4,INV-2026-00032,CUST83408,653.00,UPI,18-08-2026 12:37,
order_xdT1zL0gTT0S6c,pay_sPFgpLDsi873SH,INV-2026-00033,CUST91327,"38,353.00",WALLET,20-08-2026 11:25,
order_kCtE9my9gOOl7x,pay_LAPzoEcRChUcxo,INV-2026-00034,CUST99246,"6,694.00",UPI,11-08-2026 19:00,
order_wstvWlgdKTrP0C,pay_nN9TJcjTzRSa6X,INV-2026-00035,CUST17165,"18,937.00",CARD,19-08-2026 09:29,
order_I14RBJmK4mWdv1,pay_MiJzLXe7uvjvhQ,INV-2026-00036,CUST25084,"1,364.00",UPI,19-08-2026 16:28,
order_cttAIFjJEXcNeo,pay_JhjwTuqoAD9dKr,INV-2026-00037,CUST33003,"1,355.00",CARD,23-08-2026 14:08,
order_YmAOodjjd9NATw,pay_Y09nX9mhS42YXt,INV-2026-00038,CUST40922,278.00,UPI,10-08-2026 07:34,
order_rjPFVVNB3BaGzX,pay_w6vKQKr2NhpyjK,INV-2026-00039,CUST48841,"1,231.00",CARD,03-08-2026 14:42,
order_cZyjTKqyRPyF5K,pay_vgZRAO2YjLUi5X,INV-2026-00040,CUST56760,631.00,WALLET,07-08-2026 11:13,
order_hLoAbCKlSQbteX,pay_ZH6ji6akgMUtua,INV-2026-00041,CUST64679,"1,198.00",UPI,19-08-2026 15:53,
order_qNZMLhv58mcQ6V,pay_dv4uW5P6X0rKnX,INV-2026-00042,CUST72598,"6,732.00",UPI,20-08-2026 08:52,
order_izLjE6k8mUW0G3,pay_aYaKwbPezZVCUk,INV-2026-00043,CUST80517,886.00,UPI,15-08-2026 18:14,
order_vYELnoJuF8QiJj,pay_4KhJ3yRwILmi3s,INV-2026-00044,CUST88436,"1,173.00",UPI,18-08-2026 19:43,
order_mbQGsNjAVLR5Tg,pay_ESSYilvhBJt2Zo,INV-2026-00045,CUST96355,"35,573.00",NETBANKING,14-08-2026 07:28,
order_lyHa3gsaBLbIMV,pay_GkHIzY8w4FmZOe,INV-2026-00046,CUST14274,"29,472.00",NETBANKING,04-08-2026 20:18,
order_hXB17ZBAfssmsO,pay_hFJYF7DyIdDsMA,INV-2026-00047,CUST22193,735.00,CARD,11-08-2026 11:35,
order_W8kadGxDskEuFc,pay_YEZUHoRvU4JUCJ,INV-2026-00048,CUST30112,"38,268.00",UPI,22-08-2026 12:02,
order_vQEzCxVX06spLu,pay_55TF12vovP10hs,INV-2026-00049,CUST38031,"13,167.00",UPI,05-08-2026 15:11,
order_DKdLoIzVALJZn6,pay_RuWBvsJSO7i89m,INV-2026-00050,CUST45950,"41,799.00",UPI,15-08-2026 14:52,
order_qLEwzcdcVG0YkW,pay_MvAiB7PS2MRDjC,INV-2026-00051,CUST53869,"1,311.00",CARD,14-08-2026 10:51,
order_Kq9u2KoPQH4R64,pay_VWUS7rznDwYuw3,INV-2026-00052,CUST61788,"16,604.00",WALLET,15-08-2026 08:26,4151.00
order_n5u066YxivikYj,pay_JaIJQSowf1XqwD,INV-2026-00053,CUST69707,"1,498.00",CARD,19-08-2026 19:55,
order_Vx5zdr6oF397nn,pay_tvKMofd2d4pQzs,INV-2026-00054,CUST77626,"28,227.00",UPI,07-08-2026 21:52,
order_nELf61kkyi31A1,pay_laNSSrGMnW4EjJ,INV-2026-00055,CUST85545,"4,078.00",UPI,20-08-2026 16:28,
order_fEyQWzvNgCQhAH,pay_xXKQhsdBc1b1nK,INV-2026-00056,CUST93464,540.00,CARD,03-08-2026 19:16,
order_XRVTQmAFml8GXk,pay_cWEJe9KkEcanD0,INV-2026-00057,CUST11383,"2,143.00",CARD,21-08-2026 10:37,
order_axLCcCsUuTit6i,pay_UN6xYiTdcxjtbZ,INV-2026-00058,CUST19302,"1,256.00",UPI,15-08-2026 13:11,
order_lXm8KNHIGDd15h,pay_gENPqCPjyS81tc,INV-2026-00059,CUST27221,"6,037.00",UPI,09-08-2026 09:32,
order_QnedD1vZ0AZ3LB,pay_sWkLPAELPFvYKW,INV-2026-00060,CUST35140,"5,990.00",WALLET,16-08-2026 18:06,
order_9FqZ6Ozk0VwWnG,pay_PyrXnSxInztk4z,INV-2026-00061,CUST43059,"2,299.00",CARD,10-08-2026 10:45,
order_rXQGAB4WyeqLIE,pay_Dj498cpIczfuUE,INV-2026-00062,CUST50978,"1,189.00",UPI,03-08-2026 11:38,
order_W7rHaSCjhmZ4u0,pay_KHRVGAGK7XwUDl,INV-2026-00063,CUST58897,"1,496.00",UPI,03-08-2026 18:23,
order_8jV4SIRsCfUFC3,pay_nPG82Dxm8CJj91,INV-2026-00064,CUST66816,"22,321.00",UPI,13-08-2026 18:08,
order_T6Rty2eKtX6bob,pay_QFEkvoJQIKWdnU,INV-2026-00065,CUST74735,"15,089.00",CARD,23-08-2026 11:18,
order_g3O98zhF3t4ZwC,pay_5ejtCJHfXGb6nO,INV-2026-00066,CUST82654,"42,556.00",UPI,21-08-2026 15:55,
order_QGaSBFHkrT6i27,pay_Mz7mkkp4Ns6M2v,INV-2026-00067,CUST90573,"7,187.00",CARD,22-08-2026 08:13,
order_FSYvllTsK7kxPL,pay_XVT5qoWYwuZTxL,INV-2026-00068,CUST98492,762.00,UPI,21-08-2026 08:32,
order_nKQ1aEfwRK5jZO,pay_QQACpnlawV5Ig8,INV-2026-00069,CUST16411,"25,615.00",UPI,06-08-2026 07:23,
order_jYjLP5zKleiZaA,pay_8ov7YvoNGLqRIl,INV-2026-00070,CUST24330,437.00,UPI,13-08-2026 16:30,
order_hShaewkbLw08Pd,pay_3I3tkAQA6lw9Il,INV-2026-00071,CUST32249,456.00,UPI,09-08-2026 11:33,
order_Ig2EZFTCY03ks5,pay_JzzBh35mJVAcEe,INV-2026-00072,CUST40168,321.00,NETBANKING,17-08-2026 20:13,
order_6EdpWV1QQ002ex,pay_RleZPQAlCOCONZ,INV-2026-00073,CUST48087,"1,410.00",UPI,13-08-2026 20:42,
order_B5jfGAHdbpZqZ4,pay_U6F1uKt4JJVNAu,INV-2026-00074,CUST56006,"25,783.00",NETBANKING,08-08-2026 22:39,
order_4LA1NuP2oPR9MV,pay_rtyTXcfFk2TdFe,INV-2026-00075,CUST63925,"19,150.00",CARD,12-08-2026 12:24,
order_DKiXM0AYbSQogp,pay_fVARtGVT1spPCT,INV-2026-00076,CUST71844,"40,519.00",CARD,05-08-2026 11:14,
order_3UHFALr2VVmcv1,pay_37M6XlPq0EPj7d,INV-2026-00077,CUST79763,244.00,UPI,17-08-2026 09:28,
order_ENPD8oxLqA3m3D,pay_QqwJy2HgL9VgZX,INV-2026-00078,CUST87682,"7,403.00",CARD,16-08-2026 21:57,
order_OT2zqx4vgEB7wj,pay_O1leHTRDeMK8dJ,INV-2026-00079,CUST95601,"12,184.00",UPI,21-08-2026 13:33,
order_4s6SHsf188kdto,pay_ziVNCC2z5sUbrC,INV-2026-00080,CUST13520,"11,413.00",CARD,11-08-2026 14:31,
order_Se3hPs8eFMj0vL,pay_O8HLL3Iqov4axV,INV-2026-00081,CUST21439,"4,266.00",CARD,20-08-2026 10:49,
order_bEDRFOvuHvMhre,pay_jFdkr5WShMP8PV,INV-2026-00082,CUST29358,"5,845.00",UPI,23-08-2026 10:40,
order_Uy8gKw5TpVKsO4,pay_oyfu6LyCCW0wP1,INV-2026-00083,CUST37277,"11,658.00",UPI,15-08-2026 10:31,11658.00
order_jFC9woB81BhbIm,pay_DMBFBc6SFTIvEa,INV-2026-00084,CUST45196,"7,321.00",UPI,14-08-2026 15:05,
order_RjXbRYBIwO6mcy,pay_JjdvHJbe9F4ydw,INV-2026-00085,CUST53115,"40,048.00",UPI,08-08-2026 09:48,
order_HB3z7qsWg0j1D4,pay_14ql6Smd08Haej,INV-2026-00086,CUST61034,"44,793.00",UPI,08-08-2026 11:21,
order_jzihznZhE8URlJ,pay_WjBqSHzGnSDQ3T,INV-2026-00087,CUST68953,"2,529.00",NETBANKING,19-08-2026 10:58,
order_0KiyRZSIl2cQRN,pay_xy8pZ7EoE8v5LN,INV-2026-00088,CUST76872,"40,569.00",UPI,18-08-2026 08:09,
order_zpNBF3ZfyD4UXm,pay_OzZFmIiehMksTg,INV-2026-00089,CUST84791,"7,946.00",WALLET,14-08-2026 15:45,
order_hOZ6C8L1qtdnzq,pay_ocoIpcFXkLKoUe,INV-2026-00090,CUST92710,246.00,WALLET,23-08-2026 07:54,
order_CYDzaflRyDBkKI,pay_D22si3Ai6BzVoD,INV-2026-00091,CUST10629,"2,434.00",UPI,10-08-2026 19:19,
order_TVYJI9tmqtF72d,pay_6W0Kcz81gWjf3W,INV-2026-00092,CUST18548,"4,092.00",UPI,05-08-2026 22:19,
order_Ttd1SWDyoYHPuX,pay_UxDfUOYEN4uUWN,INV-2026-00093,CUST26467,"38,913.00",UPI,18-08-2026 11:41,
order_QcCA8CgLp6bvaQ,pay_BrwYpjb8tZSIGN,INV-2026-00094,CUST34386,"40,368.00",UPI,08-08-2026 20:52,
order_FbnijIH3giA8Mo,pay_gFA40UE0i15CC8,INV-2026-00095,CUST42305,"35,153.00",UPI,06-08-2026 14:43,
order_RWymdQnGv75Or7,pay_nT7hCDU3YK5qIY,INV-2026-00096,CUST50224,"43,348.00",UPI,19-08-2026 18:28,
order_s5ecsCOB18aWc1,pay_GpZREDltGedTny,INV-2026-00097,CUST58143,"22,635.00",UPI,07-08-2026 20:21,
order_FlfsfAykwj9pyZ,pay_Cn0IxAu6qCt0EQ,INV-2026-00098,CUST66062,"36,464.00",UPI,13-08-2026 07:17,
order_M9vRg53KrKXDTI,pay_e49KSwjzUVytR0,INV-2026-00099,CUST73981,"23,454.00",UPI,08-08-2026 19:35,
order_CNMWjTPFjfqPfk,pay_42PyhVS66ueda5,INV-2026-00100,CUST81900,"2,867.00",CARD,10-08-2026 12:19,
order_hZB6mfg4RHanaR,pay_yMcyVkUGAANetc,INV-2026-00101,CUST89819,"4,558.00",NETBANKING,09-08-2026 18:20,
order_NHQ3mKNMElzxic,pay_tjnbmBfTprN6fp,INV-2026-00102,CUST97738,157.00,UPI,23-08-2026 15:40,
order_kP338xfPUPmkSb,pay_eiJScFYZe6ezQv,INV-2026-00103,CUST15657,"1,335.00",UPI,08-08-2026 19:00,
order_A1zoAM7nC9NAeu,pay_CFMSPOUf1u78Eg,INV-2026-00104,CUST23576,"28,881.00",UPI,08-08-2026 08:48,22815.00
order_HjZrUfQegZe7qO,pay_bO0O7ve0Tpqckl,INV-2026-00105,CUST31495,"1,051.00",CARD,19-08-2026 18:00,
order_w9GpeVs4LWfGeB,pay_Q3lYQ4a0pqRGoy,INV-2026-00106,CUST39414,"1,412.00",UPI,17-08-2026 17:48,
order_ngOM7sq2xSEgHM,pay_IZ7sAvntv7ptJr,INV-2026-00107,CUST47333,"1,025.00",UPI,08-08-2026 19:38,
order_q2yiQF0CziSIhl,pay_LbfVhdNUVq5Tfi,INV-2026-00108,CUST55252,"3,022.00",UPI,09-08-2026 21:37,1057.00
order_pxSZexEu7RvMrr,pay_gTWsEvDo5hqMNH,INV-2026-00109,CUST63171,"2,707.00",UPI,05-08-2026 17:46,
order_9iJG5hicVljrBl,pay_QZ8gCOtjAZV7QN,INV-2026-00110,CUST71090,"6,320.00",CARD,14-08-2026 14:05,
order_aUOUPbjYPtxtSv,pay_AT2Rj7A1b9D9QY,INV-2026-00111,CUST79009,"6,084.00",CARD,20-08-2026 18:46,
order_zdhO1Whtg7kXDV,pay_qpq8KPn5Lb3XJy,INV-2026-00112,CUST86928,"1,414.00",UPI,14-08-2026 08:45,1414.00
order_pfShqUPl2gYaQE,pay_3lANpwmSDwu5kD,INV-2026-00113,CUST94847,"2,564.00",UPI,21-08-2026 20:50,
order_Awxwb8zUKsGJit,pay_keX61rk5ua5ty3,INV-2026-00114,CUST12766,"1,624.00",CARD,23-08-2026 15:57,
order_4cu9MSjRU6k3xK,pay_TzSxaMEnrlpGO1,INV-2026-00115,CUST20685,783.00,UPI,06-08-2026 09:31,
order_Mysx4MfBjTUOVE,pay_47YWz0hT9P59WX,INV-2026-00116,CUST28604,505.00,UPI,16-08-2026 20:00,
order_73AY4qnXlnfrOF,pay_hiMBUYFjFJxQtX,INV-2026-00117,CUST36523,708.00,CARD,22-08-2026 11:42,
order_OBVV5UnDih9TCU,pay_wFqQtKtQHFaOLA,INV-2026-00118,CUST44442,"14,709.00",CARD,06-08-2026 08:53,
order_iE78VdupP3aAp9,pay_O3rExkGVi4gkEA,INV-2026-00119,CUST52361,"1,364.00",WALLET,11-08-2026 22:49,
order_dwIGcjuBDO6KCi,pay_PUjyuoyxzhwMKF,INV-2026-00120,CUST60280,"21,199.00",CARD,14-08-2026 17:59,
order_hLoArMEMC6Ikr5,pay_GJEm3ZaRD6yENQ,INV-2026-00121,CUST68199,735.00,UPI,22-08-2026 16:39,
order_pgxaKoM6ctfOhN,pay_kzDBevQCxwVUis,INV-2026-00122,CUST76118,"1,293.00",UPI,04-08-2026 17:01,
order_jdsZK8VdVUKddY,pay_YOr3FkVyy6G4T2,INV-2026-00123,CUST84037,"32,178.00",WALLET,16-08-2026 19:25,
order_6qmOBhrB9wgr06,pay_oeJzxGjvS3XAuR,INV-2026-00124,CUST91956,"7,299.00",NETBANKING,19-08-2026 14:06,
order_S21UfsDo0h0vuq,pay_pcZAjvMXKWIHp7,INV-2026-00125,CUST99875,"20,333.00",UPI,19-08-2026 22:46,
order_ATjtNDZtfm8483,pay_PNh6faV918qPJR,INV-2026-00126,CUST17794,"7,461.00",UPI,18-08-2026 11:05,
order_SRPceoSePZBNAs,pay_K61Ex1mmbeIbta,INV-2026-00127,CUST25713,"10,785.00",CARD,23-08-2026 07:18,
order_rlA0wrMiyQIgel,pay_mt5DB4lOUkYyQb,INV-2026-00128,CUST33632,"22,247.00",UPI,09-08-2026 15:32,
order_OSE5FWdzPXkz6S,pay_udmVsPtYfsIYiv,INV-2026-00129,CUST41551,"32,136.00",UPI,23-08-2026 19:28,
order_GAjAcXcmGK1B7s,pay_N3NIWyxNzXAmeJ,INV-2026-00130,CUST49470,791.00,NETBANKING,20-08-2026 16:15,
order_XrVyrkqwuY2uSu,pay_VH9OsnWEGiQg9Z,INV-2026-00131,CUST57389,"4,918.00",UPI,13-08-2026 11:26,
order_BJGu6PrchGJwiK,pay_FCtSwCBEfqHrCK,INV-2026-00132,CUST65308,"3,645.00",UPI,10-08-2026 22:18,
order_YkqCa1VC81jgzR,pay_QuyO7D1NJaV17q,INV-2026-00133,CUST73227,469.00,UPI,23-08-2026 08:10,
order_r8u65CLGqV4MPl,pay_8iJAvR2duIsaJf,INV-2026-00134,CUST81146,"22,000.00",UPI,07-08-2026 13:38,
order_Xk0QeJNhsTgpXx,pay_ZX1ES8tCv2gSad,INV-2026-00135,CUST89065,"14,722.00",UPI,23-08-2026 08:36,
order_KRGPS9kSsNjorz,pay_dRGODoW7QA10RR,INV-2026-00136,CUST96984,"1,410.00",CARD,06-08-2026 17:30,
order_NqJrMC9Oi104EN,pay_pJxlahhHPzjMKQ,INV-2026-00137,CUST14903,"7,285.00",UPI,08-08-2026 09:10,
order_a6Gwz7dHMJ4P0S,pay_zy5XwBx5gn8bs6,INV-2026-00138,CUST22822,"2,044.00",CARD,09-08-2026 19:18,
order_fHIK7aRV1ukIjc,pay_dGBQAOz8ktBOVu,INV-2026-00139,CUST30741,"19,816.00",NETBANKING,22-08-2026 11:15,
order_hVf5t0Tc8qKCPQ,pay_ZywsQzhW8Jlx4A,INV-2026-00140,CUST38660,216.00,UPI,22-08-2026 11:20,
order_EIquGaVc4wRvEb,pay_RoQDVL1gt4KfZh,INV-2026-00141,CUST46579,217.00,WALLET,14-08-2026 21:20,
order_WG3G2bNHDWtupA,pay_Z05gDvGr3elFi3,INV-2026-00142,CUST54498,626.00,NETBANKING,18-08-2026 20:32,
order_a7ZMrGpwgv2Fw2,pay_3DkiUL5fBsVulF,INV-2026-00143,CUST62417,"13,561.00",UPI,17-08-2026 17:31,
order_txdbJfBbbTwkoo,pay_ZufyLbfbcHi5Tb,INV-2026-00144,CUST70336,"4,463.00",UPI,10-08-2026 19:48,
order_O5HmegoE1CkMUQ,pay_SblXpAzwZTTenx,INV-2026-00145,CUST78255,"27,662.00",UPI,09-08-2026 07:11,
order_HVJ27Sclwiu45n,pay_dEA0NqhmOGrhGJ,INV-2026-00146,CUST86174,"2,015.00",CARD,23-08-2026 16:11,
order_gC4kwn7vU43HyH,pay_bI97ThiTd9PSbh,INV-2026-00147,CUST94093,"1,354.00",UPI,08-08-2026 12:12,
order_aCE37in0bSC7LZ,pay_IThaEF68usIW5c,INV-2026-00148,CUST12012,290.00,WALLET,21-08-2026 21:44,
order_xuTq0P8YNGrMrX,pay_sO93S5WlKuOt5v,INV-2026-00149,CUST19931,200.00,NETBANKING,04-08-2026 17:44,
order_d6UNJxTwhUhTch,pay_pX0J9BbOPWy9iC,INV-2026-00150,CUST27850,913.00,CARD,09-08-2026 19:22,703.00
order_LOlI357LpcLYuK,pay_2qkW3gV4I5KcYX,INV-2026-00151,CUST35769,"3,020.00",NETBANKING,10-08-2026 20:21,
order_qcXv0CzKs1n90f,pay_In2QsWJY8fOaYI,INV-2026-00152,CUST43688,"26,415.00",UPI,11-08-2026 17:42,
order_18U37g1WY5GU4s,pay_z1TsPc6RKxhHR7,INV-2026-00153,CUST51607,930.00,UPI,17-08-2026 19:35,
order_fJq1WurVysar9c,pay_FnF8W6OSKjacby,INV-2026-00154,CUST59526,"1,485.00",WALLET,19-08-2026 21:25,
order_Fu526iF5KBN4oK,pay_6UhXQEL7Wky6Ve,INV-2026-00155,CUST67445,"1,445.00",CARD,19-08-2026 09:06,
order_fsI3HDr1XKC7u6,pay_hZRuOVjVXGHV10,INV-2026-00156,CUST75364,672.00,UPI,06-08-2026 14:37,
order_oX6P7hvE31bcDK,pay_n4kvwCBHWOHFrA,INV-2026-00157,CUST83283,"5,121.00",CARD,03-08-2026 21:08,
order_FFr9FxIhP2nl05,pay_8OZ34xDMif71rI,INV-2026-00158,CUST91202,"5,833.00",UPI,15-08-2026 21:50,
order_rc1OwXEmqF892y,pay_VDmM3kaYIOQzfJ,INV-2026-00159,CUST99121,"40,145.00",UPI,23-08-2026 22:15,
order_qIY7J7tJP4q34Z,pay_6rZ0g02xenKGdo,INV-2026-00160,CUST17040,"35,387.00",WALLET,19-08-2026 11:27,
order_XqXLZvxqe1SifJ,pay_QTv8vidfmKuCxl,INV-2026-00161,CUST24959,"19,970.00",UPI,19-08-2026 20:57,
order_iKrKs1F3dOEGln,pay_YHwpFYbkxcMOu3,INV-2026-00162,CUST32878,"6,457.00",WALLET,16-08-2026 12:47,
order_O35CjfBwIQmXzw,pay_PbXJ6ecohyq0uA,INV-2026-00163,CUST40797,"12,053.00",CARD,17-08-2026 16:53,
order_9nl1atMiLfja0a,pay_EaF0IqFaQX5zlj,INV-2026-00164,CUST48716,234.00,CARD,15-08-2026 10:50,
order_s8T21wIERA0w4z,pay_8OLoo4z8fwR1QG,INV-2026-00165,CUST56635,"6,638.00",UPI,10-08-2026 22:11,
order_fsZ4oQEqTnTGzW,pay_I2FiA2r7Z7uVbO,INV-2026-00166,CUST64554,"25,059.00",CARD,16-08-2026 15:57,
order_2815LD5XCKPngD,pay_nuwNmHiIedpIds,INV-2026-00167,CUST72473,"3,843.00",CARD,15-08-2026 08:08,
order_LxFi2WUN4BpEn5,pay_2TWKam4OuX3rDy,INV-2026-00168,CUST80392,"1,286.00",UPI,05-08-2026 11:47,
order_YFCCnkIdjTYWZv,pay_VO7Lzd80WjFYDb,INV-2026-00169,CUST88311,138.00,UPI,09-08-2026 10:05,
order_3d0um2iCXjNXdd,pay_FY3tSyjgMqtoGT,INV-2026-00170,CUST96230,"25,329.00",CARD,03-08-2026 18:56,
order_1TXcCPnabu9Pqh,pay_Up6EZRhvLNpEu0,INV-2026-00171,CUST14149,"7,958.00",CARD,15-08-2026 11:46,
order_o8PYGv2zIITVgJ,pay_IMQhA1rGOBXx7k,INV-2026-00172,CUST22068,"7,685.00",UPI,22-08-2026 09:28,
order_JDsuRFUABLbfwJ,pay_NYPCJ2DYShB5u4,INV-2026-00173,CUST29987,"7,653.00",UPI,14-08-2026 17:37,5280.00
order_suFWW6EMNvgokK,pay_fkDYEyIzeHQhdB,INV-2026-00174,CUST37906,"1,753.00",UPI,13-08-2026 17:02,
order_vjN9JBmtkptCRO,pay_vdQAypdwjoDIXu,INV-2026-00175,CUST45825,"5,758.00",UPI,05-08-2026 07:05,
order_7Hfs1qTShzMcZ2,pay_5oYiIBlaOiETd7,INV-2026-00176,CUST53744,"5,078.00",CARD,09-08-2026 17:10,
order_fFv8DDAz5nq9K5,pay_UV4fZEEe3GdzCY,INV-2026-00177,CUST61663,"6,482.00",UPI,16-08-2026 12:30,
order_gG6Rg3eEnC0S6E,pay_qEjxooOl4d17n9,INV-2026-00178,CUST69582,180.00,UPI,17-08-2026 07:23,
order_BHKLU9XMVmxowJ,pay_7izVvqjcjUuFhN,INV-2026-00179,CUST77501,"25,481.00",CARD,09-08-2026 10:42,
order_BSsq1oMxvJC5EU,pay_csEUUx4LMDk6m3,INV-2026-00180,CUST85420,"21,648.00",CARD,04-08-2026 13:49,
order_kLxdGGVyVSuD1I,pay_wzufJJ1WJGNuVs,INV-2026-00181,CUST93339,"6,964.00",CARD,10-08-2026 10:05,
order_kZSKHxtL2a17q9,pay_XsrFUxJbpiD2aR,INV-2026-00182,CUST11258,"2,294.00",UPI,07-08-2026 08:30,
order_5BMabdXII3Nzpw,pay_X8R6e6ZYylkYlZ,INV-2026-00183,CUST19177,"17,447.00",UPI,05-08-2026 10:58,
order_94QQ70ts455woh,pay_62GJulFHrYQdau,INV-2026-00184,CUST27096,234.00,UPI,04-08-2026 17:48,
order_XEoTdbAUgxWv4F,pay_d9rB0CwrhqaFIF,INV-2026-00185,CUST35015,"38,557.00",UPI,21-08-2026 08:03,
order_AvVyA9Njm6wUt5,pay_90GkoCXH0TwBWG,INV-2026-00186,CUST42934,"1,376.00",UPI,15-08-2026 15:55,
order_s36mkMk32leq8N,pay_o4W5UJjI2CFpw5,INV-2026-00187,CUST50853,"30,789.00",UPI,22-08-2026 22:17,
order_pMr8f4QbCwNHWt,pay_EW7e3oQskbWZ2R,INV-2026-00188,CUST58772,977.00,UPI,13-08-2026 18:29,
order_KNFwbWaoGaQMZ2,pay_UlXVK5f5QrXaf6,INV-2026-00189,CUST66691,"32,322.00",NETBANKING,17-08-2026 07:52,
order_nBRpixuf7KWgPN,pay_ZuqDjpkfcPM4Ka,INV-2026-00190,CUST74610,"18,279.00",UPI,13-08-2026 22:02,
order_qrSDacTQBvCUn2,pay_kYvpduN5ndgMEI,INV-2026-00191,CUST82529,"1,431.00",UPI,19-08-2026 10:10,
order_VTl8cAplZuGUmg,pay_0PN6wlc5bATR1n,INV-2026-00192,CUST90448,308.00,UPI,20-08-2026 07:01,
order_loOsoBuKTttfWj,pay_pQtCjVE72Qgu9i,INV-2026-00193,CUST98367,"39,260.00",UPI,20-08-2026 15:07,
order_7BjczscRykAhvN,pay_O4wsy0aUSMmEGo,INV-2026-00194,CUST16286,"26,382.00",UPI,13-08-2026 21:16,
order_V66t9ubgdvK4Mz,pay_c3K51yHh9yz5yf,INV-2026-00195,CUST24205,"7,199.00",UPI,05-08-2026 21:50,
order_d5fzXedWWfJ3oS,pay_phharTefg7p9fm,INV-2026-00196,CUST32124,"39,425.00",UPI,18-08-2026 12:23,
order_ZVMAQwFpwj5ICZ,pay_zswiJj7bIBRC5s,INV-2026-00197,CUST40043,"41,893.00",CARD,05-08-2026 11:58,
order_sbo2gJE94jMQ15,pay_wlBP4w8hwHOTjd,INV-2026-00198,CUST47962,"33,389.00",UPI,06-08-2026 13:27,
order_vMgfzVkh3fw6oK,pay_hGIvD2LREjNUrA,INV-2026-00199,CUST55881,"5,945.00",CARD,16-08-2026 18:56,
order_3YUH49abILGbgS,pay_s6KJYQ9Sg8Wylh,INV-2026-00200,CUST63800,"39,422.00",UPI,19-08-2026 07:42,
order_sAvKqnYGQW4GpC,pay_b6EuJgDai52AiN,INV-2026-00201,CUST71719,"16,160.00",UPI,08-08-2026 11:24,
order_ktODk8TFETnOYh,pay_9hwbNUSUSFtppI,INV-2026-00202,CUST79638,247.00,UPI,04-08-2026 08:58,
order_hpGSEp108zQQtU,pay_KrLzmv9WHQC8xx,INV-2026-00203,CUST87557,"1,167.00",WALLET,23-08-2026 07:32,
order_1oH4iOAXmot0qd,pay_Nsr0spxyUAc1l9,INV-2026-00204,CUST95476,"3,111.00",UPI,19-08-2026 18:42,
order_HbocBlFYxkJiht,pay_wa3cfhQCOKxPZ1,INV-2026-00205,CUST13395,"6,210.00",NETBANKING,17-08-2026 09:20,
order_QkmAJEXtHnF9Yb,pay_c0p1hn9ZFhPjuJ,INV-2026-00206,CUST21314,"36,753.00",UPI,13-08-2026 18:57,
order_aUazIhzg7WkO2t,pay_6OEXnpMyIKsTUv,INV-2026-00207,CUST29233,"4,937.00",UPI,14-08-2026 09:42,
order_RsxZe3ZdH9uzfa,pay_EtA8FpqE6i1fdP,INV-2026-00208,CUST37152,"3,384.00",UPI,03-08-2026 20:46,
order_DG5NqhHqAI5s3z,pay_EWznRy08FBBduI,INV-2026-00209,CUST45071,"40,136.00",UPI,20-08-2026 10:21,
order_2wm6SxvhGPGHLg,pay_6Xb36gmeVyfZeK,INV-2026-00210,CUST52990,475.00,UPI,05-08-2026 11:11,
order_4c2YhgaU3ZFUi1,pay_Hq9rXydK49QRlP,INV-2026-00211,CUST60909,"1,156.00",NETBANKING,17-08-2026 14:16,
order_TezgTM8MUeA89f,pay_2v0s5ZJlatXnWl,INV-2026-00212,CUST68828,"14,485.00",CARD,04-08-2026 08:53,
order_T1nkY55TncS6DL,pay_1zhJ0ChJeaRcY4,INV-2026-00213,CUST76747,"17,232.00",UPI,15-08-2026 10:54,
order_Hh19YHQytKXeAx,pay_aQj4iIFcnpcOuQ,INV-2026-00214,CUST84666,256.00,UPI,22-08-2026 10:45,
order_LiMKRROmc5IO07,pay_e3wby7dmcMazS5,INV-2026-00215,CUST92585,"2,028.00",WALLET,09-08-2026 13:14,
order_vPbVAu6ys4C3UM,pay_XG3zFOv9ID2LeL,INV-2026-00216,CUST10504,651.00,CARD,12-08-2026 09:08,
order_HbUl1nXToOwU3f,pay_nzK7EPwgZNacoO,INV-2026-00217,CUST18423,"5,901.00",UPI,04-08-2026 09:06,
order_Xz73SLla1lO0G3,pay_sRdx4z4DLoKeX1,INV-2026-00218,CUST26342,"31,113.00",WALLET,19-08-2026 22:47,
order_aQ3uHBcoeP0v7v,pay_gQ8smy4lP8Opif,INV-2026-00219,CUST34261,"20,463.00",UPI,03-08-2026 15:12,
order_GQFvmCgl3RpLpb,pay_FoUlbuNjZqq89k,INV-2026-00220,CUST42180,"6,466.00",UPI,17-08-2026 12:01,
order_2gdEZUJTcLjL2Y,pay_E2USpnss224aVE,INV-2026-00221,CUST50099,526.00,UPI,19-08-2026 13:14,
order_q7ndk9NAnBPYgc,pay_LIaCVExiAOivs4,INV-2026-00222,CUST58018,429.00,UPI,03-08-2026 09:24,
order_KaE2ZDiLbRWffm,pay_z07q4LTVcyHTMf,INV-2026-00223,CUST65937,"3,338.00",CARD,09-08-2026 21:14,
order_G04fJsj9ObZzSS,pay_oZ2Ei7IDO3eXnM,INV-2026-00224,CUST73856,365.00,CARD,05-08-2026 18:39,
order_AwYHrYScQyATwW,pay_zObFc25O30c1UZ,INV-2026-00225,CUST81775,"5,259.00",UPI,03-08-2026 14:01,
order_0NUloop1PdM50g,pay_lVa2svkPiIqHtP,INV-2026-00226,CUST89694,"1,226.00",UPI,10-08-2026 11:16,
order_M6s2oOmU5p8QS4,pay_R1SqOg2c57oGGW,INV-2026-00227,CUST97613,"5,199.00",CARD,18-08-2026 08:05,
order_gRD8CNQYvYfX9I,pay_BVzpU6SsMPXEyu,INV-2026-00228,CUST15532,"31,888.00",WALLET,21-08-2026 14:46,
order_dPR974tbY6eiup,pay_qU2gXNTeNWyPwb,INV-2026-00229,CUST23451,"2,528.00",UPI,19-08-2026 14:25,
order_7mBkVUPX2UTFzu,pay_bnUtoqrGxekX4x,INV-2026-00230,CUST31370,"1,507.00",CARD,21-08-2026 21:56,
order_SlV1ngtOeYGXvY,pay_ntPewKmwWoMHLW,INV-2026-00231,CUST39289,"6,892.00",UPI,05-08-2026 07:04,
order_PHMFZHXV3vBHEf,pay_w0WdsNLnCfBhar,INV-2026-00232,CUST47208,231.00,UPI,21-08-2026 20:38,
order_uNrIhAfhg5xK4W,pay_83ZsyGPocVxsgs,INV-2026-00233,CUST55127,625.00,UPI,22-08-2026 15:18,
order_c51PTE6HuIi6A3,pay_9UBIxvc4RLzixh,INV-2026-00234,CUST63046,"40,834.00",CARD,09-08-2026 15:44,
order_2LXYmXrxhB3jVV,pay_9g0UCNhS97dUFv,INV-2026-00235,CUST70965,"10,665.00",CARD,11-08-2026 09:21,
order_glNCFsGHEBXZtD,pay_apip3efuazqzYf,INV-2026-00236,CUST78884,"1,300.00",CARD,15-08-2026 14:40,
order_ec4vI7sZoFyS8i,pay_nIqcppRWUF2RbP,INV-2026-00237,CUST86803,"15,832.00",UPI,21-08-2026 07:00,
order_LJAuy2dW1KsNOy,pay_41342hTryICj8g,INV-2026-00238,CUST94722,"9,302.00",UPI,22-08-2026 14:33,
order_n27W9nvCczj6NW,pay_kEZgAKygtUJbsT,INV-2026-00239,CUST12641,"5,712.00",CARD,12-08-2026 11:11,
order_cQoVN5euiEnCKp,pay_Pctk1xEZl355ZQ,INV-2026-00240,CUST20560,873.00,WALLET,06-08-2026 22:40,
order_3nk7VDmi9Ll377,pay_ZGjAKjQpZENtGK,INV-2026-00241,CUST28479,"6,033.00",UPI,17-08-2026 08:20,
order_jtWeGz9AnpYU8M,pay_nbV53aRy0Cp279,INV-2026-00242,CUST36398,"1,488.00",CARD,07-08-2026 17:59,
order_zbDUUje4tYEorm,pay_3goKuHYQLuw8xM,INV-2026-00243,CUST44317,"4,060.00",UPI,10-08-2026 14:41,
order_1PbWiuyqMhBFml,pay_VTcLDbvVzmxdEb,INV-2026-00244,CUST52236,"18,696.00",UPI,07-08-2026 22:48,
order_CTFOPqvAqLzR7e,pay_ntaYB97tBimXHu,INV-2026-00245,CUST60155,"17,805.00",NETBANKING,15-08-2026 22:11,
order_8V8vNzmo0tUFiD,pay_2OOC71lks6rHUT,INV-2026-00246,CUST68074,"23,986.00",UPI,19-08-2026 13:03,
order_ShaMcsBAjTDiW3,pay_vkYQS8cJ8Ceu4o,INV-2026-00247,CUST75993,"31,560.00",UPI,14-08-2026 12:35,
order_LSu3kz8M82Cuyw,pay_a9KCwafXFotP1U,INV-2026-00248,CUST83912,646.00,UPI,04-08-2026 21:35,
order_4nVwV1ivSZ5dlu,pay_v4fuuuzTRjxTVz,INV-2026-00249,CUST91831,"4,040.00",UPI,08-08-2026 07:12,
order_7HZ6FAX2ScRpGB,pay_6rkWh1p9OpGSWd,INV-2026-00250,CUST99750,"40,927.00",UPI,17-08-2026 13:26,
order_vCbSe3autnHv8E,pay_el7MjaaL3HKVOo,INV-2026-00251,CUST17669,"7,209.00",UPI,19-08-2026 07:17,
order_8c1ZdAOmDLdf3Z,pay_db83RCptkRnBVj,INV-2026-00252,CUST25588,947.00,UPI,21-08-2026 16:21,
order_sVYlpI7ZEu6Cce,pay_u1GlYTuQc55X3Y,INV-2026-00253,CUST33507,"7,468.00",UPI,06-08-2026 07:20,
order_9cAkmIZ0dATVt3,pay_sE0MjBlclrcZWX,INV-2026-00254,CUST41426,"7,220.00",CARD,19-08-2026 12:59,
order_o5dlkalhd5kgul,pay_QmWuBfPo04i5Xs,INV-2026-00255,CUST49345,"7,067.00",CARD,07-08-2026 16:39,
order_zILN796KRfdZYN,pay_6NsgxuxHeDRrlL,INV-2026-00256,CUST57264,322.00,UPI,11-08-2026 12:38,
order_jG0xzPRjgjykkN,pay_ai4MCt9Fou9XYD,INV-2026-00257,CUST65183,735.00,UPI,09-08-2026 07:01,
order_sj5R0b0HDnvFvv,pay_Aan8oaFR3QNJ6J,INV-2026-00258,CUST73102,452.00,CARD,18-08-2026 14:02,
order_hmdnlhL7RaYs3x,pay_18pgPllIsE8jt2,INV-2026-00259,CUST81021,"5,361.00",UPI,18-08-2026 17:34,
order_00DkLGbA3oAd6N,pay_Uo2kkjMeW3ZDhM,INV-2026-00260,CUST88940,"23,039.00",UPI,05-08-2026 19:22,
order_qpy2zv1cOd68NW,pay_ryQZmNEEGWWf6B,INV-2026-00261,CUST96859,"1,251.00",UPI,18-08-2026 09:43,
order_aMVphdJ0g4Nqem,pay_qFYuJ4cyvDG3DJ,INV-2026-00262,CUST14778,"5,947.00",UPI,13-08-2026 19:43,
order_6fGK1Q1fXtyiOe,pay_jPVWtbIyxgUF1q,INV-2026-00263,CUST22697,"19,013.00",CARD,17-08-2026 07:31,
order_iPWW1otH437arA,pay_pf1LVFMhrpsPv2,INV-2026-00264,CUST30616,"18,298.00",CARD,23-08-2026 22:19,
order_ARcDnCDElRY2ME,pay_NxFcxnxsK41cdH,INV-2026-00265,CUST38535,455.00,UPI,15-08-2026 19:12,
order_imG72N5FlPgleB,pay_rRXjI7DuWShlbC,INV-2026-00266,CUST46454,655.00,UPI,13-08-2026 13:48,
order_8Hs1V9OD7NH0BE,pay_Azg7MaQLeWe9Zs,INV-2026-00267,CUST54373,"4,739.00",WALLET,12-08-2026 16:07,
order_1YLiaGNZQs8y6V,pay_uSFvfoNibgXZ8o,INV-2026-00268,CUST62292,"5,637.00",CARD,23-08-2026 20:46,
order_v3VtzZbD1pE719,pay_SvVG4jORDZEO9p,INV-2026-00269,CUST70211,"2,702.00",UPI,12-08-2026 21:33,
order_ig3t3DS7UugX7Y,pay_56hxdoWom45Wx3,INV-2026-00270,CUST78130,888.00,CARD,19-08-2026 17:29,
order_ZCpmm6CMdwGUdN,pay_aCLlZiS4NB6QuP,INV-2026-00271,CUST86049,"23,395.00",CARD,18-08-2026 10:41,
order_LZg81L1PKXHTuD,pay_SRTqYxpV9xjWC0,INV-2026-00272,CUST93968,"18,168.00",NETBANKING,19-08-2026 13:47,
order_ZYBw4Wg6p9PXqD,pay_NSuo2uqPqmXqp3,INV-2026-00273,CUST11887,"13,619.00",NETBANKING,10-08-2026 15:47,
order_ir9VS5VgHPFMbR,pay_fdoYz47p0IvnKb,INV-2026-00274,CUST19806,"6,588.00",UPI,03-08-2026 09:45,
order_TALampe9GdP9gu,pay_9nO2GCUc82P08U,INV-2026-00275,CUST27725,"32,654.00",UPI,21-08-2026 19:27,
order_lMByhLxFcX0DRM,pay_ulFNWkWlMq2wsD,INV-2026-00276,CUST35644,"12,595.00",UPI,06-08-2026 13:57,
order_uWsbgr08dEEV2p,pay_P3dL5BAzN3P1rR,INV-2026-00277,CUST43563,"1,699.00",CARD,18-08-2026 14:18,
order_a6wAlJ1Rt5iIFK,pay_HT5ZHs3JmHGoLw,INV-2026-00278,CUST51482,158.00,UPI,18-08-2026 14:06,
order_RkgrWSVBRLyZ1Q,pay_5vt6uYO5460UGC,INV-2026-00279,CUST59401,"7,298.00",UPI,18-08-2026 22:24,
order_F9krZX7EUTlx46,pay_lpgsXrUYtriQEY,INV-2026-00280,CUST67320,"9,924.00",UPI,22-08-2026 18:27,5458.00
order_VTc14J8TCgsZpW,pay_bFVF9Ja2tSNtBC,INV-2026-00281,CUST75239,769.00,UPI,12-08-2026 18:44,769.00
order_jic9Dz0Bw6f7EP,pay_N7lm48UewvwaVj,INV-2026-00282,CUST83158,464.00,CARD,19-08-2026 16:34,
order_YEAzy5XyCSH0mK,pay_RIqjf3kp4p7eEE,INV-2026-00283,CUST91077,430.00,UPI,03-08-2026 09:36,
order_KE00RuqTGrdu13,pay_ZKfRnrnrPqZNXv,INV-2026-00284,CUST98996,"7,580.00",UPI,04-08-2026 11:09,
order_pUAuVe9EyDmcvp,pay_DcyRfFtZV4YOQt,INV-2026-00285,CUST16915,"42,325.00",UPI,05-08-2026 19:31,
order_MzF5Tl8aqi3kwL,pay_tYfzx8bj1uNZeF,INV-2026-00286,CUST24834,173.00,NETBANKING,16-08-2026 10:02,
order_NTW3RPJY7WU3zT,pay_1pypFKD0aVyiqg,INV-2026-00287,CUST32753,"1,862.00",UPI,21-08-2026 16:46,
order_x8Eu8A5Ua8jHwN,pay_jhUcdv7EAODoeJ,INV-2026-00288,CUST40672,363.00,UPI,17-08-2026 19:31,
order_xRaE4pD9Zt690N,pay_hDIF1viykIJQZG,INV-2026-00289,CUST48591,"8,100.00",UPI,10-08-2026 12:38,
order_hFKG8d5PzBjWOa,pay_QsLWCX3bI99oWN,INV-2026-00290,CUST56510,"5,879.00",UPI,09-08-2026 15:57,
order_YGS6UDCiLiHd2a,pay_i3Fxc1rIYSJKKC,INV-2026-00291,CUST64429,863.00,UPI,07-08-2026 08:22,
order_vjK8RIx7p2AEUX,pay_KZARSHiYkaKWAS,INV-2026-00292,CUST72348,257.00,CARD,05-08-2026 19:14,
order_LjZOcypy5x2Xp0,pay_CwVk38XkSubuJi,INV-2026-00293,CUST80267,"5,144.00",NETBANKING,20-08-2026 10:25,
order_M9JFSVUEcWEHaM,pay_rWfhukRocXe0PF,INV-2026-00294,CUST88186,"1,032.00",UPI,07-08-2026 21:10,
order_XgYxaLJfG9RzgS,pay_Wf13e5kw728KM7,INV-2026-00295,CUST96105,425.00,UPI,06-08-2026 07:58,
order_xk60v6qLNDxfDH,pay_i4kBIYdJDQUnly,INV-2026-00296,CUST14024,"3,901.00",WALLET,18-08-2026 21:07,
order_p0jkVPc347aW8D,pay_x2Cp7FnCJQiy0O,INV-2026-00297,CUST21943,160.00,UPI,11-08-2026 14:51,
order_Y8JL3g0opaEJ9L,pay_EIo4gsY5RPlVMp,INV-2026-00298,CUST29862,597.00,UPI,17-08-2026 16:32,
order_Ak7CAvr3iL0B57,pay_FL4TVJeBHdmXnv,INV-2026-00299,CUST37781,591.00,CARD,07-08-2026 07:31,
order_bjpKCchJhGjH7E,pay_KDEYAETGh4YcjQ,INV-2026-00300,CUST45700,"19,892.00",UPI,21-08-2026 07:17,
order_NLEmJ4MOWz3LZm,pay_3R7SSB6lpiXAEA,INV-2026-00301,CUST53619,"29,990.00",UPI,16-08-2026 10:44,
order_1VojUeZdAFGgWt,pay_I5DAZEbpNugq2f,INV-2026-00302,CUST61538,"17,775.00",UPI,06-08-2026 21:55,
order_qKDGNiiMSguKyj,pay_pcbuC2nigYWnf6,INV-2026-00303,CUST69457,"1,406.00",UPI,05-08-2026 22:40,
order_qq4m0djDijLp2Y,pay_YnDFrpXBQ2YMz2,INV-2026-00304,CUST77376,"43,779.00",UPI,17-08-2026 09:37,
order_jvIb3H73Hq6o1o,pay_oPgEky5i0KkjV2,INV-2026-00305,CUST85295,"10,236.00",UPI,05-08-2026 22:32,
order_AE2Nh924WbzUDw,pay_mxjnlPymuzwK1K,INV-2026-00306,CUST93214,"2,924.00",NETBANKING,14-08-2026 21:38,
order_vHXBJewrxzMF2u,pay_8vfQ9Fkk7A4szd,INV-2026-00307,CUST11133,"2,883.00",CARD,09-08-2026 09:02,
order_2QewpsMP8GcAFR,pay_opWzEn5zh72TcO,INV-2026-00308,CUST19052,"1,305.00",CARD,21-08-2026 21:47,
order_IViiHv7HmLiSjZ,pay_BTTfsNwR7dx0hp,INV-2026-00309,CUST26971,"7,371.00",UPI,21-08-2026 22:02,
order_wWdqIEoYll1nXE,pay_5IGiZiVK25hl3e,INV-2026-00310,CUST34890,201.00,UPI,03-08-2026 15:20,
order_rN6w4FZt6txF0f,pay_yWhUqFmaKaej6f,INV-2026-00311,CUST42809,"44,019.00",CARD,14-08-2026 17:44,
order_m0EU7W1tSPykPI,pay_cSOfDdanfNtbGX,INV-2026-00312,CUST50728,860.00,CARD,05-08-2026 21:30,
order_oJCej6jjN8f5DC,pay_hFrKON6SiEMXWS,INV-2026-00313,CUST58647,"7,580.00",UPI,03-08-2026 19:23,
order_7AMTfXsKMrAEh3,pay_cBkHKXmkuwISdW,INV-2026-00314,CUST66566,"3,621.00",UPI,07-08-2026 12:08,
order_nevPS2gLfVpMUV,pay_XHiHfNnohtkUJF,INV-2026-00315,CUST74485,776.00,UPI,09-08-2026 10:15,
order_yfGaTeH2hHU3uJ,pay_IlRmesuSF1uv6t,INV-2026-00316,CUST82404,"42,234.00",UPI,04-08-2026 21:57,
order_TFiHGPGblEzzLA,pay_PDM8Afvc65BsjR,INV-2026-00317,CUST90323,"8,073.00",NETBANKING,06-08-2026 11:33,
order_2aC0vE9eJKEQfR,pay_2RhZ0YPDjDMCFq,INV-2026-00318,CUST98242,"43,947.00",UPI,20-08-2026 10:49,
order_RapKbJSkxfCYgA,pay_W05QqSIAVt3uJg,INV-2026-00319,CUST16161,"1,454.00",UPI,03-08-2026 22:13,1454.00
order_LmHbXmdACN3ung,pay_uhWeOWlingD4Rd,INV-2026-00320,CUST24080,740.00,CARD,05-08-2026 21:58,
order_qvdytclqCSNMCk,pay_JmKrZkBe7K7g60,INV-2026-00321,CUST31999,"12,226.00",UPI,19-08-2026 08:05,
order_1hkPMvbFhJFSBG,pay_SZW38WPR9SamES,INV-2026-00322,CUST39918,"5,686.00",UPI,04-08-2026 19:01,
order_nyGGjGoiwExcDq,pay_VgxJmWSHKflMUH,INV-2026-00323,CUST47837,"42,317.00",CARD,19-08-2026 10:59,
order_aJ6ub3CWpvR7ei,pay_6mW0TFHt7uMP7w,INV-2026-00324,CUST55756,"15,923.00",CARD,03-08-2026 09:05,
order_ughLJWoQda8AWz,pay_geWOJc6GsWJTU7,INV-2026-00325,CUST63675,"5,803.00",UPI,20-08-2026 19:12,
order_WkA96vyOLtMG3M,pay_jHvLPLebAO44ay,INV-2026-00326,CUST71594,"3,906.00",CARD,12-08-2026 14:10,
order_zyx9zMC7SjqTjH,pay_96wtArjsZAq1Y7,INV-2026-00327,CUST79513,"7,139.00",CARD,15-08-2026 13:23,
order_DSjo4G3IPkOWOV,pay_C0hWjfZvOJCzQ6,INV-2026-00328,CUST87432,707.00,CARD,15-08-2026 07:58,
order_NQdiIc7L47Ma33,pay_5BsMRam5RqZ3lN,INV-2026-00329,CUST95351,788.00,NETBANKING,19-08-2026 15:03,
order_xFpEnCgITaAMVa,pay_To8x3KFznzpvTP,INV-2026-00330,CUST13270,"32,653.00",UPI,09-08-2026 07:28,
order_8OX97uiLWGkPmW,pay_ySsW6Hlr2jZfZ2,INV-2026-00331,CUST21189,"2,932.00",NETBANKING,10-08-2026 11:53,
order_GIqnS3sRMibkqN,pay_OWBcyWExpXgIn8,INV-2026-00332,CUST29108,"11,416.00",UPI,08-08-2026 20:17,
order_5nDlrSyH2MuJZD,pay_s4uRjF4zXLmPIm,INV-2026-00333,CUST37027,99.00,UPI,11-08-2026 21:21,
order_9e7u8xZQA9rz7Y,pay_cxFcTzRqEpra3a,INV-2026-00334,CUST44946,"16,785.00",UPI,23-08-2026 18:55,
order_BkOcxIrEmMIpnZ,pay_ivMC2GILwHYZ9c,INV-2026-00335,CUST52865,"1,950.00",UPI,18-08-2026 10:39,
order_elJETu36JsiP3u,pay_Ip88DvXbB4d0aK,INV-2026-00336,CUST60784,"37,190.00",UPI,10-08-2026 16:38,
order_Amq67sH0FnxPbm,pay_hNUaePAHR0Vsml,INV-2026-00337,CUST68703,"28,418.00",UPI,16-08-2026 21:04,
order_nW8WtZBDhhkvTr,pay_GTwvIYUPQUnL8e,INV-2026-00338,CUST76622,113.00,CARD,18-08-2026 08:00,
order_Qgl1RS4YaEgCOs,pay_MLckcOUvHrfnlF,INV-2026-00339,CUST84541,"24,971.00",UPI,23-08-2026 12:09,
order_QcG5ccc5UGfioz,pay_f7DmYZt27mdp3B,INV-2026-00340,CUST92460,728.00,UPI,11-08-2026 19:44,
order_x64Crp70HYwnHN,pay_QWwqVqZwQlkMr3,INV-2026-00341,CUST10379,967.00,UPI,21-08-2026 16:16,
order_gvcISBVXXxEoms,pay_PWiWtz2YfY0eDG,INV-2026-00342,CUST18298,"13,060.00",CARD,15-08-2026 20:52,
order_XmZsnU8AWaq5UU,pay_mWsm3bsAwzgckv,INV-2026-00343,CUST26217,"7,231.00",NETBANKING,23-08-2026 13:40,
order_gjJEHr3EuPHF2q,pay_OVz0m4yimt2O80,INV-2026-00344,CUST34136,"4,220.00",CARD,14-08-2026 15:51,
order_BUmtWQTAZ0A0R7,pay_IT1b9frG97NJTP,INV-2026-00345,CUST42055,"25,839.00",UPI,18-08-2026 22:51,
order_Gfco2brf58gxxx,pay_V8mCxoSqhztmG7,INV-2026-00346,CUST49974,"6,488.00",CARD,04-08-2026 22:33,
order_wt5dgheN1Yqpuf,pay_CE4kF1CLxjLYx0,INV-2026-00347,CUST57893,"23,732.00",UPI,12-08-2026 07:08,
order_n6tLkDLOreTXyr,pay_K9QJp5jy8HOFvp,INV-2026-00348,CUST65812,"3,533.00",NETBANKING,14-08-2026 21:04,
order_pVmaS2O7EdNvZC,pay_BGH1AGQecpGGoW,INV-2026-00349,CUST73731,"23,396.00",UPI,22-08-2026 15:45,9124.00
order_7a5wihYdEUkBZt,pay_phPRmLF5vKXDu9,INV-2026-00350,CUST81650,"42,163.00",UPI,22-08-2026 16:25,
order_YqWXtmaGfzo26K,pay_fehKr1Wd8eBDfB,INV-2026-00351,CUST89569,"1,939.00",NETBANKING,06-08-2026 09:53,
order_ffUigX2fOY57a6,pay_iqsb1t4nS0VxWA,INV-2026-00352,CUST97488,483.00,UPI,04-08-2026 09:55,
order_WEj4fL3lL2SPYD,pay_E5QtB3DKDPXm6B,INV-2026-00353,CUST15407,"33,590.00",UPI,10-08-2026 12:44,20154.00
order_fISjTZet9stuTD,pay_8T9M6ma0NElRkM,INV-2026-00354,CUST23326,"3,531.00",CARD,13-08-2026 11:47,
order_uY5mRfTs4SR0yq,pay_GxG0TFTWNXlcgp,INV-2026-00355,CUST31245,"26,762.00",CARD,16-08-2026 18:24,
order_dC7Y7ljK0jCbWj,pay_9FuCGa1R4VMfkd,INV-2026-00356,CUST39164,460.00,UPI,06-08-2026 19:56,
order_1G0YPZve8LCWzH,pay_m1SSyypTxo0xiw,INV-2026-00357,CUST47083,"1,212.00",CARD,11-08-2026 11:01,
order_A1ZzxAgowSD9Yi,pay_RPZumhPhlNXzXD,INV-2026-00358,CUST55002,"2,403.00",NETBANKING,20-08-2026 09:20,
order_4rwRl9oOABNev1,pay_pKejISy1ngOnZc,INV-2026-00359,CUST62921,898.00,NETBANKING,09-08-2026 08:11,
order_Xb0TFkeQCZBKbW,pay_WkrHPWp67LB16q,INV-2026-00360,CUST70840,"1,480.00",NETBANKING,08-08-2026 09:56,
order_TAPdUMtCFOh0AL,pay_n435B7GivroAfs,INV-2026-00361,CUST78759,417.00,UPI,08-08-2026 08:55,
order_WTY3UnpMgFvEKc,pay_eX4W0ksvPGg5EJ,INV-2026-00362,CUST86678,"1,380.00",UPI,22-08-2026 14:03,
order_S3wRYjIvXmNvvp,pay_VoBxXx2RSe2fdb,INV-2026-00363,CUST94597,"1,747.00",CARD,14-08-2026 19:19,
order_Fp7lqTwptZzsul,pay_Sv45eqSGph1h68,INV-2026-00364,CUST12516,"3,126.00",UPI,07-08-2026 16:47,
order_qmk2ifbruqobfl,pay_mTJVV7I9q99btu,INV-2026-00365,CUST20435,"1,519.00",WALLET,17-08-2026 14:17,
order_rrvkfkSIuDmtph,pay_BdmMcr6jekbE6s,INV-2026-00366,CUST28354,"8,968.00",CARD,09-08-2026 19:02,
order_mURa2I267swj7j,pay_2HknPncDlNfhEK,INV-2026-00367,CUST36273,"21,292.00",UPI,07-08-2026 11:13,
order_ofWJXng4ZUFeKa,pay_BVvgylpURitmtI,INV-2026-00368,CUST44192,"7,113.00",UPI,13-08-2026 19:26,
order_balcXuxkqgLaMY,pay_zzqTN1tZDdObcL,INV-2026-00369,CUST52111,"4,661.00",UPI,23-08-2026 17:39,
order_Hz6beqxgsPgdXb,pay_S0uAFkLYEy1Uv0,INV-2026-00370,CUST60030,"4,950.00",CARD,18-08-2026 18:26,
order_uLFps7wsrm7Mwo,pay_WvQdqqqTt75L0A,INV-2026-00371,CUST67949,"9,467.00",UPI,15-08-2026 21:07,
order_nED0WjoRXFy4NP,pay_VVuEG2UD0NqeAh,INV-2026-00372,CUST75868,"19,068.00",CARD,18-08-2026 21:38,
order_E5RWZpsqsEbnum,pay_qifIikKYBUQGIv,INV-2026-00373,CUST83787,"33,837.00",CARD,03-08-2026 16:34,
order_klv29LryJoLVJJ,pay_SPKjQrMVAn3xft,INV-2026-00374,CUST91706,"6,938.00",UPI,19-08-2026 07:33,
order_t3BHWxa9Z4XkgK,pay_FhFGa1wfypE5k9,INV-2026-00375,CUST99625,"3,426.00",UPI,20-08-2026 14:58,
order_sSS7bOMO8Q0lPC,pay_WIUAL9qyQda231,INV-2026-00376,CUST17544,"6,617.00",CARD,06-08-2026 08:20,
order_ThwylMpjnEyIoJ,pay_255Y2gssCwHUvY,INV-2026-00377,CUST25463,"1,970.00",UPI,05-08-2026 18:56,
order_uEYj3XWLgsp0Bf,pay_oheHbFYqhVsiT1,INV-2026-00378,CUST33382,"33,271.00",CARD,21-08-2026 15:50,
order_J0u4mSNgzfAlQN,pay_mQAaZPYevYj2gw,INV-2026-00379,CUST41301,"3,715.00",UPI,18-08-2026 12:04,
order_LNVCOqSBKa3oMD,pay_EqcPd2NfIp6e67,INV-2026-00380,CUST49220,684.00,CARD,08-08-2026 16:58,485.00
order_0JPRNQQ0BMCTQJ,pay_BkCfXKFZXeGBLG,INV-2026-00381,CUST57139,"22,427.00",WALLET,04-08-2026 17:46,
order_KzEk7jiQP4jwoz,pay_v5PC60Gj97RC4i,INV-2026-00382,CUST65058,"18,330.00",NETBANKING,08-08-2026 18:59,
order_uv9IuE69IMIWJb,pay_DQKbK3ISpDyFMX,INV-2026-00383,CUST72977,"7,229.00",CARD,16-08-2026 07:35,
order_EBft0rBoIdUnDG,pay_Ls3Hl5EVkVIs5U,INV-2026-00384,CUST80896,"41,547.00",WALLET,11-08-2026 20:31,
order_8QbwP2EsafzhdU,pay_JNeyQTi264ExN9,INV-2026-00385,CUST88815,"42,746.00",UPI,15-08-2026 13:48,
order_InAO8UWdvphhNN,pay_5XI3B0u8Bxo3s7,INV-2026-00386,CUST96734,"6,503.00",UPI,14-08-2026 11:09,
order_C0avnkaY34PLKS,pay_mJ04a5oj8fwUkF,INV-2026-00387,CUST14653,"41,173.00",UPI,20-08-2026 12:51,
order_rCwHHlIx6NunD9,pay_oKSmzLsHTcf2Ji,INV-2026-00388,CUST22572,"1,025.00",WALLET,22-08-2026 12:59,
order_Etll8uMnpItHul,pay_HVoDTv5MVpEoUb,INV-2026-00389,CUST30491,137.00,UPI,06-08-2026 09:10,
order_KlfxZGqTDSWBMj,pay_cdIjkBT9jv250k,INV-2026-00390,CUST38410,"7,236.00",CARD,08-08-2026 08:12,
order_mRHrECnofLaBRG,pay_DIV4mYDpAETryS,INV-2026-00391,CUST46329,833.00,UPI,05-08-2026 21:08,833.00
order_s32ScP2CyS3zng,pay_XxezWcWVnN52W8,INV-2026-00392,CUST54248,"3,835.00",NETBANKING,21-08-2026 11:59,
order_bWcKIDcDmkYdVm,pay_116m0bh6de0iFP,INV-2026-00393,CUST62167,"6,163.00",UPI,17-08-2026 17:29,
order_9vq6M3kDXkUXzv,pay_JK9hFEqKiPXap3,INV-2026-00394,CUST70086,"7,199.00",CARD,10-08-2026 07:19,
order_318tBTsA6HZ8im,pay_G6bagBvmvDyFd8,INV-2026-00395,CUST78005,"7,856.00",UPI,08-08-2026 21:53,
order_3D9B8slxm2Dw2x,pay_jqK5kKgoqGvMDX,INV-2026-00396,CUST85924,"30,549.00",UPI,17-08-2026 08:01,
order_fhzTSaVl584mag,pay_itgReJDqX3qn9e,INV-2026-00397,CUST93843,285.00,UPI,04-08-2026 21:02,
order_pwFYmTvpq8hrYs,pay_e0Rr5FlHozKhlQ,INV-2026-00398,CUST11762,"1,032.00",UPI,14-08-2026 11:51,
order_KimU9ls7oF3Y2W,pay_Detc8UTH3oZmuA,INV-2026-00399,CUST19681,"1,267.00",UPI,18-08-2026 17:52,
order_KWi4O4fUTD6GbK,pay_uJ2H7vLFsxSXvR,INV-2026-00400,CUST27600,"30,265.00",UPI,19-08-2026 18:03,
order_OBEA09HbdJxdUE,pay_HNexeiEfgaExJz,INV-2026-00401,CUST35519,"27,535.00",CARD,04-08-2026 19:09,
order_lfnTujTeJGnMAk,pay_uaBSfAqZzrMlke,INV-2026-00402,CUST43438,"32,659.00",UPI,23-08-2026 19:12,
order_vIsfCWLiXF22ev,pay_2o5UvPWQBbgb4b,INV-2026-00403,CUST51357,"5,388.00",CARD,10-08-2026 15:42,
order_akPmtHcJVODmUW,pay_hqH582NJlbUWDL,INV-2026-00404,CUST59276,"29,834.00",CARD,14-08-2026 13:44,
order_2v99Pk4Hvtx9Yy,pay_8ErA3cB5NBkkFv,INV-2026-00405,CUST67195,"12,633.00",UPI,18-08-2026 18:18,4674.00
order_9klchlOyMMKDMj,pay_aluJvkeT0DkQym,INV-2026-00406,CUST75114,678.00,UPI,10-08-2026 09:57,
order_mcJw9Pn1L2yAQZ,pay_4q5gbcab2A21C0,INV-2026-00407,CUST83033,562.00,CARD,22-08-2026 21:13,
order_xNekRYAc4qexYV,pay_Yl3hJhOhHw0yuX,INV-2026-00408,CUST90952,"1,540.00",UPI,03-08-2026 22:52,
order_aADbHXdhHGswIl,pay_ZaSmEmQeB5Jx0w,INV-2026-00409,CUST98871,"37,636.00",UPI,03-08-2026 10:32,
order_r61j1ve3T5XL0I,pay_JNZ42BbWSUC6th,INV-2026-00410,CUST16790,"3,759.00",UPI,05-08-2026 12:40,
order_jeA81tmPzc6VoM,pay_bwhS7sjMglJURJ,INV-2026-00411,CUST24709,"1,360.00",CARD,05-08-2026 07:29,
order_a2DGrqttfcBcdo,pay_Dv4BaQ6SywKGL7,INV-2026-00412,CUST32628,"4,353.00",NETBANKING,20-08-2026 21:47,
order_V3Bfp7xi6m1mqN,pay_kBeHQoFkv2P2Zv,INV-2026-00413,CUST40547,"11,422.00",CARD,15-08-2026 22:46,
order_y29kAyQZdvYoAi,pay_u5To9Ik7zEVo9d,INV-2026-00414,CUST48466,"7,979.00",UPI,03-08-2026 15:36,
order_HZap1JEuHp3nNm,pay_TCS0wg5EeUkTBN,INV-2026-00415,CUST56385,"1,074.00",CARD,14-08-2026 08:26,
order_EtraausfvjAlay,pay_3guSvIJa88frzi,INV-2026-00416,CUST64304,"3,510.00",UPI,09-08-2026 12:49,
order_XjwNb7YOZC6uW7,pay_9EKcJo85SVYL5h,INV-2026-00417,CUST72223,"42,929.00",CARD,07-08-2026 14:38,
order_OMekp6qGsOjWaJ,pay_b1bnkfT1OsrCiK,INV-2026-00418,CUST80142,"8,953.00",CARD,05-08-2026 15:07,
order_UBALVkuhfD9Av4,pay_a2SGg1JUTh3Ii7,INV-2026-00419,CUST88061,"3,379.00",UPI,16-08-2026 19:28,
order_nCMne8iDigp7HS,pay_WgApUqnTLKXqsc,INV-2026-00420,CUST95980,"36,690.00",NETBANKING,05-08-2026 15:07,
order_sFHSuhpz7j9BTg,pay_h9wHTH6WDuE4Rz,INV-2026-00421,CUST13899,"1,489.00",UPI,22-08-2026 09:24,
order_MYxaN5JrK2R2f3,pay_SHkF9PF9LBzcGr,INV-2026-00422,CUST21818,"1,178.00",UPI,07-08-2026 16:10,
order_nvU1pf23nNmpil,pay_OePVeVIAZrYiAD,INV-2026-00423,CUST29737,"1,300.00",CARD,03-08-2026 08:12,
order_npPlwCQdSLvpoC,pay_QCUqhzna4RCWAN,INV-2026-00424,CUST37656,969.00,CARD,12-08-2026 10:29,
order_MAUAj2QcFOshHH,pay_9oicviAdNZ28R6,INV-2026-00425,CUST45575,"1,363.00",UPI,11-08-2026 16:18,
order_VVFJzSvsRlPWJ2,pay_QtzqzXkBSxTybv,INV-2026-00426,CUST53494,"4,909.00",CARD,10-08-2026 12:28,
order_mZWkK3UaVztvXD,pay_ZPx8EM5dCtHu3R,INV-2026-00427,CUST61413,"1,647.00",UPI,04-08-2026 07:09,
order_jBh71giZagLA2a,pay_s9Cu32saMmfVwW,INV-2026-00428,CUST69332,"41,856.00",UPI,14-08-2026 11:37,
order_vkjgn5mvfA7k1D,pay_UV1aCvJv23wXy1,INV-2026-00429,CUST77251,"40,197.00",WALLET,16-08-2026 17:51,
order_snpnNa3iVeJW2m,pay_nkz5HmpOoirWav,INV-2026-00430,CUST85170,"6,691.00",UPI,05-08-2026 12:59,
order_5AcIj1onehd2Ud,pay_DKP5s3QKA48mtO,INV-2026-00431,CUST93089,"7,325.00",NETBANKING,20-08-2026 19:50,7325.00
order_IxauA1B7jLZ6Nd,pay_5ZuSp4bpqATIhP,INV-2026-00432,CUST11008,"9,391.00",UPI,09-08-2026 08:14,
order_frROEtS0veilJR,pay_NoDJuh2VHbH3Zd,INV-2026-00433,CUST18927,"10,295.00",CARD,23-08-2026 08:01,
order_a3fuDGyTCwdQbD,pay_lSwJ3jTKJWsusM,INV-2026-00434,CUST26846,"33,831.00",UPI,06-08-2026 15:01,
order_OigAGDJXdLnPjj,pay_nyZHijoYfFi1eB,INV-2026-00435,CUST34765,"2,522.00",UPI,17-08-2026 18:14,
order_wiedYUoAeuxxVE,pay_5DUxS4hxrvG9Mn,INV-2026-00436,CUST42684,"5,387.00",UPI,22-08-2026 13:27,
order_QsiM9Dmphz2gz1,pay_d7gH4AO0FqBXMU,INV-2026-00437,CUST50603,"1,274.00",UPI,04-08-2026 17:56,
order_AVIJK3pBIvIqV6,pay_lxTfcKloW9HVbi,INV-2026-00438,CUST58522,"2,484.00",UPI,05-08-2026 09:30,
order_2vtex5IcY2wHCm,pay_5ozQusedD9rTdN,INV-2026-00439,CUST66441,467.00,UPI,05-08-2026 13:17,467.00
order_8rTjcfJQT9616o,pay_zg5741XUJrw6PO,INV-2026-00440,CUST74360,339.00,CARD,23-08-2026 16:46,
order_DZgvkr5YZw6U9z,pay_lpNHYBua1tJN3x,INV-2026-00441,CUST82279,"5,933.00",UPI,21-08-2026 15:35,
order_SzbFsSflBnYdQF,pay_yDXshQtnyBQORT,INV-2026-00442,CUST90198,"2,303.00",UPI,05-08-2026 21:56,1681.00
order_hOSXdCRuI5Ygu8,pay_of4J1EQuY6TtH9,INV-2026-00443,CUST98117,"2,611.00",CARD,22-08-2026 21:39,
order_ZwE9GrNiavipTn,pay_RnwwNg1CEoPBeT,INV-2026-00444,CUST16036,"41,089.00",UPI,19-08-2026 21:40,
order_a5iVLhraRKFENa,pay_xj4bvzf7li7urI,INV-2026-00445,CUST23955,"3,665.00",CARD,05-08-2026 13:13,
order_ShL1uULCrHihIR,pay_HWzmXncD7EAJgc,INV-2026-00446,CUST31874,"7,698.00",UPI,22-08-2026 07:16,
order_DBdlwtfiyKvTHb,pay_Ij3nO92hy3puWR,INV-2026-00447,CUST39793,"5,663.00",UPI,16-08-2026 17:19,
order_ZBlPv5p726o1uW,pay_h4scTuOnvYnstR,INV-2026-00448,CUST47712,"8,956.00",UPI,13-08-2026 19:05,
order_6UinvCH9n820HG,pay_JXkQaxgNSXh4EA,INV-2026-00449,CUST55631,817.00,UPI,15-08-2026 16:05,
order_WX0PsPrPl82oqQ,pay_uDePC22yAGmEnP,INV-2026-00450,CUST63550,"31,521.00",UPI,19-08-2026 20:58,
order_cl4Ss9ShgFB2Od,pay_aPrAGNJSdnLe8M,INV-2026-00451,CUST71469,"14,062.00",UPI,03-08-2026 18:11,
order_ay2QrHyP7vB9vC,pay_gHfSVox3VHIZak,INV-2026-00452,CUST79388,"18,665.00",UPI,17-08-2026 21:27,
order_gCOPlyBgBUC2eA,pay_x6vnSUulMpAPpv,INV-2026-00453,CUST87307,246.00,UPI,03-08-2026 16:33,
order_DQfUBv7ChNYs3W,pay_MtTZWYAfwUMkJP,INV-2026-00454,CUST95226,556.00,UPI,04-08-2026 20:58,
order_ug94NMQTm67xiG,pay_1dCP09Lxu0HGUk,INV-2026-00455,CUST13145,"3,673.00",UPI,22-08-2026 22:18,
order_mmGQLenlewhu2P,pay_fZzvWsIixJSi0F,INV-2026-00456,CUST21064,996.00,WALLET,18-08-2026 10:06,
order_f7angnOXy5SzHE,pay_kU9qItCEGpgjb7,INV-2026-00457,CUST28983,825.00,NETBANKING,07-08-2026 11:11,
order_DHzLzBEGyNhmOS,pay_yipV15TUsWX3p8,INV-2026-00458,CUST36902,"27,904.00",NETBANKING,20-08-2026 18:44,
order_z3Ek8yqwlMdBot,pay_vXF2es4chf6Gk9,INV-2026-00459,CUST44821,"36,683.00",NETBANKING,06-08-2026 17:22,
order_JqhEdJPRxv8KdF,pay_0NybaO8Ld142Mh,INV-2026-00460,CUST52740,"21,208.00",UPI,18-08-2026 13:00,
order_dnJb2JsVePhtkX,pay_YwTrTQ6dk1vKNr,INV-2026-00461,CUST60659,"19,536.00",UPI,06-08-2026 19:43,
order_DBduxEphS2vUmq,pay_dfKNgVJwPdu0L3,INV-2026-00462,CUST68578,"2,015.00",UPI,06-08-2026 20:11,
order_8Vzyhe4AVTikxw,pay_hscMut6WLwXMK0,INV-2026-00463,CUST76497,"20,221.00",NETBANKING,18-08-2026 15:04,
order_q0KzF8ndrJnRwG,pay_hZU9CbCyz66v05,INV-2026-00464,CUST84416,"5,441.00",UPI,20-08-2026 10:30,
order_EkbFbxzebkcfuP,pay_kTQe2GWUKE3Cx9,INV-2026-00465,CUST92335,856.00,WALLET,04-08-2026 09:03,
order_28486zOLXSA9bx,pay_Wk3b6WJvpeLDeF,INV-2026-00466,CUST10254,969.00,UPI,05-08-2026 19:29,
order_61FHo8aHA4yPCW,pay_zG9MhZphskrBRK,INV-2026-00467,CUST18173,"27,067.00",CARD,04-08-2026 20:08,27067.00
order_35xBDcxYlQOIxY,pay_lDVcw836NiDOxo,INV-2026-00468,CUST26092,205.00,UPI,21-08-2026 22:19,
order_Qx9Ksb5jxngCVp,pay_CFzgJCGqqxWjcb,INV-2026-00469,CUST34011,516.00,UPI,13-08-2026 13:35,
order_0GJF7rVCW3UqVc,pay_rKSRJUJL7iCtuQ,INV-2026-00470,CUST41930,"23,542.00",UPI,09-08-2026 07:08,23542.00
order_ggiZ4wSbtAYy0g,pay_xiXMwg4sOxZcDt,INV-2026-00471,CUST49849,540.00,NETBANKING,09-08-2026 13:18,
order_J948M1S6NLFy69,pay_Gvx4LKxW0RaK1G,INV-2026-00472,CUST57768,"6,967.00",UPI,20-08-2026 19:26,6967.00
order_CyPfs2NoBc0DUs,pay_ln6H6A7l41p3OF,INV-2026-00473,CUST65687,796.00,CARD,20-08-2026 20:48,
order_lD15lpN5VdXJcf,pay_SMuSiIibk5WJYo,INV-2026-00474,CUST73606,"2,484.00",UPI,22-08-2026 15:38,
order_MVpU0pPnW0pWFk,pay_tYk56cev66jU5e,INV-2026-00475,CUST81525,"32,789.00",UPI,07-08-2026 10:13,
order_HE21hX4UX2lvwc,pay_A2JylDJk44KPP5,INV-2026-00476,CUST89444,"6,732.00",UPI,22-08-2026 08:19,
order_qsW9B6WapdEbta,pay_r1OcnA5PAqi0Hf,INV-2026-00477,CUST97363,478.00,CARD,03-08-2026 15:58,
order_zcY5PuGXCEDfgf,pay_WGjt3KNOMFWfRR,INV-2026-00478,CUST15282,501.00,UPI,19-08-2026 14:48,
order_BohCdsOCFKq4MZ,pay_WjtfoS6Ka4N5YK,INV-2026-00479,CUST23201,405.00,CARD,18-08-2026 14:43,
order_tao52x5e5FSnAb,pay_nOBcOW7vtQnLhS,INV-2026-00480,CUST31120,"3,705.00",UPI,20-08-2026 19:30,2704.00
order_sNcqGR2iBzsjN6,pay_v16Zildiv265CW,INV-2026-00481,CUST39039,754.00,NETBANKING,21-08-2026 14:16,
order_p4fIXfKg0HMrGH,pay_y8XOTlEScPfCq0,INV-2026-00482,CUST46958,"1,118.00",UPI,13-08-2026 11:58,
order_uM1ECnRP9IN9RU,pay_aXsBLNawwAIKLw,INV-2026-00483,CUST54877,"25,454.00",UPI,19-08-2026 22:40,
order_1PbNTwQRzxQDrq,pay_XXGyUtIXG5V1hO,INV-2026-00484,CUST62796,"1,036.00",WALLET,07-08-2026 20:58,
order_WQ3lnrJ9qGqEWQ,pay_2iaArY5HVYFKlZ,INV-2026-00485,CUST70715,618.00,UPI,15-08-2026 21:03,
order_0Q48M6EMPD9CdO,pay_MgKnkRFCfYZhHS,INV-2026-00486,CUST78634,"44,267.00",UPI,08-08-2026 10:28,
order_g0ikOotxWNvq91,pay_PRPAZSQLIsMyPK,INV-2026-00487,CUST86553,430.00,UPI,12-08-2026 12:25,
order_7T5gbXsccrw0iN,pay_Mw1AphJtIfhFd0,INV-2026-00488,CUST94472,"1,537.00",UPI,05-08-2026 10:14,
order_1V3e97Pu75v2Tm,pay_51HD5QPzXbDtOg,INV-2026-00489,CUST12391,"30,233.00",NETBANKING,20-08-2026 20:26,
order_8nGs9jVPjjUpnj,pay_TPOLClYtBUvE8u,INV-2026-00490,CUST20310,"1,393.00",UPI,18-08-2026 14:36,
order_EePSOR5ozB0wZW,pay_ANJl0oUYYtM7Zw,INV-2026-00491,CUST28229,"33,779.00",CARD,15-08-2026 09:28,
order_eoROTOh7TJuAl2,pay_P0gEA6zdp3avSQ,INV-2026-00492,CUST36148,204.00,UPI,03-08-2026 11:22,
order_mZlYpgw6RbTugF,pay_oejD1p0MdsU68w,INV-2026-00493,CUST44067,"10,553.00",UPI,03-08-2026 13:05,
order_vL8mFkkhyMO6E5,pay_pwBrbBJ3Rk51VY,INV-2026-00494,CUST51986,786.00,CARD,09-08-2026 13:12,
order_jDP8hwMnsKkfGE,pay_kjOFtvTOi8RgRh,INV-2026-00495,CUST59905,"20,660.00",UPI,14-08-2026 19:48,
order_c39shvTwuoUOaM,pay_5cMAPoT2y1xjbO,INV-2026-00496,CUST67824,"2,393.00",NETBANKING,10-08-2026 13:54,
order_0exCnH52OiosD4,pay_xOD3d8tVBQUQjU,INV-2026-00497,CUST75743,"10,302.00",UPI,03-08-2026 08:08,
order_Pwgm51j94toAKo,pay_EQROAMuu9STVEw,INV-2026-00498,CUST83662,"44,085.00",CARD,12-08-2026 12:04,
order_ZhjTPGdDOeoaDD,pay_I4r31erH0eFpmp,INV-2026-00499,CUST91581,"26,169.00",UPI,22-08-2026 08:27,
order_ERk3eGBtwxZ7wd,pay_aa66uA1UKNRuwv,INV-2026-00500,CUST99500,"5,796.00",UPI,13-08-2026 17:24,
order_0ESqvEV7Kle6Mf,pay_Ld0HSlsaf5cMVB,INV-2026-00501,CUST17419,"1,026.00",WALLET,10-08-2026 12:25,
order_XvuzwblxNyIyII,pay_i4YNI6pq9B1YCB,INV-2026-00502,CUST25338,"16,779.00",CARD,06-08-2026 11:16,
order_kJG3kbMFOCHvY4,pay_ixN6A2ue99azZb,INV-2026-00503,CUST33257,"3,443.00",CARD,20-08-2026 11:40,
order_9BFkTJCHOlkvrF,pay_C5KTkEvxxGCM4R,INV-2026-00504,CUST41176,"18,673.00",UPI,07-08-2026 19:58,
order_2VtreE2MTtB60D,pay_1eLJHHXj4dPA8l,INV-2026-00505,CUST49095,"1,295.00",NETBANKING,13-08-2026 15:24,
order_Kcs4uwJaYycYTn,pay_eKS7vgOevVRLEh,INV-2026-00506,CUST57014,"2,602.00",UPI,13-08-2026 16:04,
order_1fV7CrtOrDJD9f,pay_APo1CpTGoMBRVJ,INV-2026-00507,CUST64933,"2,117.00",UPI,04-08-2026 15:34,
order_fHuljHnNXIoK6R,pay_r5oe6CJfqISsa0,INV-2026-00508,CUST72852,436.00,CARD,20-08-2026 19:20,
order_kdTxiXc5EOHtbx,pay_G3nFetqmD2SYdJ,INV-2026-00509,CUST80771,176.00,WALLET,03-08-2026 12:26,
order_rRpic90n5vW1wX,pay_6kisUEDmJ0O89j,INV-2026-00510,CUST88690,"6,305.00",UPI,04-08-2026 11:06,
order_FfhGPBY12wjlGC,pay_2nqPyX97XC6G4M,INV-2026-00511,CUST96609,390.00,CARD,15-08-2026 08:49,
order_8QuzB0x0wfNZ55,pay_zGD41bqg3IBiUx,INV-2026-00512,CUST14528,"3,548.00",CARD,16-08-2026 18:14,
order_4JzQTaQusdfNAr,pay_QbZFWuDiPQSQao,INV-2026-00513,CUST22447,"3,533.00",UPI,09-08-2026 15:57,
order_Hxp2LQtH68N9QX,pay_S8EEQvs2n5430c,INV-2026-00514,CUST30366,"34,787.00",NETBANKING,14-08-2026 17:28,
order_O22w9M5lvCiPBT,pay_waIjd7diMGc8sb,INV-2026-00515,CUST38285,"8,378.00",UPI,22-08-2026 19:32,
order_vn2WOMrxJkD9Fa,pay_E6oP48hQMLjo0g,INV-2026-00516,CUST46204,"42,854.00",UPI,10-08-2026 13:03,10713.00
order_kThVRjSIi3RE1s,pay_j2PMy0LqmGLUXc,INV-2026-00517,CUST54123,395.00,UPI,07-08-2026 12:18,
order_kPXtafzhuioLSa,pay_vDmUJ6iTqIxV2W,INV-2026-00518,CUST62042,"28,918.00",UPI,20-08-2026 13:37,
order_puZrHlsOXA2Ax8,pay_MzQy9J80ukPfzc,INV-2026-00519,CUST69961,"6,891.00",CARD,18-08-2026 07:35,
order_jHQxqwYSzQNgJq,pay_HNBawsEHByeXTf,INV-2026-00520,CUST77880,842.00,UPI,16-08-2026 14:38,
order_jYOm8OJPWqaUF8,pay_J8WfscYSBXJIUw,INV-2026-00521,CUST85799,"34,945.00",UPI,23-08-2026 08:19,
order_4dD3Vgo3XWOuFx,pay_k3W4GtoPYjDOO1,INV-2026-00522,CUST93718,"21,257.00",UPI,08-08-2026 11:24,
order_YgsSrgg5LASP11,pay_nIkmXgWdL8Sa6a,INV-2026-00523,CUST11637,"1,321.00",UPI,07-08-2026 07:20,898.00
order_mNYI1Z0LPEHFS4,pay_picYzSNy1h2w7b,INV-2026-00524,CUST19556,363.00,UPI,21-08-2026 18:35,
order_fPnGCJAth9xgXo,pay_EZsXxentJfb1jK,INV-2026-00525,CUST27475,"1,296.00",UPI,17-08-2026 15:55,
order_tTsZ3d1sjim6TO,pay_547oVIS7sPxZpc,INV-2026-00526,CUST35394,"4,081.00",NETBANKING,19-08-2026 14:04,
order_rEPB2LUfm4gODb,pay_gT5TcE2QmkSzMP,INV-2026-00527,CUST43313,"7,640.00",WALLET,21-08-2026 18:01,
order_B28FWb6u3TuFzT,pay_fViqkMFyfiTAF2,INV-2026-00528,CUST51232,"6,354.00",NETBANKING,11-08-2026 16:01,
order_YaLxTRA3wtXZBB,pay_DY64V7gZuA0qqm,INV-2026-00529,CUST59151,504.00,CARD,13-08-2026 21:00,
order_z9Pv0EPS9S7kfo,pay_XD2Gm7FOacC9bt,INV-2026-00530,CUST67070,"6,537.00",UPI,20-08-2026 11:30,
order_xxJyekzUk8MJ4e,pay_WrBaZTDmK1J4GO,INV-2026-00531,CUST74989,632.00,UPI,17-08-2026 20:17,183.00
order_1EojCBrBgfB7Xi,pay_vdCtbodhgKUIVE,INV-2026-00532,CUST82908,"5,777.00",UPI,05-08-2026 14:47,
order_Gx9VuGEKlBlSm9,pay_eZKS089xhQNJcE,INV-2026-00533,CUST90827,"29,103.00",UPI,17-08-2026 19:27,
order_KzGx5NRFXlg18B,pay_3FGcWozFaoy8ot,INV-2026-00534,CUST98746,"7,712.00",CARD,18-08-2026 19:19,
order_tX5BQvH42Ydixc,pay_eTMmmF749qs8m4,INV-2026-00535,CUST16665,"5,279.00",NETBANKING,21-08-2026 22:22,
order_tKKuAFheW4pwaK,pay_WpL0wMiKD9V6Pj,INV-2026-00536,CUST24584,497.00,UPI,11-08-2026 07:09,
order_iexkqiUThRi5lZ,pay_ML2R4hvHbth059,INV-2026-00537,CUST32503,"6,483.00",NETBANKING,23-08-2026 11:36,
order_892OpZiG6uTRDY,pay_2eATqQy593Hz0Y,INV-2026-00538,CUST40422,872.00,NETBANKING,07-08-2026 08:02,
order_QYq8mGn1hOJkCT,pay_wyJ2ohePKrFO57,INV-2026-00539,CUST48341,"9,493.00",CARD,22-08-2026 13:33,
order_CRbut3T8MR7nLH,pay_NcSYw348AZYUJF,INV-2026-00540,CUST56260,"2,383.00",CARD,11-08-2026 15:12,
order_AolWqzcguAbOQO,pay_BwCgA4oygkVUoq,INV-2026-00541,CUST64179,"1,141.00",UPI,03-08-2026 18:00,
order_Q29AQLg4TvVGvs,pay_EbwEkrULIFUGg4,INV-2026-00542,CUST72098,"5,328.00",CARD,08-08-2026 11:21,
order_1C48c07GOXbaxe,pay_eQHpuyrxpu8CZ6,INV-2026-00543,CUST80017,743.00,NETBANKING,18-08-2026 17:29,
order_A7LgjMjDrPPoUS,pay_rcRDPekJJAVtwW,INV-2026-00544,CUST87936,"29,310.00",NETBANKING,11-08-2026 10:49,
order_zVYkLOooTTEwFD,pay_XAKvypk0xWpwcs,INV-2026-00545,CUST95855,"3,446.00",UPI,13-08-2026 18:37,
order_WFUV1upFOhpCtt,pay_PLrVtAzSqtPTY2,INV-2026-00546,CUST13774,911.00,UPI,19-08-2026 11:55,
order_nhp3TSk8lxFw73,pay_ZRwGed3Ka87LA8,INV-2026-00547,CUST21693,"11,971.00",UPI,12-08-2026 15:37,
order_fk2FS5M7MSimKF,pay_Hd08mUuhpa4VSe,INV-2026-00548,CUST29612,"10,390.00",NETBANKING,22-08-2026 19:15,
order_dEh3YqrX0sjs3F,pay_N26KavF58GlFrN,INV-2026-00549,CUST37531,"2,933.00",UPI,20-08-2026 16:19,
order_tdvuYnzmL1hIhj,pay_QGm36hkrAuvCAB,INV-2026-00550,CUST45450,"1,225.00",CARD,20-08-2026 10:50,
order_EyxNbO493kTHU4,pay_0gkfy3WVwyPces,INV-2026-00551,CUST53369,"8,891.00",UPI,05-08-2026 13:26,
order_z1FPBtRLi2Uy80,pay_AnmbIRfuVp0rpM,INV-2026-00552,CUST61288,"6,008.00",UPI,21-08-2026 17:02,
order_aFbxYCbfKFOGQK,pay_eMd8aIkZMEAFBf,INV-2026-00553,CUST69207,644.00,UPI,11-08-2026 12:22,
order_F5B43Dyb004wYg,pay_tqeYIReTNIJT4G,INV-2026-00554,CUST77126,873.00,CARD,12-08-2026 17:46,646.00
order_ZE9fmNpgMGQyDl,pay_cNTEIDNUSMGco1,INV-2026-00555,CUST85045,"5,076.00",CARD,14-08-2026 18:17,
order_JoWkSJohVGWMzB,pay_TRGSgJ0JZdA7gE,INV-2026-00556,CUST92964,"1,073.00",UPI,03-08-2026 16:09,
order_xbCIbLhOhJiCc3,pay_ARClrdpommWwu6,INV-2026-00557,CUST10883,528.00,CARD,09-08-2026 22:52,
order_VwAsVTrF4CgLC3,pay_0DglF3Ac3375s9,INV-2026-00558,CUST18802,"3,358.00",NETBANKING,10-08-2026 19:17,
order_RhAo43zjjqtW1e,pay_Kdgn4NkmivoN0N,INV-2026-00559,CUST26721,"7,354.00",UPI,08-08-2026 12:33,
order_9NAzL1HmAurIiS,pay_4QTFBPIcWgxTa2,INV-2026-00560,CUST34640,"19,760.00",UPI,06-08-2026 15:07,
order_MWYVr2yzkxCInc,pay_IKm5Yl8hE7R8Kt,INV-2026-00561,CUST42559,"1,236.00",UPI,14-08-2026 19:32,
order_trByihZ282yZeZ,pay_94i1TOBjAvSf6N,INV-2026-00562,CUST50478,438.00,UPI,23-08-2026 13:32,
order_kfPFeKy4PnQH7X,pay_FMptdSM31K4XFc,INV-2026-00563,CUST58397,400.00,CARD,11-08-2026 14:51,
order_mfj8frSmcHlZv7,pay_X9QcEvfLYiPYOb,INV-2026-00564,CUST66316,"38,299.00",UPI,16-08-2026 16:34,
order_OHeZa2tvI2bFHx,pay_j8FovFNxupC29S,INV-2026-00565,CUST74235,561.00,UPI,08-08-2026 10:09,
order_pYEP3gMtIJAn9e,pay_4XcDydscZoSxeB,INV-2026-00566,CUST82154,"9,370.00",NETBANKING,12-08-2026 08:29,
order_cct2SniCcwTOtq,pay_hhYo9L54nnfIo7,INV-2026-00567,CUST90073,473.00,CARD,14-08-2026 10:19,
order_ECxgI0t4sDlQgq,pay_6V4lvFHbmcYrup,INV-2026-00568,CUST97992,"29,274.00",CARD,08-08-2026 21:13,
order_5rlLXgHGYWtB3y,pay_OIrcWdiZEe1nlF,INV-2026-00569,CUST15911,578.00,UPI,07-08-2026 20:33,375.00
order_k1fSgW1XC0II2S,pay_nD3Z9h3cUrCP5V,INV-2026-00570,CUST23830,428.00,WALLET,10-08-2026 11:34,
order_W8VU8ZWHUY3jmi,pay_S1Snx0i70Uh9fy,INV-2026-00571,CUST31749,"1,886.00",UPI,10-08-2026 14:27,
order_yFTNI9U3pnfTR1,pay_3sAiBsalaM7Kyn,INV-2026-00572,CUST39668,"30,621.00",NETBANKING,07-08-2026 21:32,
order_LjmsiA1naAvkNW,pay_yyVp94tIaPVtC9,INV-2026-00573,CUST47587,490.00,CARD,17-08-2026 19:55,490.00
order_AvO6wEEd47dgb6,pay_MVUls8nALqHBkT,INV-2026-00574,CUST55506,"1,310.00",UPI,20-08-2026 12:18,
order_SL7AN28rx6VYMi,pay_ZYPX1AhcmAEzDJ,INV-2026-00575,CUST63425,"14,696.00",NETBANKING,19-08-2026 22:17,
order_E1CM1F16zybf0b,pay_gqP7THnH0G3rFk,INV-2026-00576,CUST71344,"1,440.00",WALLET,13-08-2026 17:47,
order_2TNLargX96A4si,pay_sVb2mSM8ysAwrX,INV-2026-00577,CUST79263,"5,319.00",UPI,17-08-2026 15:50,
order_DNImmJAjFMPfM7,pay_gWTiFwC51KTmMJ,INV-2026-00578,CUST87182,306.00,UPI,13-08-2026 20:19,
order_gXQWuJRyUQfSmJ,pay_snWS1g3BLKkHAA,INV-2026-00579,CUST95101,"2,050.00",CARD,17-08-2026 10:02,
order_mgvoO2ofIyh295,pay_D0HVKavxKo1Sdc,INV-2026-00580,CUST13020,"5,340.00",UPI,14-08-2026 07:04,
order_1Rf5MxXpnMwHXk,pay_0vmZQy1tZslI5z,INV-2026-00581,CUST20939,"1,733.00",UPI,10-08-2026 16:29,
order_v1H45jEVI4P0fj,pay_aQnPeVVf1KXxOX,INV-2026-00582,CUST28858,"6,344.00",CARD,10-08-2026 09:55,
order_gVoBPVRfdevjKE,pay_sc6i5ioSpGBq6S,INV-2026-00583,CUST36777,"31,343.00",CARD,12-08-2026 14:59,
order_4HfadDQaGr0BlR,pay_DSC9CJB4AWCDy6,INV-2026-00584,CUST44696,"44,225.00",CARD,06-08-2026 07:44,
order_2YaGA42zCyhPmH,pay_ihwAJsyY6vmSaG,INV-2026-00585,CUST52615,"4,254.00",UPI,15-08-2026 17:55,
order_i0IHKL6Vep7nfx,pay_eSkiZzA5e9br6w,INV-2026-00586,CUST60534,"1,083.00",WALLET,05-08-2026 15:09,
order_BgAZ1aduoTphF5,pay_N2UdujwWffxw0g,INV-2026-00587,CUST68453,"4,233.00",CARD,13-08-2026 18:23,
order_mlSljGV9SG9oZi,pay_Eby9rmYYySuQLB,INV-2026-00588,CUST76372,"26,579.00",UPI,18-08-2026 18:20,
order_z9zeuVSyfj0H2l,pay_Q834Sgiy5llAHj,INV-2026-00589,CUST84291,"38,155.00",UPI,18-08-2026 20:38,
order_w1xSi5nKHJsWys,pay_yUiV4wWggAHy1X,INV-2026-00590,CUST92210,"34,169.00",CARD,11-08-2026 14:02,
order_QQHV3bHvLqyAov,pay_2pWHo9NJZvYo7T,INV-2026-00591,CUST10129,632.00,UPI,21-08-2026 20:11,
order_NlDNOLtHqOdlFR,pay_e6COGhViDHJgza,INV-2026-00592,CUST18048,482.00,UPI,15-08-2026 22:45,
order_n94CdiTuExY4tf,pay_MFJnJuh14qmk16,INV-2026-00593,CUST25967,"4,834.00",UPI,05-08-2026 21:34,1836.00
order_5rUyw0feyv5plr,pay_hJii0Wbo0pyLPi,INV-2026-00594,CUST33886,"5,462.00",NETBANKING,13-08-2026 11:54,5462.00
order_HfgK4B6oLSErQm,pay_segTw4tfl57PwF,INV-2026-00595,CUST41805,"5,319.00",UPI,03-08-2026 12:22,
order_Ai7jfM5JRz9DlR,pay_Ta68yTQvo0g8Nv,INV-2026-00596,CUST49724,146.00,CARD,08-08-2026 13:16,
order_L9R07EDDCGaQ0A,pay_VimeeLldTvNEK4,INV-2026-00597,CUST57643,303.00,UPI,16-08-2026 15:45,
order_9lKnhEgs7FmMCL,pay_dbg5YYVdT5vjFg,INV-2026-00598,CUST65562,"3,763.00",UPI,18-08-2026 21:09,2370.00
order_ggtIfvjYVpqd2J,pay_1F1qx94OurWIQ3,INV-2026-00599,CUST73481,"1,367.00",UPI,15-08-2026 12:37,
order_WoGNhdMmsxocBo,pay_EjkGgQT2a5ywH4,INV-2026-00600,CUST81400,"27,941.00",CARD,03-08-2026 14:31,
order_h4BsYbBM1EMz4J,pay_VF6N6yGOTlw0Mc,INV-2026-00601,CUST89319,386.00,UPI,03-08-2026 12:58,
order_c1qERQK7YexGj2,pay_71kFx1wpuAfPja,INV-2026-00602,CUST97238,"37,829.00",UPI,10-08-2026 14:07,
order_0TxSXDnAa0mjhv,pay_1Fm3CsZPAhEBmg,INV-2026-00603,CUST15157,"1,067.00",CARD,14-08-2026 11:27,
order_mHWskBUB3i2nPr,pay_pA3bNpG0JMrYKC,INV-2026-00604,CUST23076,"3,098.00",UPI,18-08-2026 22:46,
order_K3MuGXfEt1fWvr,pay_q2JVEtX7JubGSQ,INV-2026-00605,CUST30995,"1,222.00",UPI,04-08-2026 14:02,
order_2nkPaMrYMBRZDx,pay_GUwk6YoTM8uXNp,INV-2026-00606,CUST38914,"7,857.00",CARD,07-08-2026 12:11,7857.00
order_V7WhW23NcJgoiR,pay_VzNZPxTzGmCe7A,INV-2026-00607,CUST46833,523.00,NETBANKING,11-08-2026 07:19,
order_q5POKq5IOETVyz,pay_piFo1unN5IeXTX,INV-2026-00608,CUST54752,"2,843.00",CARD,03-08-2026 18:12,
order_ms1Q0oeEuiLlmI,pay_u42Fu4a44XXzuE,INV-2026-00609,CUST62671,461.00,UPI,21-08-2026 07:57,285.00
order_MtJwqSSHJNHTAG,pay_QN9Lg3Z4EUZiCy,INV-2026-00610,CUST70590,"1,375.00",UPI,13-08-2026 19:39,
order_ik2bmB1hOyVZRN,pay_50oA8Q1MO21GGw,INV-2026-00611,CUST78509,"7,991.00",UPI,04-08-2026 16:25,
order_gb3GtxMWAMGFrR,pay_180bR6FjdWus7Q,INV-2026-00612,CUST86428,"14,493.00",CARD,03-08-2026 10:17,
order_eLpB40Ctg9ZncA,pay_KN5FsLAVi69ja9,INV-2026-00613,CUST94347,105.00,CARD,16-08-2026 10:14,
order_hEze7sTLZMaiEl,pay_N80fdteU5unZgP,INV-2026-00614,CUST12266,"21,950.00",UPI,12-08-2026 07:27,
order_6E5C1BICoDJ1ih,pay_FQpFAfvdk7mNTD,INV-2026-00615,CUST20185,"1,276.00",UPI,08-08-2026 14:01,1276.00
order_kFOv1n928UFpkG,pay_zrRFjTJmtnGO6X,INV-2026-00616,CUST28104,"1,637.00",WALLET,09-08-2026 15:44,
order_39zZav3NcAPP3J,pay_oxoIFthAnH27ez,INV-2026-00617,CUST36023,"41,354.00",CARD,12-08-2026 14:34,
order_UpCcBW6BNOujLk,pay_MriBnJwV8ox7pi,INV-2026-00618,CUST43942,"8,976.00",UPI,14-08-2026 15:39,
order_7ou0YfUeBIORZS,pay_TnoGUvuFiqhWOA,INV-2026-00619,CUST51861,680.00,UPI,15-08-2026 09:36,
order_LKsAyi2gPusdLp,pay_2Z4fdeckuqBRhZ,INV-2026-00620,CUST59780,"21,570.00",NETBANKING,16-08-2026 07:22,
order_te3ZPwWqM0iUyL,pay_NoDh0pJKBKjEJR,INV-2026-00621,CUST67699,"5,570.00",UPI,16-08-2026 15:46,
order_fFf1zlPJ7VyHJR,pay_NFQAbDiIEc0LXT,INV-2026-00622,CUST75618,"15,959.00",UPI,10-08-2026 18:00,
order_LQt3stpizfLPDV,pay_46Dt7lxY27k4C6,INV-2026-00623,CUST83537,945.00,CARD,22-08-2026 16:15,
order_b8xGSZhce3jLRJ,pay_DCKq7JQvKhX5OV,INV-2026-00624,CUST91456,"6,590.00",UPI,04-08-2026 11:46,
order_45XIyZeO91NKZd,pay_qZEGNV9vnJMPQc,INV-2026-00625,CUST99375,"6,180.00",UPI,21-08-2026 16:31,
order_50L9jqEu7zFsd6,pay_v5S8Syw3rnaOpN,INV-2026-00626,CUST17294,"3,119.00",UPI,05-08-2026 12:02,
order_BPdarqx9kruG40,pay_Oz8hTsU1LkUzlD,INV-2026-00627,CUST25213,"2,896.00",UPI,15-08-2026 18:33,
order_fRgtTZetammunp,pay_CinZ4XDuW8wcB6,INV-2026-00628,CUST33132,"16,535.00",UPI,20-08-2026 16:55,
order_XGdyEM3gj0n2rw,pay_UYAO3yi9vDCtN4,INV-2026-00629,CUST41051,764.00,CARD,05-08-2026 13:22,
order_vORxUWEVeiDyzT,pay_JNxXbtE9VQwLcJ,INV-2026-00630,CUST48970,"5,354.00",UPI,18-08-2026 11:41,
order_J1Z6rTelNT70O3,pay_A0xSPMJSlU1vNB,INV-2026-00631,CUST56889,"29,986.00",NETBANKING,05-08-2026 13:44,
order_pyUkRggIZH7J3N,pay_kqH6W5V3zAnzrT,INV-2026-00632,CUST64808,"1,468.00",CARD,12-08-2026 18:48,
order_XfWpCp0IWWnv0l,pay_02TsUrQlEBkGai,INV-2026-00633,CUST72727,"6,961.00",UPI,10-08-2026 21:17,
order_6KRJwgImD8gh9o,pay_xSOMRqK2RIAqjT,INV-2026-00634,CUST80646,535.00,CARD,16-08-2026 22:09,
order_MOjG8vE6hOceCC,pay_Iliej45topay6d,INV-2026-00635,CUST88565,"6,671.00",CARD,18-08-2026 15:18,
order_2KenjqNPhsw0Bm,pay_GdFFwF0rLrwWTx,INV-2026-00636,CUST96484,"1,313.00",UPI,15-08-2026 08:25,
order_Qhm4ZrB7QfWE4a,pay_kA4NftqsGjOzsw,INV-2026-00637,CUST14403,"6,937.00",UPI,13-08-2026 20:31,
order_LcqYhkx6jmw7OP,pay_HJt9gsgMXCczPC,INV-2026-00638,CUST22322,"40,586.00",CARD,07-08-2026 15:52,
order_JE8LzM9z6FNllK,pay_0nQwHIcaOpIDQw,INV-2026-00639,CUST30241,"30,599.00",UPI,19-08-2026 07:34,
order_lzSDgPyalzA2BM,pay_TmPGSrGbfTdTqL,INV-2026-00640,CUST38160,"39,366.00",UPI,18-08-2026 07:08,
order_VRC7QfOrrxRCNA,pay_qdhbe5XrbNPsPx,INV-2026-00641,CUST46079,"1,455.00",UPI,16-08-2026 16:09,
order_qvDzroZ1cGcZm0,pay_u0qSiHLQyUKZz0,INV-2026-00642,CUST53998,"3,039.00",CARD,04-08-2026 18:29,
order_MfyfLKhDlnIu7I,pay_ySfFAb1GB0MxPt,INV-2026-00643,CUST61917,"2,344.00",CARD,20-08-2026 11:54,
order_YMOQZzcSJqteqU,pay_diFvxK1jiULdKl,INV-2026-00644,CUST69836,"35,591.00",UPI,03-08-2026 16:28,35591.00
order_GRNviTyXjCqjV2,pay_xmPGYiBmVJvtDS,INV-2026-00645,CUST77755,"1,224.00",UPI,10-08-2026 09:51,
order_85OT28S2THgHZe,pay_QRagtqKbRGAr49,INV-2026-00646,CUST85674,141.00,UPI,21-08-2026 10:32,
order_DsoOAiIJL8YA3e,pay_YxE8hjjLHaRHAC,INV-2026-00647,CUST93593,"6,147.00",CARD,05-08-2026 07:12,
order_38TznfWYPPC4sW,pay_TmInkmroGuQaA3,INV-2026-00648,CUST11512,"4,654.00",NETBANKING,14-08-2026 10:58,
order_EeTY5aIcxSp1ec,pay_lSZq6RRt3QBt9W,INV-2026-00649,CUST19431,"2,480.00",NETBANKING,12-08-2026 15:16,
order_U3lLi4Fk11MbL0,pay_2ipH6TvO86GjDI,INV-2026-00650,CUST27350,"5,246.00",UPI,20-08-2026 20:47,
order_t16kQTl1eAW2lc,pay_RB4yWATcWz2UL7,INV-2026-00651,CUST35269,"29,298.00",WALLET,06-08-2026 16:01,
order_BQ2xS5smH5yAgg,pay_6t9cQ8jQalyxvI,INV-2026-00652,CUST43188,"4,346.00",UPI,03-08-2026 20:49,
order_EBKj4UUtR37rT6,pay_9TfDI54y8Cfsni,INV-2026-00653,CUST51107,"21,976.00",CARD,13-08-2026 22:07,
order_PisG2i9SB4YpO5,pay_234frXNFVA9I5n,INV-2026-00654,CUST59026,"1,342.00",UPI,20-08-2026 16:29,
order_BN8lNW6KnPdPWm,pay_f2g0zUkMCcQEfm,INV-2026-00655,CUST66945,"4,350.00",UPI,22-08-2026 13:50,4350.00
order_pHgxN4BgyGWbvC,pay_L89maD6Qb0Ni9w,INV-2026-00656,CUST74864,553.00,NETBANKING,23-08-2026 14:21,
order_4pQnF6eZ7wwGZI,pay_23krSXznZNAdE4,INV-2026-00657,CUST82783,"6,219.00",UPI,03-08-2026 12:33,
order_q1gfSKvmqTlamY,pay_AyZzf7niPNaUQX,INV-2026-00658,CUST90702,"7,370.00",CARD,03-08-2026 11:25,
order_RGZUQgh5ANugIQ,pay_520lQCHg3Ejkrd,INV-2026-00659,CUST98621,"8,457.00",UPI,14-08-2026 18:35,
order_V3gqrA29JL9kXv,pay_UvR1PfWY5fTBqn,INV-2026-00660,CUST16540,"5,626.00",UPI,14-08-2026 14:43,
order_K2466PliHWiiEw,pay_Ca5C1bGc92hU5d,INV-2026-00661,CUST24459,"37,475.00",UPI,03-08-2026 08:36,
order_ZmBFunLl4cW636,pay_FBh06Hohfur0YV,INV-2026-00662,CUST32378,"38,873.00",UPI,13-08-2026 16:02,
order_s8A1kjWLi6Z4LE,pay_Qk9YnCx2NtK2gj,INV-2026-00663,CUST40297,"20,452.00",UPI,07-08-2026 18:53,
order_v1ZkxoMBh4i4lc,pay_bZrj3fZH2kxdJC,INV-2026-00664,CUST48216,"14,414.00",UPI,10-08-2026 21:09,
order_zijhSR9br4QvIk,pay_Fa1ddYMSE0SZcI,INV-2026-00665,CUST56135,"1,185.00",UPI,07-08-2026 14:51,
order_3IIaYe8crcjwNT,pay_6khy3t08XleK4l,INV-2026-00666,CUST64054,"41,906.00",CARD,21-08-2026 10:53,
order_ZMGsMBydFzvNno,pay_bua7ofbOPqWrEf,INV-2026-00667,CUST71973,"1,014.00",UPI,13-08-2026 08:54,
order_T7vGWEYba6McB3,pay_QzLrLc4EJLD4fw,INV-2026-00668,CUST79892,"39,704.00",NETBANKING,17-08-2026 14:08,30572.00
order_0af6fWlkmkeXHR,pay_kGwxYCWcHREEV1,INV-2026-00669,CUST87811,"4,826.00",UPI,19-08-2026 18:07,
order_KLY6PbYIkaNPnU,pay_SfDmlGTXPNWnBQ,INV-2026-00670,CUST95730,"13,389.00",UPI,05-08-2026 10:37,
order_JfrBJnGecoz3JX,pay_LbKcdHygUdlGmL,INV-2026-00671,CUST13649,"4,562.00",CARD,21-08-2026 08:06,
order_MJpBHcwkUnsvQD,pay_SnW2DTFPmo5bII,INV-2026-00672,CUST21568,"9,117.00",UPI,23-08-2026 20:46,
order_9TCqgLamKnGcS2,pay_Y5urdNSFHt2mHW,INV-2026-00673,CUST29487,313.00,UPI,16-08-2026 12:41,
order_EFMHlORDycsneN,pay_IodqaeTWnDaevE,INV-2026-00674,CUST37406,"1,249.00",UPI,11-08-2026 10:02,
order_5MOawzZru3kiCx,pay_a313lgtXmEK5aS,INV-2026-00675,CUST45325,"1,441.00",NETBANKING,10-08-2026 18:42,
order_UE1Icc2vmWjGxF,pay_0jwgLgjXZZXdJH,INV-2026-00676,CUST53244,166.00,WALLET,12-08-2026 22:32,
order_PLT9ndnv0jPs8v,pay_bKSAX8euekGgjO,INV-2026-00677,CUST61163,"42,871.00",NETBANKING,14-08-2026 13:20,
order_14ssJOXyCTdZqG,pay_daLh0SjHpszFqK,INV-2026-00678,CUST69082,"26,927.00",UPI,23-08-2026 21:33,
order_5jMrFeLnKtI3wp,pay_DlnoUqwxt98aLQ,INV-2026-00679,CUST77001,"1,892.00",UPI,16-08-2026 11:48,
order_JqgC097Be2HOQP,pay_AH6YajjxJJOYVb,INV-2026-00680,CUST84920,"17,343.00",NETBANKING,17-08-2026 22:27,
order_Bnsr1zGi02QbEF,pay_QZLI51WkQ77pVL,INV-2026-00681,CUST92839,"2,635.00",CARD,04-08-2026 18:54,
order_5vNvTThJE9eUgN,pay_T2u0e8I9lKkvkK,INV-2026-00682,CUST10758,490.00,UPI,23-08-2026 14:38,
order_Fjh963OEQ34Yam,pay_fMOr776w34EZ0H,INV-2026-00683,CUST18677,"33,739.00",UPI,09-08-2026 19:01,
order_bnT5xaVu0qK8Cs,pay_qC2FHlh8m7WNZf,INV-2026-00684,CUST26596,"1,235.00",UPI,03-08-2026 15:37,
order_AGwwHhyVA4JcCc,pay_X1MmXcd4l9kl4m,INV-2026-00685,CUST34515,"3,187.00",CARD,19-08-2026 08:51,
order_YOJrpku1ZFvjuz,pay_jU3rHnVEcEidE7,INV-2026-00686,CUST42434,"19,375.00",UPI,04-08-2026 15:13,
order_HQ7GFLilLq13vn,pay_izyY96Cu8g8EHu,INV-2026-00687,CUST50353,"2,647.00",UPI,20-08-2026 21:43,
order_kbbmmRHBLgVXwJ,pay_FwEBl50AmwDVa2,INV-2026-00688,CUST58272,"6,971.00",CARD,04-08-2026 16:39,
order_TjwOHhnczuSkWn,pay_cxzxqp6AIkiYB6,INV-2026-00689,CUST66191,877.00,WALLET,05-08-2026 20:09,
order_iqiYmiGp86MrMY,pay_lLjKjLylzpGlmk,INV-2026-00690,CUST74110,839.00,CARD,19-08-2026 16:44,
order_bXQNmWWsVtqzf6,pay_pBvurxdpCzDKSe,INV-2026-00691,CUST82029,"22,996.00",CARD,16-08-2026 12:59,
order_roIIJxeWd1Pkio,pay_PjGDIjVzJJOuPm,INV-2026-00692,CUST89948,744.00,UPI,12-08-2026 07:11,
order_UWskOwVu4h8nxr,pay_Jz3MidQ9MajM0U,INV-2026-00693,CUST97867,314.00,CARD,15-08-2026 19:32,
order_CnTnEXIP6c4nxE,pay_lBska8h5t5excI,INV-2026-00694,CUST15786,"1,194.00",CARD,10-08-2026 11:17,
order_w3gjzxDBC7P1lY,pay_DN2MHTIIupNoYD,INV-2026-00695,CUST23705,"1,107.00",UPI,17-08-2026 14:06,
order_FCIRPiZHslr9wZ,pay_mxFmvp9YUHWZSw,INV-2026-00696,CUST31624,"2,415.00",CARD,21-08-2026 21:29,
order_9tezo5Io1O29Yu,pay_Wd50L0MEKLpWvo,INV-2026-00697,CUST39543,"2,187.00",CARD,23-08-2026 20:40,
order_C6Mfewbx4w84fs,pay_czMODoJ83183su,INV-2026-00698,CUST47462,786.00,UPI,20-08-2026 11:39,786.00
order_YGsTmmhA8Byl23,pay_AcE7bhy497oiwA,INV-2026-00699,CUST55381,"7,903.00",CARD,20-08-2026 21:24,
order_geLx75WC8LjnW1,pay_16eRO2tUzi4Njw,INV-2026-00700,CUST63300,"1,204.00",UPI,05-08-2026 13:19,
order_jhm0YqUgsgLQt6,pay_WUBwKzqdNzPpwA,INV-2026-00701,CUST71219,408.00,WALLET,19-08-2026 12:15,
order_u1avLdExe18JZv,pay_yaJPxjkO6EVsFD,INV-2026-00702,CUST79138,"2,462.00",UPI,06-08-2026 11:26,
order_D5aLD1dPEmYwIB,pay_bcWBrthB25esJY,INV-2026-00703,CUST87057,"2,001.00",CARD,08-08-2026 09:09,
order_4pOczp0dzZIPzG,pay_H3FLvMIJzdzLiO,INV-2026-00704,CUST94976,"12,244.00",CARD,14-08-2026 21:14,
order_JmhffEZkziSf6M,pay_rbk7V4AZb73EZm,INV-2026-00705,CUST12895,"3,303.00",CARD,22-08-2026 12:45,
order_7nOnsUqi8knm6r,pay_SFGLXBQi22l9Sw,INV-2026-00706,CUST20814,"27,385.00",CARD,12-08-2026 11:13,
order_tTugNnrr1qei61,pay_Mh87q41CHslVrL,INV-2026-00707,CUST28733,"10,140.00",UPI,11-08-2026 13:52,
order_JwZZOSYhO8AW97,pay_ot1Fqb8LQrLtsr,INV-2026-00708,CUST36652,576.00,UPI,22-08-2026 17:25,
order_0RgksWVyXJqSxp,pay_Xq3UG3Ukjc03KB,INV-2026-00709,CUST44571,"34,235.00",UPI,05-08-2026 16:00,
order_Cx6k0UZ03cKAdd,pay_5vEmSClkfKXeHz,INV-2026-00710,CUST52490,294.00,UPI,22-08-2026 21:42,
order_x1jpPZpcYRTj9z,pay_9jjv9y8MoKyeLF,INV-2026-00711,CUST60409,"5,106.00",UPI,12-08-2026 11:01,5106.00
order_haScaBgMjo3Tbl,pay_snzTcAuQwGhHmG,INV-2026-00712,CUST68328,"6,213.00",UPI,09-08-2026 10:07,
order_T9X7iU3vYkhICJ,pay_kXm0Ybz697GmZz,INV-2026-00713,CUST76247,"3,203.00",CARD,19-08-2026 22:43,
order_klsDS1g64Fw6js,pay_N7CFX409t3lI8s,INV-2026-00714,CUST84166,149.00,UPI,14-08-2026 09:44,
order_uqLRABB4LYHPG8,pay_qQHb2LX5UsL3Oa,INV-2026-00715,CUST92085,"7,069.00",UPI,17-08-2026 20:49,
order_kmMoN2iC66QHvq,pay_hSNNyLoB8KG31d,INV-2026-00716,CUST10004,617.00,NETBANKING,19-08-2026 16:46,
order_0NT5HoJnISUzue,pay_HtHLhHsWXdAuKu,INV-2026-00717,CUST17923,444.00,UPI,04-08-2026 08:30,
order_0MgNch5witRydP,pay_WxdV1XG5weUpeH,INV-2026-00718,CUST25842,719.00,WALLET,13-08-2026 08:43,
order_oJ9gfan8RdfAXp,pay_F7eXodCFRdoXXz,INV-2026-00719,CUST33761,"43,296.00",UPI,12-08-2026 11:21,
order_lnLXmhv4BOjhuT,pay_mbatsSNjaPAA55,INV-2026-00720,CUST41680,469.00,UPI,04-08-2026 07:26,
order_VBvUG85Hl2pTub,pay_a3RMuLIBvtT8K4,INV-2026-00721,CUST49599,774.00,CARD,07-08-2026 10:28,
order_P4fj9h9MPZLdF4,pay_vy3rWnYrKakbxX,INV-2026-00722,CUST57518,657.00,UPI,21-08-2026 15:43,
order_tNnMsEOa4gDIp5,pay_owCSN4cjdwYN2m,INV-2026-00723,CUST65437,"1,400.00",UPI,08-08-2026 19:12,
order_WITlbbGRkDOIhx,pay_4bQuOLDlSYcvhU,INV-2026-00724,CUST73356,928.00,UPI,15-08-2026 21:47,
order_ZbnmuFuZCgFTVE,pay_oMSyLdbcyDwS98,INV-2026-00725,CUST81275,"33,881.00",CARD,08-08-2026 09:07,
order_cldlxKIDLdgjH0,pay_b9OWr9heV46QnO,INV-2026-00726,CUST89194,"18,856.00",CARD,06-08-2026 21:44,
order_qjRm8UrGaCHYhr,pay_ukF3wxi20EdDyy,INV-2026-00727,CUST97113,"7,384.00",UPI,05-08-2026 16:44,
order_O3UUbPSk6MupXG,pay_1k81egOt6onpfI,INV-2026-00728,CUST15032,884.00,UPI,10-08-2026 17:11,
order_XlwwI6hW3lr5NN,pay_jUoSQ9ZBMbJN0t,INV-2026-00729,CUST22951,"3,413.00",CARD,13-08-2026 08:48,
order_TZMhU5UBoY7KWM,pay_Cvk4iVD2shlLFq,INV-2026-00730,CUST30870,"8,299.00",UPI,22-08-2026 11:26,
order_SVZSPF99p7rjVI,pay_dwWnu8KT1vxDFB,INV-2026-00731,CUST38789,191.00,UPI,19-08-2026 19:07,
order_bIizlWPLuVL9Vl,pay_SPp3tyjiO9pm4A,INV-2026-00732,CUST46708,"7,449.00",CARD,21-08-2026 08:58,
order_VCYBCsDsfBMT3J,pay_bD5I2lMhNQC9Jm,INV-2026-00733,CUST54627,"6,291.00",UPI,14-08-2026 22:19,
order_BVYuvipEobHmH7,pay_NhhlLiuPnpaE0Y,INV-2026-00734,CUST62546,"30,946.00",UPI,21-08-2026 09:00,
order_PGcAPHexWntQUO,pay_D7CI8jNRge23Uu,INV-2026-00735,CUST70465,"3,091.00",UPI,17-08-2026 07:21,
order_TpawZfwUkh1lUW,pay_VnOACmA5ozBEBQ,INV-2026-00736,CUST78384,"14,521.00",UPI,11-08-2026 14:40,
order_d8RT971t0ozPko,pay_Zhsa7hPZXS18f5,INV-2026-00737,CUST86303,"36,083.00",UPI,09-08-2026 08:50,
order_vkyK3Lg2Qk9Hvv,pay_c5VAHJs5JgzdK3,INV-2026-00738,CUST94222,453.00,WALLET,05-08-2026 21:13,
order_H0qS7ZlHyjMGv5,pay_IaYX5Tt9GbMcY4,INV-2026-00739,CUST12141,"1,202.00",CARD,13-08-2026 22:11,
order_YLJDfRWBR5TC4h,pay_4PwkZtaxnkPI8p,INV-2026-00740,CUST20060,"30,907.00",UPI,13-08-2026 10:49,
order_505kQTJAyAt1UB,pay_0YBnhlS4PCP2dd,INV-2026-00741,CUST27979,"9,121.00",UPI,15-08-2026 19:45,
order_Qt1mC65bDrebX4,pay_Nyq9DOSnNkbrG2,INV-2026-00742,CUST35898,"27,542.00",UPI,11-08-2026 21:38,
order_3Yr0BPm1Ol6UAD,pay_lncngLUHIAedCc,INV-2026-00743,CUST43817,"1,483.00",CARD,13-08-2026 07:44,
order_XXzMkt3v7fkFjj,pay_1SZwVn5ppwzjMy,INV-2026-00744,CUST51736,"1,361.00",UPI,08-08-2026 16:04,
order_9RRCHzmYjRYH0f,pay_KYrafPCo42DqxY,INV-2026-00745,CUST59655,723.00,NETBANKING,11-08-2026 15:47,
order_QrIlpmmqLxez0T,pay_ovLE50J7nZCGz0,INV-2026-00746,CUST67574,"13,052.00",UPI,13-08-2026 17:10,
order_WRRfDSWTbs30bT,pay_kHvrnggJfXcPpi,INV-2026-00747,CUST75493,"5,834.00",CARD,16-08-2026 22:53,
order_slym7VYvcAJrnk,pay_mTapkKxGyktO46,INV-2026-00748,CUST83412,"2,059.00",UPI,06-08-2026 08:22,
order_XuOI2l3goCQC3u,pay_646PbQR9CDNPOd,INV-2026-00749,CUST91331,"25,700.00",CARD,21-08-2026 08:41,
order_OgyuCzzALwFkCG,pay_iXe9ItXS8ngsRj,INV-2026-00750,CUST99250,587.00,UPI,14-08-2026 20:52,
order_gIK1jqkLKJsgeC,pay_bngSOShJvWaNTV,INV-2026-00751,CUST17169,"17,176.00",UPI,03-08-2026 18:22,
order_HThLmnlmetkUy4,pay_tobaJyF8y9yfYn,INV-2026-00752,CUST25088,"29,276.00",UPI,20-08-2026 11:07,
order_bHHQjrRl2u1S53,pay_KN4IsRejQbuqYn,INV-2026-00753,CUST33007,"1,861.00",UPI,10-08-2026 15:55,
order_nZF6t3aYt5U2sT,pay_Mey7VVToAdrG54,INV-2026-00754,CUST40926,"31,292.00",CARD,03-08-2026 15:35,
order_lVdIcW7S8VIwsj,pay_gCJHcvmRPm1qgF,INV-2026-00755,CUST48845,"4,589.00",UPI,17-08-2026 15:01,
order_hA1vM8L4pvg4tv,pay_D6Q8aYzXr3hJrY,INV-2026-00756,CUST56764,"4,016.00",UPI,13-08-2026 15:57,
order_EhcVsiSDqZgA6S,pay_11qnhleZUuSX3W,INV-2026-00757,CUST64683,"1,327.00",UPI,10-08-2026 14:33,
order_gDe9eEsD368bEF,pay_PQfb6U5wd3HSuM,INV-2026-00758,CUST72602,"8,260.00",UPI,19-08-2026 12:03,
order_8KJQ81ZwHwGiKZ,pay_TqvLqnJ48QjoUg,INV-2026-00759,CUST80521,"32,266.00",UPI,13-08-2026 16:22,
order_UgYUxgmm1GSUxr,pay_DOTtYkDIIaYbAz,INV-2026-00760,CUST88440,"1,472.00",UPI,19-08-2026 13:25,
order_1EojCBrBgfB7Xi,pay_vdCtbodhgKUIVE,INV-2026-00761,CUST96359,"5,777.00",UPI,05-08-2026 14:47,
order_B1yhMnVgKAsws8,pay_3hfBvbqN1A303m,INV-2026-00762,CUST14278,"1,013.00",NETBANKING,22-08-2026 20:01,
order_HaH1I5W7wz5J5d,pay_ucCKBSp0beWuEA,INV-2026-00763,CUST22197,"35,784.00",UPI,22-08-2026 14:44,
order_KwFV0rwlHCkLrv,pay_zQ6BoP3GvGCP2S,INV-2026-00764,CUST30116,"5,208.00",NETBANKING,08-08-2026 11:40,
order_fHycN2NvakxH43,pay_RbDIxYeL1Fk3pt,INV-2026-00765,CUST38035,"13,678.00",UPI,20-08-2026 18:28,
order_7d8fdMb88Bjsnj,pay_oL0aBdkY0pN9bT,INV-2026-00766,CUST45954,"30,847.00",CARD,08-08-2026 20:57,
order_KztHzHRcHFDDYH,pay_KA9LqoPra917sh,INV-2026-00767,CUST53873,"29,694.00",UPI,22-08-2026 09:38,17816.00
order_tOLbSy6ehUCqkG,pay_fOx3jLRd5cWNEe,INV-2026-00768,CUST61792,"1,719.00",UPI,22-08-2026 07:25,
order_CuX3xZHPL0t7re,pay_wtFLDn2XxNxV4Y,INV-2026-00769,CUST69711,"13,573.00",UPI,22-08-2026 20:41,
order_79nSBCQg9tHOFn,pay_33FY8KeQ2lcuaA,INV-2026-00770,CUST77630,"1,374.00",UPI,14-08-2026 14:55,
order_DPUpXHmJJRkwHf,pay_vornlizipWg3ke,INV-2026-00771,CUST85549,"4,077.00",UPI,15-08-2026 07:28,
order_yfv2LYPxORTmZh,pay_wLVCc1O6i98BFu,INV-2026-00772,CUST93468,"11,410.00",UPI,09-08-2026 15:56,11410.00
order_aK7d2kXfiLp0gV,pay_Mnf1GqHEQE7WFE,INV-2026-00773,CUST11387,"12,689.00",UPI,11-08-2026 09:42,
order_eoLTOMuQ1G90u2,pay_GsxfGPXROnlb9T,INV-2026-00774,CUST19306,"6,631.00",UPI,19-08-2026 08:43,
order_7difCPsY37eT8G,pay_3okdBIbzxceYNB,INV-2026-00775,CUST27225,"6,025.00",UPI,04-08-2026 18:32,
order_V7iMI6fkXvNiob,pay_Sw3t0WL05N5Dtj,INV-2026-00776,CUST35144,272.00,CARD,07-08-2026 12:20,122.00
order_wtqGZugxQnFGIJ,pay_LFYvKBXaQjG31H,INV-2026-00777,CUST43063,"7,370.00",CARD,20-08-2026 22:57,
order_AGYO0tFX24DxJI,pay_JVGrPWrAaKQeTr,INV-2026-00778,CUST50982,481.00,UPI,16-08-2026 13:20,
order_z28KlTh5xfjTMP,pay_56Qmd7t31XT0cE,INV-2026-00779,CUST58901,653.00,UPI,21-08-2026 16:07,
order_OTbETFaKgN0OJs,pay_5DHX0wNu5o9vxN,INV-2026-00780,CUST66820,"21,046.00",CARD,11-08-2026 18:22,
order_ofYolbYgwzF9i0,pay_DwmkZqQepOKj83,INV-2026-00781,CUST74739,"2,405.00",UPI,21-08-2026 17:01,
order_gdpm74fuYD4hMJ,pay_UhoYRJ3Nagaivl,INV-2026-00782,CUST82658,789.00,UPI,12-08-2026 17:01,
order_HYDlQB4Vr7RVxt,pay_Ve7XK6BgCXpZ3P,INV-2026-00783,CUST90577,"17,159.00",UPI,13-08-2026 22:00,
order_I6yLCQyd4vVMHN,pay_F4jPaedaESxEIK,INV-2026-00784,CUST98496,670.00,UPI,06-08-2026 17:34,
order_3m1tHEGAPahBI0,pay_ZJFP2xstTtvWzR,INV-2026-00785,CUST16415,"29,197.00",UPI,22-08-2026 20:39,
order_TIjGbE6U3snAkt,pay_m811aZuv4K5koc,INV-2026-00786,CUST24334,906.00,UPI,20-08-2026 18:43,
order_LQtdEVdsHGbI2N,pay_gqdNdWtOIO5ly6,INV-2026-00787,CUST32253,"7,142.00",CARD,11-08-2026 13:39,
order_JfPlsNbEveBSLb,pay_mPP5JGkJ1gLujA,INV-2026-00788,CUST40172,615.00,CARD,10-08-2026 08:38,
order_H4OdEBaFUsMDQO,pay_OAl0ptV9pnMtoT,INV-2026-00789,CUST48091,"5,578.00",CARD,17-08-2026 07:02,
order_mE6AaCMSZW4AHt,pay_l28WpPu9F2AyZh,INV-2026-00790,CUST56010,"3,255.00",UPI,10-08-2026 14:17,
order_JXO9okKo5Fcdxt,pay_SUuSuU0NeEZufW,INV-2026-00791,CUST63929,"19,942.00",UPI,17-08-2026 08:34,
order_7cfH0Jj5SWGz2K,pay_1U5ZpeemV6Igkf,INV-2026-00792,CUST71848,"7,270.00",CARD,21-08-2026 21:46,
order_Ms7ZRLHiyHxuRr,pay_KKZHq6RO4AHhwu,INV-2026-00793,CUST79767,"6,788.00",CARD,23-08-2026 10:30,
order_DUctWeUpmHusHE,pay_ah05jxrkywsn7Y,INV-2026-00794,CUST87686,"17,013.00",NETBANKING,16-08-2026 20:06,
order_o2SdIKAq1Ppfry,pay_onWBLUCLPxdSHm,INV-2026-00795,CUST95605,"1,511.00",CARD,19-08-2026 22:57,
order_o30qPpwTeUP75y,pay_6Q2prcQWUTXYQl,INV-2026-00796,CUST13524,"1,017.00",UPI,23-08-2026 08:30,
order_cRSXpfvjuQuwRj,pay_TTch2ResGTSm8p,INV-2026-00797,CUST21443,"36,320.00",UPI,18-08-2026 18:40,
order_DbOsh09Zo6sUAg,pay_ALIZvZ2j4i2Px8,INV-2026-00798,CUST29362,"7,920.00",CARD,15-08-2026 07:55,
order_8kPElKKxnNKelY,pay_cGqfx9eMzc5opw,INV-2026-00799,CUST37281,"7,551.00",UPI,16-08-2026 08:39,
order_vooPGnrhXaPt03,pay_CglDpwbIDLVJ0K,INV-2026-00800,CUST45200,"2,651.00",UPI,15-08-2026 07:08,
order_R3Ge4CilhS9UIL,pay_F8cRFP7Lngi31F,INV-2026-00801,CUST53119,"38,079.00",UPI,07-08-2026 07:55,
order_rYU3r6BitBEkH1,pay_Imq7juS10eIbpV,INV-2026-00802,CUST61038,"4,436.00",UPI,18-08-2026 09:23,
order_ZUPnLMJRNFRu56,pay_hX3wbs9KOXwVro,INV-2026-00803,CUST68957,"6,267.00",UPI,21-08-2026 17:04,
order_jXoSLkx2PxMpfy,pay_NHq3p3MIgUPPC1,INV-2026-00804,CUST76876,"22,111.00",NETBANKING,20-08-2026 12:22,
order_Hgc1ceCkALw3TQ,pay_PQfhVD81LQlzoT,INV-2026-00805,CUST84795,"6,529.00",UPI,18-08-2026 12:53,
order_gOtNVXg2S4EGrJ,pay_6m8hb4bV92gX8B,INV-2026-00806,CUST92714,913.00,CARD,10-08-2026 08:55,
order_2mKty39za5Szzw,pay_DKA3nIYskOejRh,INV-2026-00807,CUST10633,557.00,UPI,16-08-2026 15:55,
order_DztOP2ew6pQLhz,pay_S4PcYjTGYeepL5,INV-2026-00808,CUST18552,"9,324.00",UPI,15-08-2026 16:58,
order_h0v7uS5JOyrhqN,pay_3oHB4eD0h9OGiV,INV-2026-00809,CUST26471,"3,498.00",UPI,12-08-2026 18:15,
order_wkavKEtiUhCAh0,pay_ZZyz3mh4Zjpv7x,INV-2026-00810,CUST34390,"9,498.00",UPI,23-08-2026 13:52,
order_mCbjE3BsMGo5Ox,pay_frNAXdFv2vn2aP,INV-2026-00811,CUST42309,"5,381.00",NETBANKING,13-08-2026 11:58,
order_wBAjMxZLls369l,pay_cpf2cRviwSPvPr,INV-2026-00812,CUST50228,"1,437.00",CARD,15-08-2026 19:20,
order_K0gjZqIELjX2U2,pay_aCw7ndSrxwcY6R,INV-2026-00813,CUST58147,"7,550.00",UPI,16-08-2026 19:45,
order_dGstvkpPkvyXpm,pay_Qgi2b1Q6cPq8z8,INV-2026-00814,CUST66066,"19,695.00",CARD,03-08-2026 21:55,
order_1vnlsU14CfOXS0,pay_dRkLekBz7Jiynp,INV-2026-00815,CUST73985,"2,377.00",UPI,14-08-2026 07:08,
order_YD4yEblWjWQE5Z,pay_U8IbZdSxpKpQ6m,INV-2026-00816,CUST81904,"1,287.00",UPI,16-08-2026 10:33,
order_ITb8OydxDBI2JB,pay_CCAnic08BNRur3,INV-2026-00817,CUST89823,"19,684.00",UPI,06-08-2026 08:29,
order_0QUH2S904Qtdzk,pay_SRWauRymdGzl3r,INV-2026-00818,CUST97742,"5,052.00",UPI,12-08-2026 22:57,
order_GVtsNWpcGos8Wo,pay_kV1Lya12UaGHiE,INV-2026-00819,CUST15661,"28,672.00",NETBANKING,23-08-2026 15:00,
order_UhWPs5DwJYmLD7,pay_ktajJ2duKR6ZDQ,INV-2026-00820,CUST23580,"4,659.00",UPI,16-08-2026 11:29,
order_LTOQYof0Geu6Dh,pay_YiSvcvxByHJTFg,INV-2026-00821,CUST31499,"21,943.00",UPI,08-08-2026 07:28,
order_6mb398A2gQhXeS,pay_DHqKc0B868yVHV,INV-2026-00822,CUST39418,"14,681.00",CARD,14-08-2026 11:54,
order_fqz5JO1GTrqT56,pay_rm8qr8uYqXsKcN,INV-2026-00823,CUST47337,292.00,UPI,21-08-2026 07:50,
order_VSd0AIuUWI8h0p,pay_WsmyjVtQAaqh7u,INV-2026-00824,CUST55256,"5,346.00",CARD,09-08-2026 11:42,
order_YBmEEMCefZcC0d,pay_F7pmZ9prOOxucx,INV-2026-00825,CUST63175,990.00,UPI,15-08-2026 21:02,
order_gBZupEPPyaJyUA,pay_AHXRcghQLLdV0D,INV-2026-00826,CUST71094,"6,344.00",CARD,13-08-2026 09:03,
order_jseAZmFCY2HkYh,pay_B1hOQkUHrDPIm4,INV-2026-00827,CUST79013,"11,308.00",UPI,18-08-2026 15:30,
order_xWWa42jwiaXOf7,pay_ZOM9INI0D3RG2Z,INV-2026-00828,CUST86932,753.00,UPI,15-08-2026 11:25,
order_SCClZwf28FfWrr,pay_hku44NBGO1jycz,INV-2026-00829,CUST94851,663.00,WALLET,06-08-2026 18:21,
order_OFmlDO6swr3hXI,pay_xXatdPVfoS0Xmh,INV-2026-00830,CUST12770,"2,693.00",UPI,12-08-2026 11:55,
order_EeGrtwegDqMoKb,pay_eUUWOZT8NMpep2,INV-2026-00831,CUST20689,"7,728.00",UPI,08-08-2026 16:23,
order_1tXXuncMSZyW15,pay_upjn0ypaVHhsAx,INV-2026-00832,CUST28608,"2,373.00",UPI,05-08-2026 14:18,
order_W5bYgwtMiSAmwO,pay_WpVZoaXYBim6f7,INV-2026-00833,CUST36527,"36,953.00",UPI,13-08-2026 09:38,
order_U9yIRr5ng225YD,pay_DHk1LKwAzddkih,INV-2026-00834,CUST44446,"25,637.00",NETBANKING,08-08-2026 10:03,
order_J1nZBWJDdDkwuD,pay_FZmmMxxlJVUeUO,INV-2026-00835,CUST52365,"1,105.00",UPI,06-08-2026 19:20,
order_FHrWT1CE1uUTfw,pay_Uf1uSHl5lV3ZDG,INV-2026-00836,CUST60284,"7,885.00",UPI,23-08-2026 12:58,
order_7ZETyN9bDWU2bh,pay_jDA0O410Hy30R1,INV-2026-00837,CUST68203,"43,041.00",CARD,11-08-2026 09:16,
order_bCYiygnn4Ol9Qs,pay_sIQG9ixtumM6iC,INV-2026-00838,CUST76122,"39,818.00",CARD,12-08-2026 22:49,
order_y2Q19YTFpQ7qNm,pay_1UT35Fz0Y8Uz2S,INV-2026-00839,CUST84041,"2,898.00",CARD,13-08-2026 09:21,
order_30PK3fl76l3Vf5,pay_7G5tD2mrTgws4L,INV-2026-00840,CUST91960,"5,839.00",UPI,18-08-2026 18:32,
order_CufMdPwKDKyKpe,pay_6viCTSn1tHgvxn,INV-2026-00841,CUST99879,"1,092.00",NETBANKING,23-08-2026 09:44,
order_lpT3in8BhHufK2,pay_2VD9QGSPdqo22y,INV-2026-00842,CUST17798,495.00,UPI,21-08-2026 16:14,
order_rvLYqZtBywZr78,pay_QfENq5ICr58MfG,INV-2026-00843,CUST25717,"1,205.00",WALLET,11-08-2026 07:38,
order_17ZdEjgRFxXi5m,pay_3IQj1KD12KztYv,INV-2026-00844,CUST33636,"35,303.00",NETBANKING,13-08-2026 09:53,
order_WQWvOGWFYWRcpm,pay_h5CErbZToWK2RK,INV-2026-00845,CUST41555,"1,090.00",CARD,18-08-2026 19:34,
order_VOPe0FLqy34yO7,pay_NQKJCJF7KcjDcU,INV-2026-00846,CUST49474,"43,004.00",CARD,10-08-2026 14:22,
order_4fw6xelHLxaVvC,pay_sG5d0m2bpBJ0Rw,INV-2026-00847,CUST57393,"24,611.00",UPI,14-08-2026 20:52,
order_4NATr8boE8SwAr,pay_PI8E3ucOFtj4Qw,INV-2026-00848,CUST65312,245.00,UPI,11-08-2026 08:31,
order_ugXcCNDR7EtkcW,pay_VQHOa6VdkhxjOJ,INV-2026-00849,CUST73231,"8,323.00",NETBANKING,12-08-2026 10:48,
order_npcBGhKbvfA8E0,pay_CstVtoYDgATcuW,INV-2026-00850,CUST81150,"23,876.00",CARD,03-08-2026 12:22,
order_X9g1PYcRi6Tu8u,pay_p7x1ezV9HrNMAl,INV-2026-00851,CUST89069,"24,342.00",UPI,23-08-2026 16:20,
order_NDkqSNxZlWCJv5,pay_0w6pngEjHefm52,INV-2026-00852,CUST96988,"20,231.00",UPI,17-08-2026 12:49,
order_4RKQD3FRS4Dxyt,pay_gCtaavlqwPTGd9,INV-2026-00853,CUST14907,"41,455.00",CARD,07-08-2026 11:05,
order_J948M1S6NLFy69,pay_Gvx4LKxW0RaK1G,INV-2026-00854,CUST22826,"6,967.00",UPI,20-08-2026 19:26,6967.00
order_SZ3u7f99LjvFRs,pay_0Y3OAYwBUlMHuT,INV-2026-00855,CUST30745,"34,992.00",UPI,15-08-2026 20:40,
order_PFlaokN64MOGfg,pay_7meSiBmv97J3Fr,INV-2026-00856,CUST38664,434.00,CARD,22-08-2026 09:26,
order_9pV55WcxA1QXqV,pay_OxB9imQFiM7gmv,INV-2026-00857,CUST46583,"6,380.00",WALLET,18-08-2026 17:50,
order_R0l173nbkS0wid,pay_Z2ofAcENBjU6yA,INV-2026-00858,CUST54502,"3,354.00",UPI,16-08-2026 19:38,
order_hRxBFSb0RhjvKs,pay_exc9oOlFEPXkU9,INV-2026-00859,CUST62421,756.00,CARD,08-08-2026 17:48,
order_GuqQsB3swGLJY7,pay_Id2LuAl1lpVo6U,INV-2026-00860,CUST70340,"18,044.00",UPI,11-08-2026 11:48,
order_m8DbIifGCBRt2k,pay_KzaTS9QpfzkKzf,INV-2026-00861,CUST78259,223.00,UPI,08-08-2026 21:10,
order_h9vY9M9txGalz5,pay_TredW8Lbjdb2RM,INV-2026-00862,CUST86178,"2,453.00",UPI,10-08-2026 15:16,
order_JSIJLp8atGXGF8,pay_ddC7rdzADPakkO,INV-2026-00863,CUST94097,"1,301.00",CARD,17-08-2026 21:40,
order_hkRQYqP3yAS40p,pay_KOU1LhZNtTsOQs,INV-2026-00864,CUST12016,"5,055.00",CARD,14-08-2026 15:54,
order_PWFxLXHFJhVBWD,pay_SDEyRBdESkC0TO,INV-2026-00865,CUST19935,"1,139.00",UPI,17-08-2026 22:08,
order_uNY8AxI9t61VQo,pay_ykAUkHMAS4aOoA,INV-2026-00866,CUST27854,522.00,UPI,05-08-2026 12:43,
order_ZwnHmWHdg7OTcK,pay_dWc4vrMyWP2khw,INV-2026-00867,CUST35773,987.00,CARD,10-08-2026 16:50,
order_hGH6QAVEMHAZSc,pay_dFeQKiYkOob8Lg,INV-2026-00868,CUST43692,"6,693.00",UPI,17-08-2026 17:30,
order_Ma2Tu9wa8H85dM,pay_jten2g4M20mkue,INV-2026-00869,CUST51611,"7,510.00",UPI,03-08-2026 12:32,
order_vQIiC8jqY9mAyr,pay_CAtQjPfVjLQXT4,INV-2026-00870,CUST59530,"40,449.00",WALLET,19-08-2026 21:19,
order_0hX9pYwo3tnnrX,pay_lXkUIGDosZp3N0,INV-2026-00871,CUST67449,"16,376.00",UPI,04-08-2026 20:23,
order_vyPMI6FKuFVHHf,pay_b2U0W3ZZ9afv8A,INV-2026-00872,CUST75368,"20,324.00",CARD,15-08-2026 09:23,
order_1YFpXZhvVJCcrV,pay_BPlB0hi7NuVnjD,INV-2026-00873,CUST83287,"5,441.00",CARD,16-08-2026 13:33,
order_8Hjf5FgyOYzqsQ,pay_DhiuCHAMAPNIc0,INV-2026-00874,CUST91206,"33,469.00",UPI,15-08-2026 09:40,
order_dDWZE3hhshCvnH,pay_Nc4BO7XHzFaf0H,INV-2026-00875,CUST99125,"4,221.00",CARD,08-08-2026 22:21,
order_eu8cd4cVVelYaJ,pay_N5bWecUmqyFAkV,INV-2026-00876,CUST17044,679.00,NETBANKING,06-08-2026 17:06,
order_I4o6PmWjeIe8Ch,pay_kvfPtTbdybBg8G,INV-2026-00877,CUST24963,"35,441.00",UPI,05-08-2026 12:54,
order_T7vGWEYba6McB3,pay_QzLrLc4EJLD4fw,INV-2026-00878,CUST32882,"39,704.00",NETBANKING,17-08-2026 14:08,30572.00
order_SHgxeuOEJAyWEA,pay_KuWPDk5rt8xxwL,INV-2026-00879,CUST40801,402.00,UPI,19-08-2026 07:35,
order_iV71zkAVMkiG1v,pay_BMGUUZftlr1xMX,INV-2026-00880,CUST48720,"3,930.00",CARD,21-08-2026 18:34,
order_vuDHXOX2wTXNg1,pay_K1ezXqrhZIy6eI,INV-2026-00881,CUST56639,"37,439.00",UPI,16-08-2026 08:06,
order_wUj1a92wlJLGP2,pay_LfA7mIquRxSMJp,INV-2026-00882,CUST64558,"2,565.00",UPI,17-08-2026 18:52,
order_gRvJLLlvEkFExD,pay_IpaIeyKyDKYYEf,INV-2026-00883,CUST72477,"34,025.00",WALLET,18-08-2026 15:11,
order_zrzw6gd1WT46Vs,pay_pILVkXBFVRvag8,INV-2026-00884,CUST80396,394.00,NETBANKING,10-08-2026 13:23,
order_aDYFeXT4rpYFPw,pay_X3rR55zhTnCQCX,INV-2026-00885,CUST88315,"36,315.00",UPI,14-08-2026 11:14,
order_k3Wv7AHmxIsOHL,pay_mQTNQ6OYrvN6lh,INV-2026-00886,CUST96234,"6,679.00",UPI,16-08-2026 10:29,
order_osTjGZSfO6PIXe,pay_Dl7mNKrB5j68h3,INV-2026-00887,CUST14153,"4,614.00",UPI,09-08-2026 11:13,
order_lfw2cUEO9kq7lP,pay_W5UovCPKFhmJMD,INV-2026-00888,CUST22072,"3,722.00",UPI,07-08-2026 08:38,
order_u5DnrA7jXCV6ie,pay_qVAlrzpnv8EJwS,INV-2026-00889,CUST29991,"1,216.00",UPI,10-08-2026 22:48,
order_NT3wxIfiwtEEXG,pay_ArsFtHM0jl6RRY,INV-2026-00890,CUST37910,"29,300.00",UPI,15-08-2026 07:25,
order_Ru0v6YEUPAacde,pay_1bPpXs3VddiD8r,INV-2026-00891,CUST45829,"22,709.00",UPI,05-08-2026 10:26,
order_gBZupEPPyaJyUA,pay_AHXRcghQLLdV0D,INV-2026-00892,CUST53748,"6,344.00",CARD,13-08-2026 09:03,
order_Kn6trUSjULFgV9,pay_lP9z3Wc6CgeAqZ,INV-2026-00893,CUST61667,"1,234.00",CARD,14-08-2026 13:20,
order_DewI7WqwvIIno9,pay_hglnlIuNTuXcLc,INV-2026-00894,CUST69586,"5,357.00",UPI,06-08-2026 08:12,
order_zI3Q4jAs6ZHsOW,pay_5wGZdZ9JDhQrWi,INV-2026-00895,CUST77505,540.00,CARD,07-08-2026 12:13,
order_OZ8Z7MAAEmgGQx,pay_BI6akMRKzsmcPk,INV-2026-00896,CUST85424,208.00,UPI,22-08-2026 16:45,
order_t1i9K15HWV3gXS,pay_cZJQPndtejXzuH,INV-2026-00897,CUST93343,"1,468.00",NETBANKING,10-08-2026 16:13,
order_Mrgme50GPPSIQT,pay_gI3MT0epIwzyQn,INV-2026-00898,CUST11262,"7,132.00",WALLET,16-08-2026 12:15,
order_NDV28lfg6hLRjq,pay_T9JPBrd6oEjwEB,INV-2026-00899,CUST19181,359.00,UPI,16-08-2026 20:23,
order_L79lE8QNLo6ThJ,pay_zPyeaI2MJI24vk,INV-2026-00900,CUST27100,"1,334.00",CARD,17-08-2026 12:14,
order_O69BpTqe52Uclw,pay_Fc5ysSFWKpx7hx,INV-2026-00901,CUST35019,392.00,UPI,11-08-2026 18:22,
order_PpbO83O24xp1bv,pay_DVbCrwJt38Z6TV,INV-2026-00902,CUST42938,"1,140.00",NETBANKING,09-08-2026 14:19,
order_8ai5XUcu7G8UxM,pay_9fGUqj9UbZIbwH,INV-2026-00903,CUST50857,"15,490.00",NETBANKING,15-08-2026 11:13,
order_SlrCE4MBPfmQqR,pay_g8Tl1b1fADhnUr,INV-2026-00904,CUST58776,677.00,NETBANKING,06-08-2026 12:23,
order_63T7WUEQtdBumA,pay_aw9cTdhtbMaHcz,INV-2026-00905,CUST66695,"1,930.00",UPI,09-08-2026 10:44,
order_tchV3JGkWXqdVs,pay_BEKY4tgcRw2caA,INV-2026-00906,CUST74614,176.00,UPI,05-08-2026 18:41,
order_WIYPZsLjYZTAjt,pay_qd7tU6lUoEF1E2,INV-2026-00907,CUST82533,"6,742.00",CARD,13-08-2026 11:14,
order_NMlP8RAhWxLWu1,pay_7sjrghTSrENX3i,INV-2026-00908,CUST90452,"3,371.00",CARD,06-08-2026 16:40,
order_rdz6uBS25irKV5,pay_QtA3W13iO3poKz,INV-2026-00909,CUST98371,"3,458.00",UPI,20-08-2026 13:23,
order_t0v7TubLAsAkPy,pay_MHMtLeCoXcAC5l,INV-2026-00910,CUST16290,"19,159.00",CARD,05-08-2026 19:29,
order_9ePDPa4RKaF9IK,pay_4KOOwF9HREI7Rr,INV-2026-00911,CUST24209,"5,129.00",WALLET,20-08-2026 10:57,
order_yHJn8Vt3Dkqx5Y,pay_4zgOIwuAbmoEMS,INV-2026-00912,CUST32128,"1,041.00",NETBANKING,04-08-2026 08:17,
order_7lfn2XYIX4XSUw,pay_XT8VDYV4ZIvTsY,INV-2026-00913,CUST40047,"39,871.00",CARD,05-08-2026 07:11,
order_amyKAyCn6gDzHX,pay_RSjmjc3QC1JqBG,INV-2026-00914,CUST47966,"29,216.00",UPI,17-08-2026 18:42,
order_sJOySSLmeEFGey,pay_6dCw8A7LZ3NiJM,INV-2026-00915,CUST55885,"16,135.00",UPI,22-08-2026 11:36,
order_g0qZT0lGfG9YRb,pay_D0sd6tTZW9N83Y,INV-2026-00916,CUST63804,364.00,CARD,05-08-2026 20:57,
order_1IalAEG1W9Efyu,pay_gBT4UJdUY2pHe7,INV-2026-00917,CUST71723,"44,810.00",NETBANKING,17-08-2026 13:08,
order_Q5RIzTdGwJdLg6,pay_KEgX7AgIi3vsUp,INV-2026-00918,CUST79642,"20,092.00",UPI,11-08-2026 19:48,
order_ADPBTGJLjr7R2z,pay_uUPuEpnWnVaZlg,INV-2026-00919,CUST87561,676.00,NETBANKING,15-08-2026 07:48,
order_9pkjRHdHFblBqW,pay_r4uz0aZwFc29CW,INV-2026-00920,CUST95480,"1,191.00",CARD,19-08-2026 15:22,
order_yvzUPiRbFXAMgi,pay_owIlpOZsqY1qbf,INV-2026-00921,CUST13399,"32,897.00",UPI,03-08-2026 10:55,
order_i5K6oMvPf0Gwcs,pay_r6HUAt5nfJwHZu,INV-2026-00922,CUST21318,"1,159.00",CARD,09-08-2026 10:57,1159.00
order_f5aLZDlMZxHRdM,pay_sgIj66GFBOzpEn,INV-2026-00923,CUST29237,"6,112.00",UPI,10-08-2026 17:15,
order_bHmltbMqYcq6s7,pay_kulcASfQ49Pe1J,INV-2026-00924,CUST37156,"2,874.00",UPI,17-08-2026 22:57,
order_7Jx0R9wksa5TyF,pay_5VKllrRTfsuVan,INV-2026-00925,CUST45075,"13,690.00",CARD,13-08-2026 18:10,
order_oro9rooevZlnuN,pay_TlRlxSffDGZqwM,INV-2026-00926,CUST52994,"24,842.00",NETBANKING,12-08-2026 08:35,
order_bu4FzWyN9IqBPZ,pay_KlUtveRvooFNr1,INV-2026-00927,CUST60913,"26,172.00",UPI,10-08-2026 07:33,
order_AlbKia6zcAObMa,pay_IBJVqAeE3UO9Qa,INV-2026-00928,CUST68832,"3,159.00",WALLET,03-08-2026 16:31,
order_J2ei5S4mZSj44T,pay_FRtB9cpFyAcnYm,INV-2026-00929,CUST76751,"29,413.00",UPI,04-08-2026 12:15,
order_nZhP6b6czNjfXb,pay_oNfYykAl28KpqU,INV-2026-00930,CUST84670,"40,473.00",UPI,04-08-2026 11:03,
order_CdvuHRywxA7hpP,pay_NXrNDCOwL5E6LD,INV-2026-00931,CUST92589,"6,618.00",CARD,10-08-2026 19:13,
order_4yZdFDyhbmuu8Q,pay_SSlDWcOofwwB3M,INV-2026-00932,CUST10508,"9,346.00",CARD,15-08-2026 16:49,
order_cKl7ymQlSRUMfC,pay_yfe7gb4eLIPoAc,INV-2026-00933,CUST18427,"3,186.00",CARD,14-08-2026 08:20,
order_zk8fYv8QbVNoPR,pay_IFzusxjgWYEzjk,INV-2026-00934,CUST26346,"13,955.00",CARD,06-08-2026 14:07,
order_1d8P6ValiY22fA,pay_5NqY6OJ8apKWWf,INV-2026-00935,CUST34265,116.00,NETBANKING,22-08-2026 22:34,
order_zVgP8P0PARM0FY,pay_iwRzeersPoWXPx,INV-2026-00936,CUST42184,"7,099.00",UPI,03-08-2026 20:31,
order_MAceZTGFuyHasa,pay_VsYEMY8tuYfeTn,INV-2026-00937,CUST50103,"11,073.00",WALLET,13-08-2026 08:36,
order_BhFQ7JC5bqHWOA,pay_8A6GSEDKE3cxhN,INV-2026-00938,CUST58022,"4,877.00",UPI,22-08-2026 21:50,
order_o60TWOKTIi4W5i,pay_r3h5BLJnt3O7Xn,INV-2026-00939,CUST65941,"1,214.00",UPI,10-08-2026 14:42,
order_Ul69TXtPVm9Y2p,pay_wBhCSL2yyEzXPY,INV-2026-00940,CUST73860,"1,397.00",UPI,08-08-2026 19:15,
order_tU4mtGJmnhngi7,pay_iVcsWrJJEPgReR,INV-2026-00941,CUST81779,668.00,NETBANKING,15-08-2026 18:34,
order_5mBFS5v1b3gTGt,pay_cZieLV9nAguNgW,INV-2026-00942,CUST89698,"1,021.00",CARD,12-08-2026 12:19,
order_zVvpIdX3MgBP3m,pay_YXVW1zvxLuLkbG,INV-2026-00943,CUST97617,"4,673.00",CARD,23-08-2026 16:57,
order_NwFtfrATDPQRjT,pay_dXpcFNAp5zJdwS,INV-2026-00944,CUST15536,"7,775.00",UPI,22-08-2026 16:27,
order_DeG5XrXN1JEXMr,pay_WNPfOE6SzVpyfg,INV-2026-00945,CUST23455,"10,001.00",CARD,21-08-2026 07:33,
order_YlGXRPapv4lQsV,pay_7SaXtBEI44GVpY,INV-2026-00946,CUST31374,297.00,CARD,07-08-2026 15:14,
order_GP7RnrdFIX52tv,pay_KYcsVeefN5yxvb,INV-2026-00947,CUST39293,"1,870.00",UPI,13-08-2026 18:37,
order_iiMXivPX8v8Cdc,pay_bWrIASPl3VUiji,INV-2026-00948,CUST47212,"4,646.00",CARD,23-08-2026 10:26,
order_hyPK2dpFtkjMQl,pay_LY672XmfC9tgJS,INV-2026-00949,CUST55131,522.00,UPI,23-08-2026 15:40,
order_VFwgHED4XWouc7,pay_gXjVMi35pnJ0Uc,INV-2026-00950,CUST63050,"27,394.00",UPI,17-08-2026 12:22,
order_MBl48z5DClT3qj,pay_tc3p79lx4rW7AS,INV-2026-00951,CUST70969,"42,816.00",UPI,16-08-2026 14:29,
order_j8mzcKmeGNYtFt,pay_q50SBrLSnSuQw8,INV-2026-00952,CUST78888,356.00,UPI,16-08-2026 20:54,
order_2N2q6epcaW4zhv,pay_eNyXRV5TBKX3yi,INV-2026-00953,CUST86807,874.00,NETBANKING,12-08-2026 19:04,
order_folzBJfaZCwZRO,pay_5Kul7dp59fgGcZ,INV-2026-00954,CUST94726,186.00,CARD,18-08-2026 13:54,
order_3tyjvS2pKflMEi,pay_Csk2gghco84GZK,INV-2026-00955,CUST12645,"3,256.00",UPI,23-08-2026 12:06,
order_YUcgQtMpLgU4nL,pay_tLkywQukMTXa9g,INV-2026-00956,CUST20564,"1,367.00",NETBANKING,17-08-2026 15:13,
order_RHyGs33gx6Cg9w,pay_bvpCa51qgL4x6f,INV-2026-00957,CUST28483,"3,134.00",CARD,07-08-2026 18:32,
order_LzZQlwdPgzFZ3v,pay_NmD8D4Ob1wkY97,INV-2026-00958,CUST36402,"2,808.00",UPI,10-08-2026 20:13,
order_LJAuy2dW1KsNOy,pay_41342hTryICj8g,INV-2026-00959,CUST44321,"9,302.00",UPI,22-08-2026 14:33,
order_bsTZyvun7nqi9q,pay_OVOgzCQZNrqmGo,INV-2026-00960,CUST52240,765.00,UPI,14-08-2026 08:50,
order_hlHTHvKYC4zeiN,pay_ZEKzbY6Hw69mrv,INV-2026-00961,CUST60159,"22,013.00",NETBANKING,12-08-2026 09:17,
order_LYAO3hkWIUV46R,pay_j5cuipUjMj8hoC,INV-2026-00962,CUST68078,"1,887.00",UPI,22-08-2026 20:50,
order_I21gAgA2vQ40tG,pay_UX50UDjqsPqAyZ,INV-2026-00963,CUST75997,"31,245.00",UPI,04-08-2026 10:01,
order_NNIQ58VvYYKxwe,pay_iJ00FlSHI2GbyT,INV-2026-00964,CUST83916,357.00,UPI,04-08-2026 20:47,
order_hf3cg84CW7l63g,pay_DV61mbfhvAB6UE,INV-2026-00965,CUST91835,"11,380.00",UPI,18-08-2026 10:51,
order_ic3TMvjb6dxJpE,pay_jhinSpE7JGGi8w,INV-2026-00966,CUST99754,"43,016.00",UPI,07-08-2026 08:35,
order_WhleWDToPN7FGe,pay_zu1bsPGhYYIQug,INV-2026-00967,CUST17673,"7,900.00",UPI,15-08-2026 14:39,
order_NpDdlJwnX6pZZ3,pay_htewZVp2GmcuOT,INV-2026-00968,CUST25592,"5,565.00",CARD,23-08-2026 18:22,
order_9psXVC021YXzDV,pay_Q7djeCnW2d1PBE,INV-2026-00969,CUST33511,854.00,CARD,07-08-2026 12:31,
order_20TqJ5ChVcmTd4,pay_JEV3ZxZCXcPkD4,INV-2026-00970,CUST41430,"6,654.00",CARD,19-08-2026 13:32,
order_5B4mBE61rv8gwc,pay_MYeecuclrPqP8t,INV-2026-00971,CUST49349,"2,684.00",UPI,12-08-2026 21:05,
order_07gLtzcfaXOORv,pay_7Q2UVT86NizzUO,INV-2026-00972,CUST57268,259.00,UPI,16-08-2026 18:28,
order_Hc4Bd98ustslTz,pay_sqk1TVNOQ2Jjff,INV-2026-00973,CUST65187,"5,415.00",NETBANKING,17-08-2026 20:18,
order_jipv34BASn2fKS,pay_3dmiSKkYvTGFJb,INV-2026-00974,CUST73106,"5,898.00",UPI,07-08-2026 18:08,
order_Gy2Wu2SdwJUDfJ,pay_04Bm1IH3EeUc05,INV-2026-00975,CUST81025,"5,063.00",UPI,14-08-2026 20:19,
order_FPlf2Iwy4yJE3y,pay_TAWptBw1zBl8cg,INV-2026-00976,CUST88944,"6,967.00",UPI,06-08-2026 16:14,
order_t0RLwhad5W4JG0,pay_jPXLsJEemXsIDY,INV-2026-00977,CUST96863,"31,758.00",UPI,23-08-2026 15:22,
order_QMJxamYPmqcIDG,pay_GCispwAI9zuMJh,INV-2026-00978,CUST14782,861.00,CARD,06-08-2026 08:10,
order_QYdq4kFQikbHwa,pay_1Lk46trCBvDnzP,INV-2026-00979,CUST22701,"37,757.00",UPI,08-08-2026 08:25,
order_eVFwjkOPfK8Gpo,pay_GngVqYMJ2ZaFK6,INV-2026-00980,CUST30620,"1,283.00",UPI,12-08-2026 16:20,
order_vsoyRukcEYcH4L,pay_p5IK7mg5j6XN7M,INV-2026-00981,CUST38539,"1,939.00",UPI,23-08-2026 15:24,
order_3pu7Qj4sC1NNYy,pay_QS2TmpOPO5ntrz,INV-2026-00982,CUST46458,"17,392.00",UPI,03-08-2026 17:50,
order_5Y8DbYpLaaS6QK,pay_nIOUQfV5M7t4cg,INV-2026-00983,CUST54377,450.00,UPI,19-08-2026 20:02,
order_pBTdo0FU84LHjD,pay_pKDmzsEJpbDPR5,INV-2026-00984,CUST62296,"14,272.00",NETBANKING,11-08-2026 19:18,
order_M2DU95QQjriUYi,pay_dU6SnNUhwfZn4d,INV-2026-00985,CUST70215,"1,250.00",UPI,03-08-2026 09:48,
order_BYF4AFAgpGFj07,pay_f5LDw90molNSCz,INV-2026-00986,CUST78134,"6,580.00",UPI,14-08-2026 08:49,
order_6rnruJxyEHRUpn,pay_4yaVT7fHNmwVGK,INV-2026-00987,CUST86053,939.00,UPI,06-08-2026 17:06,
order_k2GCeLTiQqikWL,pay_oWdz42Mg6oL2Qd,INV-2026-00988,CUST93972,"7,119.00",UPI,08-08-2026 09:25,
order_XtqpCk796dCOYv,pay_sBc8a1XFFfBgFW,INV-2026-00989,CUST11891,"1,180.00",UPI,06-08-2026 10:29,
order_B3drvPjjF1GDXm,pay_1tJG4rpCNUH4ik,INV-2026-00990,CUST19810,"29,968.00",CARD,16-08-2026 20:29,
order_wIOUxbKq9xxqbr,pay_o5zUZXojBTf425,INV-2026-00991,CUST27729,"7,265.00",UPI,04-08-2026 17:21,
order_EkvxkPZH3TkJ5p,pay_X64FknmwTz8LGf,INV-2026-00992,CUST35648,"1,759.00",NETBANKING,08-08-2026 08:11,
order_e46wMDyvkLL2td,pay_pDXlLWWDmXXChI,INV-2026-00993,CUST43567,"37,716.00",CARD,19-08-2026 18:21,
order_kRQlqCygepiZyb,pay_lM4B7qJjWaDQsf,INV-2026-00994,CUST51486,"6,951.00",CARD,20-08-2026 18:13,
order_wZnjTuBi31saRI,pay_9qzfOfgsqtmqrU,INV-2026-00995,CUST59405,"18,038.00",UPI,16-08-2026 12:27,
order_AcqjUODugLGYA4,pay_JjrtZEdMTy2Up4,INV-2026-00996,CUST67324,828.00,WALLET,15-08-2026 17:37,
order_x90MkcAMEFSIKJ,pay_bfn5ifaDWwGB4x,INV-2026-00997,CUST75243,"8,553.00",WALLET,16-08-2026 14:09,
order_KjQKpUzVOnxuBx,pay_TPAx9garBlLjf4,INV-2026-00998,CUST83162,880.00,UPI,16-08-2026 10:16,
order_LiKcMMeMbIybw2,pay_qI2Vu81LoaCln6,INV-2026-00999,CUST91081,"26,366.00",UPI,19-08-2026 13:39,
order_Ie9bUsDmOprDeN,pay_lzkVNQMkloCEzk,INV-2026-01000,CUST99000,"31,269.00",UPI,10-08-2026 21:12,
order_j2ckBuxMZokI40,pay_PZX9VJV0aoiu3k,INV-2026-01001,CUST16919,"33,540.00",UPI,07-08-2026 13:04,
order_6JAA9xwdPuWq2n,pay_btfiuX50IHasaw,INV-2026-01002,CUST24838,"26,586.00",CARD,12-08-2026 14:29,26586.00
order_4qJXhULBR1b8Bj,pay_fk8vuO0CouSp25,INV-2026-01003,CUST32757,"10,081.00",NETBANKING,20-08-2026 20:58,
order_ThAq0nyNHsrvCA,pay_EfA1gRbaaGp6y0,INV-2026-01004,CUST40676,"6,423.00",UPI,17-08-2026 18:57,
order_t8HueN9TfHojQZ,pay_FAhQuUTewIz2TR,INV-2026-01005,CUST48595,"1,488.00",NETBANKING,03-08-2026 10:54,
order_sjrZGdBUN3vkB7,pay_aN0Ct1GWV3xJt4,INV-2026-01006,CUST56514,"7,287.00",UPI,06-08-2026 07:17,
order_hbUJEngSYBpyto,pay_7d595bPXXAKuBo,INV-2026-01007,CUST64433,630.00,CARD,12-08-2026 07:43,
order_5mCm5j0B4VTBm0,pay_2QAkgk1RtYD3tS,INV-2026-01008,CUST72352,458.00,CARD,12-08-2026 07:08,
order_QvWzv3wUcCiXkw,pay_DM8lDZnI4jojPD,INV-2026-01009,CUST80271,"36,796.00",CARD,16-08-2026 09:02,
order_hRJs8WARvwObQe,pay_LxOxQQILvvArWe,INV-2026-01010,CUST88190,"6,203.00",CARD,23-08-2026 10:47,
order_jX97hkwZFfLyUi,pay_Fh294pVxuz83j6,INV-2026-01011,CUST96109,"7,035.00",UPI,03-08-2026 11:16,
order_MGMgj8lVjg4G00,pay_brGZIa7tdKe8sA,INV-2026-01012,CUST14028,"8,764.00",UPI,20-08-2026 15:29,
order_U9pF8vFddhakdW,pay_SFWRk0D69nAnCP,INV-2026-01013,CUST21947,"8,889.00",UPI,17-08-2026 10:54,
order_az2vRysuB1dqcf,pay_LArU8eCo48Un4J,INV-2026-01014,CUST29866,"9,234.00",UPI,03-08-2026 20:46,
order_qdFf2XAcZ8Omsh,pay_FJa8l1xc5xlbZR,INV-2026-01015,CUST37785,"18,036.00",UPI,05-08-2026 07:36,18036.00
order_3Li1zSLJbXNYLA,pay_qH0m9p0FNt59dl,INV-2026-01016,CUST45704,"7,019.00",UPI,12-08-2026 14:41,
order_ffzkFPpmMmXqBd,pay_2tQu0XCanKygBP,INV-2026-01017,CUST53623,718.00,UPI,03-08-2026 22:29,
order_NwvdYoateHZdY9,pay_P33OxVyevS9sk5,INV-2026-01018,CUST61542,"22,969.00",UPI,13-08-2026 18:30,
order_8zkxvqy54ppXHv,pay_4PcCApslafWOwC,INV-2026-01019,CUST69461,"7,358.00",UPI,18-08-2026 14:53,
order_lrOjlyUHZZ02E8,pay_xEa3IvahN8nCtG,INV-2026-01020,CUST77380,"36,082.00",NETBANKING,14-08-2026 20:23,
order_l6YPGI7vv9jjK6,pay_4CKAk9NQEK3i0m,INV-2026-01021,CUST85299,"2,936.00",CARD,15-08-2026 15:49,
order_is6ZkxF2EQ2SiD,pay_yUG7QdztCifpgz,INV-2026-01022,CUST93218,"36,224.00",UPI,12-08-2026 10:07,
order_Tmr8AlsdW98cbX,pay_GqxXk6JsVZusAx,INV-2026-01023,CUST11137,299.00,CARD,08-08-2026 07:23,
order_37DKW4qPhxmlmy,pay_1A1x6kMVzvkRS7,INV-2026-01024,CUST19056,"6,647.00",UPI,16-08-2026 16:34,
order_cgGTNXscypejom,pay_cRrMe8tayaLeLJ,INV-2026-01025,CUST26975,"6,685.00",UPI,08-08-2026 07:28,
order_UIbV2gUYCCztor,pay_pLhNFx1sGPoPc0,INV-2026-01026,CUST34894,"1,331.00",CARD,21-08-2026 15:18,
order_lrNEw8wtdKpmWP,pay_9ojqygiCFC5Zz7,INV-2026-01027,CUST42813,"36,187.00",UPI,19-08-2026 09:19,
order_dqUXXd2wRqWjmc,pay_Y9IP7qu4Mst2LX,INV-2026-01028,CUST50732,"1,548.00",CARD,09-08-2026 11:07,
order_LNXT6EX6VkNogg,pay_RD2EHnt4AupleG,INV-2026-01029,CUST58651,"3,633.00",CARD,21-08-2026 16:39,
order_nzkMrgMphCsqfb,pay_524Wlu5P0WadYt,INV-2026-01030,CUST66570,"39,170.00",CARD,12-08-2026 21:21,
order_9lTR5ovoEGSpvD,pay_T1GWPuDe2kniqd,INV-2026-01031,CUST74489,"12,261.00",NETBANKING,17-08-2026 07:16,
order_cDn4hTRoc96eNJ,pay_VRvyZVMEp4Gtqs,INV-2026-01032,CUST82408,"1,245.00",UPI,22-08-2026 10:49,
order_HC8rJgOUgNG3BV,pay_0r82tOTo9WhLpt,INV-2026-01033,CUST90327,"4,079.00",CARD,22-08-2026 07:43,
order_wvtMQX3Fn6LnAJ,pay_HxU15WTEfihota,INV-2026-01034,CUST98246,"1,241.00",WALLET,16-08-2026 10:47,
order_M5yJQTOfm7BM1N,pay_udyrE0KkyjWPhu,INV-2026-01035,CUST16165,593.00,NETBANKING,04-08-2026 18:58,
order_PXx0CoOFLYmrTV,pay_LLfpR28CnYiYHf,INV-2026-01036,CUST24084,"7,705.00",WALLET,16-08-2026 13:42,
order_2OL2c6Lv4OIPLA,pay_8bF4sgiLGyvVAe,INV-2026-01037,CUST32003,"34,512.00",UPI,20-08-2026 22:45,
order_obNmRyTU7N5P5j,pay_5ajUiycTPoHmxK,INV-2026-01038,CUST39922,"43,530.00",UPI,11-08-2026 19:03,
order_NkdpUdBZRAuDZl,pay_ltWJZuyOOKTMud,INV-2026-01039,CUST47841,"3,865.00",UPI,04-08-2026 16:17,
order_p8j7fEWRKDFHN3,pay_tB2pcAW2LisdL5,INV-2026-01040,CUST55760,"7,078.00",CARD,14-08-2026 21:18,
order_vqlLTGfFceXxJk,pay_FRIB2o6pY8I67w,INV-2026-01041,CUST63679,589.00,WALLET,03-08-2026 07:54,
order_IWsqWVzYGEQrcs,pay_bqvKqJeP73zmn8,INV-2026-01042,CUST71598,"3,755.00",UPI,21-08-2026 07:41,
order_UWBLh3a3mV8NaM,pay_BJgq1j878DOaD6,INV-2026-01043,CUST79517,"28,214.00",UPI,14-08-2026 10:36,
order_EK54meetwO6Aso,pay_MwelaLKnltLTMe,INV-2026-01044,CUST87436,"1,892.00",WALLET,20-08-2026 09:26,
order_GfVscF1zZgKr90,pay_ie7VZlmSt7oiFJ,INV-2026-01045,CUST95355,"2,889.00",UPI,13-08-2026 22:11,
order_h0Ys8zS5C7vNKE,pay_ZB77mMLlt5kxN0,INV-2026-01046,CUST13274,"2,798.00",UPI,11-08-2026 18:35,
order_GbWcV5rJWzcdK0,pay_4FW13ECGtaaJnZ,INV-2026-01047,CUST21193,"1,288.00",NETBANKING,15-08-2026 14:57,
order_zVRgMqWQFdxGzt,pay_F1jMVDsLlUuG1m,INV-2026-01048,CUST29112,"2,599.00",UPI,21-08-2026 17:33,
order_G7h0KtE4DXhg6w,pay_UnArUrWlRTOAk8,INV-2026-01049,CUST37031,"3,736.00",CARD,04-08-2026 16:25,
order_kCtxpHksL8CbSo,pay_0p9IBgdxv4xUwq,INV-2026-01050,CUST44950,"9,898.00",UPI,05-08-2026 17:22,
order_dF9vQx6MfJ6Zw5,pay_dTjwgabcvHNtbn,INV-2026-01051,CUST52869,99.00,UPI,14-08-2026 07:31,
order_Yo44SEHfVYyKNJ,pay_gEU4NO5zgD9ynO,INV-2026-01052,CUST60788,"8,844.00",UPI,12-08-2026 09:54,
order_wi8Uvw3DE9mZwK,pay_YN1mOVqCG9zWw0,INV-2026-01053,CUST68707,"7,223.00",CARD,13-08-2026 10:51,
order_Z1CEfiYdBn3p8C,pay_GO5on7h4kBaTD6,INV-2026-01054,CUST76626,"4,104.00",NETBANKING,21-08-2026 13:23,
order_C7E4sqwVDtDNPC,pay_uX7exkN42nT6Yf,INV-2026-01055,CUST84545,"1,291.00",NETBANKING,21-08-2026 07:19,
order_GHwsMe0AzxSYhL,pay_WZtpgxcBuJfcf2,INV-2026-01056,CUST92464,"1,494.00",UPI,14-08-2026 18:58,
order_wgGpQQKqTBieu1,pay_J0nSzqecraLHyK,INV-2026-01057,CUST10383,"8,302.00",UPI,19-08-2026 19:37,1992.00
order_tjHztFuxwzaVpV,pay_GjPNimpG0t0uu2,INV-2026-01058,CUST18302,"1,027.00",CARD,13-08-2026 16:38,
order_RRCCLKelCTjmVC,pay_2bGXr2X4fv5FKd,INV-2026-01059,CUST26221,"7,914.00",UPI,20-08-2026 16:46,
order_7ExnXIpwcxhehy,pay_bWS3yk37jfTced,INV-2026-01060,CUST34140,"2,382.00",CARD,19-08-2026 17:04,
order_LqJKyrMMnUnCJi,pay_R0K5e7raeaYI5Q,INV-2026-01061,CUST42059,"6,570.00",UPI,18-08-2026 18:53,
order_yXtOWePAaVbhvZ,pay_wdB3hD8wZ8J5ur,INV-2026-01062,CUST49978,"1,075.00",WALLET,19-08-2026 22:36,
order_VqUUXkud56Q7mF,pay_UlF3GCoUD0BIY2,INV-2026-01063,CUST57897,"3,452.00",WALLET,16-08-2026 13:17,
order_rnVPzSlqDJUnDG,pay_5Kd60mzM6CgOqg,INV-2026-01064,CUST65816,"15,570.00",CARD,20-08-2026 16:00,
order_gCBK0zBGo9sNd5,pay_i56au1hnPEn7gn,INV-2026-01065,CUST73735,529.00,UPI,11-08-2026 07:02,
order_UAV6kW5ecjmJSM,pay_4rE7VV3nBOjhoz,INV-2026-01066,CUST81654,"2,635.00",UPI,22-08-2026 17:41,
order_WAJVWhxkCDdoYK,pay_SOGksSk1qiANqJ,INV-2026-01067,CUST89573,828.00,UPI,14-08-2026 09:53,
order_G9p2exxXWIiVwH,pay_Vf0sC1d2VBI0tV,INV-2026-01068,CUST97492,"7,821.00",CARD,18-08-2026 19:07,
order_xv8afEP9mXNUXv,pay_2aYaeXNv4Wgrnk,INV-2026-01069,CUST15411,"44,066.00",UPI,23-08-2026 21:38,44066.00
order_lXIFg2BsLe15li,pay_ld5ofimYtxjMjz,INV-2026-01070,CUST23330,699.00,UPI,15-08-2026 17:41,
order_niMmfFGm3dKTHq,pay_8id7MF1QyLHqdF,INV-2026-01071,CUST31249,"7,324.00",NETBANKING,05-08-2026 18:34,
order_EKKDd9wkiGKdnG,pay_Urh5hlYnqT39Sl,INV-2026-01072,CUST39168,"1,279.00",CARD,21-08-2026 10:10,
order_UWskOwVu4h8nxr,pay_Jz3MidQ9MajM0U,INV-2026-01073,CUST47087,314.00,CARD,15-08-2026 19:32,
order_0exCnH52OiosD4,pay_xOD3d8tVBQUQjU,INV-2026-01074,CUST55006,"10,302.00",UPI,03-08-2026 08:08,
order_oZC5XCCn83Dasr,pay_EYAzxR6QPz6sdE,INV-2026-01075,CUST62925,"16,523.00",UPI,21-08-2026 17:03,
order_T3DmOnfcDivH3W,pay_in5D3S93kqaRxq,INV-2026-01076,CUST70844,"17,436.00",CARD,18-08-2026 11:09,
order_p0Z89ddG7ZkQct,pay_8RaBamgYr153Ky,INV-2026-01077,CUST78763,"7,254.00",UPI,16-08-2026 18:19,2466.00
order_E6vMX96vXiAxxS,pay_eegPPVikleQtkY,INV-2026-01078,CUST86682,"1,068.00",NETBANKING,12-08-2026 17:38,
order_IooLoK3IWhfcTm,pay_obRhZ1oJIR14o9,INV-2026-01079,CUST94601,"6,828.00",UPI,12-08-2026 16:06,
order_7BY8Za0ZTzRowK,pay_FOjtDi7dikMIPx,INV-2026-01080,CUST12520,"7,289.00",CARD,23-08-2026 17:06,
order_AZoi8mMCNyATPU,pay_sEnwhuuHYn9dEi,INV-2026-01081,CUST20439,"16,610.00",CARD,10-08-2026 19:10,
order_vgNzqxOjtPKCcT,pay_HEhYV03qCxZ8NG,INV-2026-01082,CUST28358,365.00,NETBANKING,03-08-2026 11:22,
order_9PRcfN2BkBJfAH,pay_CDRgLcuxIVsRXF,INV-2026-01083,CUST36277,"1,150.00",UPI,11-08-2026 10:01,
order_Jhg092DEZ9WcLO,pay_8ABWvu5EWeVfyE,INV-2026-01084,CUST44196,"5,052.00",UPI,05-08-2026 17:19,1970.00
order_HwCaQ7hYM7Q21Y,pay_7QIndoMdkHcakT,INV-2026-01085,CUST52115,"1,321.00",UPI,05-08-2026 11:11,
order_9DIpGCFSiny7qD,pay_rtFcALBFMiGxvT,INV-2026-01086,CUST60034,"44,785.00",NETBANKING,20-08-2026 07:22,
order_AB38y8TK4SucOz,pay_faiYoTtxkMduxE,INV-2026-01087,CUST67953,"18,105.00",CARD,07-08-2026 13:58,
order_Lp1tiVIMHAPSTC,pay_XyvIYwdtnuN86R,INV-2026-01088,CUST75872,"4,470.00",UPI,09-08-2026 13:51,
order_gnnBFDl4CzamO8,pay_Qj3LbT66762JLw,INV-2026-01089,CUST83791,770.00,UPI,20-08-2026 13:49,
order_HrQA8qmK1BQmDR,pay_NMlPZnhFyx8jpt,INV-2026-01090,CUST91710,"28,820.00",CARD,15-08-2026 09:47,
order_MfHVegnTMzQQeB,pay_rNJB2qrfjYOMqh,INV-2026-01091,CUST99629,"21,576.00",UPI,04-08-2026 14:12,
order_9vgZd01TxLGALI,pay_2nRQcOlO4bztXc,INV-2026-01092,CUST17548,"4,422.00",UPI,16-08-2026 15:33,
order_dfIbMCNiuRtLqS,pay_k8NNbgytC0KbDh,INV-2026-01093,CUST25467,"18,098.00",UPI,05-08-2026 22:40,
order_X6VVDDdxfgR068,pay_1Zuc5WXI7BD4Y7,INV-2026-01094,CUST33386,"1,192.00",UPI,20-08-2026 08:49,
order_VzGpMVU77jOh5c,pay_jrrAXYRgSd1mMO,INV-2026-01095,CUST41305,"2,093.00",CARD,23-08-2026 17:39,
order_ciyJs9id7G2u4s,pay_RdHVL8bNoXWFKg,INV-2026-01096,CUST49224,816.00,UPI,11-08-2026 11:51,
order_FpbXCUIUljF9se,pay_88WymfNLJxctvf,INV-2026-01097,CUST57143,"12,098.00",UPI,14-08-2026 07:21,
order_apM3t62iKv17yZ,pay_dFilL5NbuOHfzb,INV-2026-01098,CUST65062,"5,150.00",CARD,06-08-2026 12:41,
order_zfWllLYkxvI7RN,pay_DQWYuzN2Lr5sG8,INV-2026-01099,CUST72981,"2,678.00",UPI,08-08-2026 10:33,
order_N33NapbjUCr6Ua,pay_9RLYzkh6JABLQ4,INV-2026-01100,CUST80900,"1,011.00",UPI,17-08-2026 19:44,
order_QCfjYxB2eXQDyq,pay_8DYSbExx6ZZI4k,INV-2026-01101,CUST88819,"1,354.00",CARD,22-08-2026 22:37,
order_gtd8EWsOg4lY0X,pay_jbid5vaWltcu2Y,INV-2026-01102,CUST96738,"16,835.00",UPI,14-08-2026 21:21,5892.00
order_Ac41yi4CQgftBa,pay_pUOK8VDOSpNxIY,INV-2026-01103,CUST14657,"1,215.00",UPI,23-08-2026 20:53,
order_3wfXCbdEDvuIOk,pay_AEiBCaEjjxOa4f,INV-2026-01104,CUST22576,"27,983.00",UPI,14-08-2026 07:18,
order_pNFlI296VPubR5,pay_BR0QocBuFTC9ao,INV-2026-01105,CUST30495,366.00,UPI,22-08-2026 18:19,366.00
order_SQsSpOxlOvn1Ef,pay_qz6DiQa9DR5DG8,INV-2026-01106,CUST38414,"4,942.00",UPI,21-08-2026 18:58,
order_w7rE862qv1dvW5,pay_DqtWkkPvqFkKNI,INV-2026-01107,CUST46333,"26,339.00",CARD,14-08-2026 13:03,
order_7A1O2VgSlZPFK3,pay_a8Np2TDxLDM5IJ,INV-2026-01108,CUST54252,696.00,CARD,04-08-2026 22:01,
order_UWBLh3a3mV8NaM,pay_BJgq1j878DOaD6,INV-2026-01109,CUST62171,"28,214.00",UPI,14-08-2026 10:36,
order_ql3FHZ2yXhkZ7f,pay_iOoSEFGqAUZrc7,INV-2026-01110,CUST70090,"6,191.00",WALLET,21-08-2026 20:32,
order_LT1qqH2kEnl1sX,pay_3Vq1INrZZ4mUkd,INV-2026-01111,CUST78009,489.00,NETBANKING,03-08-2026 15:30,
order_RGZUQgh5ANugIQ,pay_520lQCHg3Ejkrd,INV-2026-01112,CUST85928,"8,457.00",UPI,14-08-2026 18:35,
order_crp4S9UWCKs1ir,pay_WTIsnbKMrGkHeU,INV-2026-01113,CUST93847,"4,147.00",UPI,12-08-2026 09:04,
order_thZpNbVAyJCPyA,pay_lNaYoFA1FP5wVL,INV-2026-01114,CUST11766,"1,443.00",UPI,11-08-2026 16:06,
order_T01IWIB9jRGrfs,pay_3tuHgqH7K3fszN,INV-2026-01115,CUST19685,"35,025.00",WALLET,05-08-2026 07:18,
order_Nb3xFKRHIP1Exk,pay_WuLYGaAQ9c1kuk,INV-2026-01116,CUST27604,"3,786.00",UPI,07-08-2026 09:33,
order_RE3Ia0s5sDIzIN,pay_NAyrqekgyRnu34,INV-2026-01117,CUST35523,"16,461.00",UPI,05-08-2026 21:33,16461.00
order_yp5XiFelw0lNIe,pay_8Aw8D1v2Hjn36G,INV-2026-01118,CUST43442,"41,176.00",UPI,16-08-2026 09:32,
order_0Cf8Ydq1sPA6bA,pay_WhSvTh3Rew9DIn,INV-2026-01119,CUST51361,"17,524.00",NETBANKING,08-08-2026 09:56,
order_NSl99OdzrYdClA,pay_kNCqZRCFK3VOOx,INV-2026-01120,CUST59280,589.00,NETBANKING,23-08-2026 08:07,
order_cBICEWLudirkXj,pay_XetRf3IMqnlPNI,INV-2026-01121,CUST67199,"21,836.00",UPI,06-08-2026 20:22,
order_8g0poLKKE00sGr,pay_wDVxQgfNBPJGWg,INV-2026-01122,CUST75118,"32,246.00",UPI,06-08-2026 20:10,
order_E3ZEQVEGuH1prb,pay_FpygzNIS5GV73R,INV-2026-01123,CUST83037,"18,998.00",UPI,18-08-2026 16:52,
order_ACcwSz252dgKOS,pay_VkvfwYjuU463xk,INV-2026-01124,CUST90956,"29,871.00",CARD,15-08-2026 11:13,15532.00
order_bjG6xnY0QLZhEQ,pay_ZXXbGb3AO1ZdIp,INV-2026-01125,CUST98875,"2,242.00",UPI,16-08-2026 18:46,2242.00
order_BzlY1BvVGnEFJA,pay_8Z63a06A7gejR7,INV-2026-01126,CUST16794,"1,213.00",UPI,09-08-2026 21:01,
order_DjW2ExBxYwSR0X,pay_3FvIgUeNwhwYj8,INV-2026-01127,CUST24713,"3,498.00",UPI,23-08-2026 07:12,
order_a254W9hNKkGpud,pay_ZHZCy09lXOfpEW,INV-2026-01128,CUST32632,"16,297.00",UPI,16-08-2026 13:13,
order_Ir797AXpNcRVjG,pay_AZrd3jd81sKGDp,INV-2026-01129,CUST40551,"12,783.00",UPI,12-08-2026 07:01,
order_BuYQUDzJjJaG21,pay_iiec6GYNn1jQuW,INV-2026-01130,CUST48470,"4,896.00",UPI,21-08-2026 09:18,
order_BbRPPs53jFexkG,pay_zGCCtGDjghevRS,INV-2026-01131,CUST56389,882.00,UPI,18-08-2026 22:19,
order_M4BCChRB0ZSEyh,pay_kYcmDIYiTlBGuF,INV-2026-01132,CUST64308,"15,725.00",NETBANKING,18-08-2026 17:45,
order_d6A13pjeg9Jmja,pay_DR0dxm4c6K5doz,INV-2026-01133,CUST72227,759.00,UPI,10-08-2026 14:13,
order_vArbrUm9gtohEY,pay_lrjbGL14fdwcQA,INV-2026-01134,CUST80146,"2,320.00",UPI,19-08-2026 13:58,
order_blEEfxxmPdSL2H,pay_a52o9eAeIC6iXJ,INV-2026-01135,CUST88065,"1,559.00",NETBANKING,05-08-2026 13:32,
order_m0An5uQujp2Bmr,pay_0ZBGAgkDFNbCN0,INV-2026-01136,CUST95984,501.00,UPI,17-08-2026 11:18,
order_NP2QbkWABI4cWJ,pay_PQjux78UBzi78E,INV-2026-01137,CUST13903,"6,603.00",NETBANKING,04-08-2026 20:16,
order_vxMgIzkOfkbIe2,pay_2k4aXZXlm05soo,INV-2026-01138,CUST21822,"25,607.00",UPI,16-08-2026 15:21,
order_HyeS5QmdDkdV5Z,pay_bpbvxcyUmQHovS,INV-2026-01139,CUST29741,"29,019.00",UPI,05-08-2026 17:49,
order_znGk2mEoGLZfxK,pay_14GAYshl1asiu7,INV-2026-01140,CUST37660,"6,108.00",UPI,10-08-2026 08:44,
order_O2oRmHcYJ3kK4L,pay_58nis0QIUOZNwj,INV-2026-01141,CUST45579,"7,898.00",WALLET,17-08-2026 10:21,
order_sekoNXMVwAlG4q,pay_rYOgpQqqByKFll,INV-2026-01142,CUST53498,869.00,CARD,13-08-2026 19:21,
order_PhK6HZmIESP3Pg,pay_OJig6ec1bImPpk,INV-2026-01143,CUST61417,"32,046.00",UPI,22-08-2026 15:39,
order_tYVFQe8DHNrU6t,pay_ieiOCsDQ7XGcuy,INV-2026-01144,CUST69336,"43,987.00",UPI,15-08-2026 12:22,
order_NwiDWt8DK4pKOf,pay_0Iet3B1fJhSBEh,INV-2026-01145,CUST77255,"13,778.00",UPI,19-08-2026 14:59,
order_L2wbt2Wt57uxl6,pay_0fLpgSe6KEJTGK,INV-2026-01146,CUST85174,"3,785.00",UPI,15-08-2026 18:27,
order_TxXRYKiNJjgWYa,pay_ZmxJSHNbwM4JRp,INV-2026-01147,CUST93093,"7,240.00",UPI,13-08-2026 08:03,
order_xbmqTOkYjnJn9x,pay_CKOCB6gEHCcAHp,INV-2026-01148,CUST11012,"2,178.00",CARD,20-08-2026 09:37,
order_0uoUxzkJ1ONJS9,pay_OwXk0xtTlWwpOh,INV-2026-01149,CUST18931,"4,423.00",CARD,10-08-2026 08:48,
order_W9Jxnb11X7Awve,pay_FEoQwORo7QUWDx,INV-2026-01150,CUST26850,775.00,UPI,23-08-2026 12:16,
order_gpMsanWt5DGz2l,pay_1VaTKAyWO11Dqt,INV-2026-01151,CUST34769,"1,030.00",UPI,22-08-2026 17:33,
order_j4PtV9rELudi28,pay_MoShcVhOIGrMQF,INV-2026-01152,CUST42688,638.00,UPI,09-08-2026 20:56,
order_2afDS7V6dcPX0S,pay_I2iZPfQ41bUxE5,INV-2026-01153,CUST50607,"1,298.00",UPI,15-08-2026 16:19,
order_ac4QnHsQrCSa7i,pay_LdPK03e70YYuU8,INV-2026-01154,CUST58526,"30,410.00",CARD,12-08-2026 14:42,
order_PDkdZ2Uoh53d5B,pay_pMOlIbuEWdgIkV,INV-2026-01155,CUST66445,650.00,NETBANKING,18-08-2026 22:25,
order_dlUYYY3AZS9pxd,pay_k0F856rqP0yqrN,INV-2026-01156,CUST74364,817.00,NETBANKING,19-08-2026 17:16,
order_H767ph5Sqo7g2N,pay_bjSY9h3Ucd6YeJ,INV-2026-01157,CUST82283,276.00,UPI,04-08-2026 15:23,
order_cv4HNvAwpziH0H,pay_XjmeGSbjJZRDEO,INV-2026-01158,CUST90202,"2,695.00",UPI,07-08-2026 12:27,
order_5yD3HN8kjsal5D,pay_b90vcmhjzRirSZ,INV-2026-01159,CUST98121,"4,014.00",UPI,19-08-2026 07:39,
order_P5ve1O77lIQoyx,pay_Szpj0l1uXAW6Ke,INV-2026-01160,CUST16040,397.00,UPI,18-08-2026 17:13,
order_U4w8hcubwlyoci,pay_Th54Z7k1KWzbRf,INV-2026-01161,CUST23959,"14,186.00",CARD,14-08-2026 19:58,
order_4CQCYBnE4QV3Je,pay_yTFytBv73YAu6O,INV-2026-01162,CUST31878,249.00,CARD,03-08-2026 17:02,
order_F5TGFJs4UJWR9J,pay_1WdDH8XwKcumhN,INV-2026-01163,CUST39797,"4,296.00",UPI,08-08-2026 22:48,
order_qQstnKSanr9yUM,pay_fA4gRqcekGZ7PU,INV-2026-01164,CUST47716,"15,664.00",CARD,08-08-2026 20:54,
order_37R1yrZPQfOxPU,pay_9wzeSo4BQAfOrv,INV-2026-01165,CUST55635,"1,184.00",UPI,06-08-2026 22:51,
order_P6c24OBMxBNsAL,pay_WP2523vIfGiAb3,INV-2026-01166,CUST63554,762.00,UPI,03-08-2026 17:58,
order_bUCuqadbDRuqu1,pay_zQepMdrnaCe2GA,INV-2026-01167,CUST71473,"7,590.00",UPI,06-08-2026 17:19,
order_QXtJeTX4Y6tVsn,pay_FRThe08SEAh2qL,INV-2026-01168,CUST79392,"28,507.00",UPI,22-08-2026 13:10,
order_KhUAyqPWn02xV1,pay_Y71mvhNKT6zLFT,INV-2026-01169,CUST87311,679.00,NETBANKING,20-08-2026 15:32,679.00
order_U6scJAGrjgzF4L,pay_yLaS3eJwqVRWfM,INV-2026-01170,CUST95230,"22,195.00",UPI,06-08-2026 19:41,
order_uejiANKgGuqudy,pay_neBVnOmNxfqtGv,INV-2026-01171,CUST13149,"4,599.00",CARD,03-08-2026 08:19,
order_7LTKsaG5HKoGsz,pay_hjmJaFNtw95STl,INV-2026-01172,CUST21068,"1,252.00",UPI,23-08-2026 15:02,
order_QS7BBvtUUnzw0j,pay_DOkV3WBhRiO4Od,INV-2026-01173,CUST28987,"24,819.00",NETBANKING,04-08-2026 08:35,
order_mNN68VnhB5IWcu,pay_OusRQBAuiEHobD,INV-2026-01174,CUST36906,"29,427.00",NETBANKING,03-08-2026 13:06,
order_X0VPozTK1OVkgB,pay_vlAmZQvBEYxVbZ,INV-2026-01175,CUST44825,"2,056.00",UPI,18-08-2026 18:43,
order_2tofk6z8nhTZ6K,pay_rURmad4lfXoP7O,INV-2026-01176,CUST52744,"2,416.00",CARD,05-08-2026 21:49,
order_0MrT91u7dfr93s,pay_MUxxkfCWH3h0H9,INV-2026-01177,CUST60663,"1,064.00",UPI,14-08-2026 22:59,
order_tpcrBck3kpwWgX,pay_NqNq54SClXT1Tg,INV-2026-01178,CUST68582,"1,049.00",CARD,14-08-2026 07:13,
order_uymBwJwtnV7rsy,pay_iPxGRxClPLhNPR,INV-2026-01179,CUST76501,630.00,UPI,05-08-2026 20:35,
order_26eh6O47zdTT7F,pay_73cnVcwyEv6aSX,INV-2026-01180,CUST84420,"7,918.00",UPI,18-08-2026 20:26,1900.00
order_ywOLtlIFkCWoXK,pay_Nn7X9i6Txxw2zm,INV-2026-01181,CUST92339,588.00,CARD,04-08-2026 10:56,
order_KOTHfiAPfjGiEP,pay_TFiihFreCAykJd,INV-2026-01182,CUST10258,866.00,CARD,11-08-2026 10:32,
order_GpKxXMH0MqBb4j,pay_iPVOqXOaH76Mhb,INV-2026-01183,CUST18177,"14,683.00",UPI,12-08-2026 09:42,
order_wIZO0rtmOsjYku,pay_wHGu1jv4GVmYBs,INV-2026-01184,CUST26096,947.00,UPI,07-08-2026 11:29,
order_UtskvNSjI600jQ,pay_EKD9YbfALraccH,INV-2026-01185,CUST34015,741.00,UPI,10-08-2026 18:15,
order_7NEf2YksMRolus,pay_XfSKeLgoA4FgSu,INV-2026-01186,CUST41934,"21,848.00",UPI,22-08-2026 22:42,10487.00
order_WzwN59RlIDq2hu,pay_A54cqGRJtczRPE,INV-2026-01187,CUST49853,"5,795.00",CARD,03-08-2026 07:31,
order_bAXkQfEK1ZhOcf,pay_IC09OCybhQYPZN,INV-2026-01188,CUST57772,"1,472.00",UPI,14-08-2026 18:05,
order_TN0tXjHAd8w7O9,pay_yKTJ5YGf7xH2J2,INV-2026-01189,CUST65691,"25,055.00",UPI,17-08-2026 17:13,
order_Q2trsJ31eU5SS3,pay_bG2GlrClvF98OV,INV-2026-01190,CUST73610,"17,682.00",UPI,09-08-2026 09:29,
order_crN2rq0nWEXfbB,pay_tiInqrwN2spX5i,INV-2026-01191,CUST81529,"11,101.00",CARD,06-08-2026 13:37,
order_9kxu2aZTGwrRlx,pay_L4J37jg4vgVIPz,INV-2026-01192,CUST89448,"7,441.00",NETBANKING,06-08-2026 21:06,
order_owqGmaspPNg1wi,pay_0CwR83GnEpdQAg,INV-2026-01193,CUST97367,"1,065.00",UPI,11-08-2026 16:10,
order_inv7pwk53gp2IF,pay_MhSVtFAPWkw5OD,INV-2026-01194,CUST15286,779.00,UPI,12-08-2026 13:19,
order_FTcyKyKP7ZW0oX,pay_NKth6wuepoyVXN,INV-2026-01195,CUST23205,"6,135.00",WALLET,13-08-2026 21:30,
order_3GQotHjLkmgP2a,pay_fJ0PdsJozMnHv6,INV-2026-01196,CUST31124,"42,354.00",CARD,10-08-2026 09:58,
order_r2quToN7ohmCFh,pay_W3WppIw9QhG7Dz,INV-2026-01197,CUST39043,"4,530.00",UPI,08-08-2026 11:25,
order_4CQCYBnE4QV3Je,pay_yTFytBv73YAu6O,INV-2026-01198,CUST46962,249.00,CARD,03-08-2026 17:02,
order_kiKRBXKeX4iPp4,pay_dWqY481Z8Nl7qC,INV-2026-01199,CUST54881,"40,539.00",UPI,16-08-2026 08:19,
order_yqkaWFkeNohdeG,pay_gDjXmoQuGizvCb,INV-2026-01200,CUST62800,381.00,UPI,05-08-2026 07:23,
order_Vh1jduGgKbn8PD,pay_wbSXATRVfIbKb5,INV-2026-01201,CUST70719,780.00,UPI,15-08-2026 22:51,
order_oDPfFfpv3g1gqK,pay_u89NbSmvSm2JoO,INV-2026-01202,CUST78638,"1,209.00",NETBANKING,20-08-2026 16:11,
order_cpPfRfwsFYIqm3,pay_Dl8iiGecdJCOPn,INV-2026-01203,CUST86557,"26,976.00",UPI,20-08-2026 19:31,
order_sneITN8XfezTua,pay_6eVeU1A7J7DMHz,INV-2026-01204,CUST94476,"1,397.00",UPI,06-08-2026 17:10,
order_rTU2EoJ6bVOopg,pay_NLbGr7oJoaejPF,INV-2026-01205,CUST12395,"5,996.00",UPI,16-08-2026 07:28,
order_NlSrYAPKWgRmuS,pay_vpvbmUycebmin7,INV-2026-01206,CUST20314,"1,486.00",UPI,04-08-2026 13:22,
order_nUpTEIspLuTsUm,pay_nrcouVAy2ElkEo,INV-2026-01207,CUST28233,"27,104.00",UPI,11-08-2026 15:34,
order_VGqs5hvlPtIAKu,pay_oeoKC9IHjKhUcp,INV-2026-01208,CUST36152,"1,253.00",UPI,21-08-2026 10:12,
order_dAGuycYZDnaU9s,pay_WATHcmSUTeaQfp,INV-2026-01209,CUST44071,367.00,CARD,14-08-2026 20:53,
order_fC3uMQsaAam6cc,pay_DAt3UzPHYGTeKy,INV-2026-01210,CUST51990,"6,531.00",UPI,04-08-2026 08:39,
order_UDUQbZXYHxhimZ,pay_IPvyKhVao8UqpP,INV-2026-01211,CUST59909,655.00,NETBANKING,12-08-2026 12:34,
order_HtbnA1KyeBQvuv,pay_za9IFfHo5s0LYm,INV-2026-01212,CUST67828,625.00,UPI,15-08-2026 10:08,
order_21SOYS8odsA6YG,pay_CcSU5OUHVnQ5Sa,INV-2026-01213,CUST75747,776.00,UPI,21-08-2026 22:31,
order_xsTniYN3DD2aGo,pay_xQT88f19DLhWxl,INV-2026-01214,CUST83666,"16,414.00",UPI,06-08-2026 07:37,
order_hG4ub0sYSi88CJ,pay_W13bKY6xMYbniL,INV-2026-01215,CUST91585,387.00,UPI,04-08-2026 20:45,
order_usT4dn68GXTCMi,pay_3sWBgb6Wzqah49,INV-2026-01216,CUST99504,"7,950.00",UPI,04-08-2026 13:28,
order_zaDsPTvcuNrDx2,pay_2Y41kNjlINvqF2,INV-2026-01217,CUST17423,"11,310.00",UPI,20-08-2026 16:36,
order_mYcMU1HQtwIXru,pay_8ynvYGUwzXLnO6,INV-2026-01218,CUST25342,"3,593.00",NETBANKING,17-08-2026 09:33,
order_0u8CEjhwHHztRm,pay_9z4HqUoozzejIk,INV-2026-01219,CUST33261,"2,778.00",NETBANKING,07-08-2026 16:17,
order_lnzA7E8wSrXRii,pay_wx0DMDOZxIwRG9,INV-2026-01220,CUST41180,"2,274.00",CARD,13-08-2026 18:13,
order_Z1REnUwTrrJ1tX,pay_Hxl5KbZ9opKa6M,INV-2026-01221,CUST49099,"15,226.00",CARD,16-08-2026 12:40,
order_5byVKsh9ViIPbd,pay_pJeKh0f74t3SPG,INV-2026-01222,CUST57018,"1,330.00",UPI,17-08-2026 10:51,
order_TPiOj0KSwiZfx0,pay_1dauY0Javfs15n,INV-2026-01223,CUST64937,"2,831.00",CARD,13-08-2026 18:15,
order_q2TqbloQKCb3Ar,pay_xZDlSvSZEWvf5O,INV-2026-01224,CUST72856,"6,134.00",UPI,04-08-2026 14:04,
order_o0o0gOxg9oS8WD,pay_BD2tXlV8IRsyxI,INV-2026-01225,CUST80775,"33,098.00",CARD,17-08-2026 18:55,
order_2DL3apQuMrvbm7,pay_OwSXZtPfX76boC,INV-2026-01226,CUST88694,"38,938.00",CARD,05-08-2026 17:03,
order_KHdmN1h343KrcH,pay_58n6oeRLQUN6tU,INV-2026-01227,CUST96613,"7,467.00",UPI,07-08-2026 19:27,
order_hj9zPGmganu6Ym,pay_qQYFnysUkBy7BE,INV-2026-01228,CUST14532,"6,537.00",WALLET,23-08-2026 19:20,2026.00
order_sdFtEfHlsf452i,pay_PTSiLn58Lxa3wg,INV-2026-01229,CUST22451,"4,087.00",CARD,14-08-2026 15:56,
order_vYDPbmFY88WdIo,pay_MClJI6iuasoUSw,INV-2026-01230,CUST30370,"32,689.00",UPI,08-08-2026 14:49,
order_CpGE9rw6ObSXHU,pay_uxlviDExF5DIhC,INV-2026-01231,CUST38289,"41,265.00",UPI,18-08-2026 21:18,
order_Ln2zMEjEMixQwQ,pay_gCXicPHpb3GhVG,INV-2026-01232,CUST46208,"20,404.00",UPI,17-08-2026 20:33,
order_MZG1Zg4rS4DdyY,pay_d6P0oZeVAGIEBX,INV-2026-01233,CUST54127,"3,121.00",UPI,18-08-2026 14:14,
order_kPzNmhmDkmjkuU,pay_HOlKxRpVPWtaGN,INV-2026-01234,CUST62046,"3,492.00",CARD,03-08-2026 19:41,
order_kj52bDa5SVhgxM,pay_zVlLtca7rihAMr,INV-2026-01235,CUST69965,"1,091.00",NETBANKING,06-08-2026 22:02,
order_ET6vGUOB3J9rs1,pay_mpHj05BBUEmDAf,INV-2026-01236,CUST77884,"1,857.00",UPI,13-08-2026 07:14,
order_FuljSezPIN1XoO,pay_BjUk01G9vycMC3,INV-2026-01237,CUST85803,962.00,UPI,09-08-2026 17:24,
order_121x4GRgxt2cQp,pay_4YgYJaes7cMLnh,INV-2026-01238,CUST93722,"8,614.00",UPI,12-08-2026 13:36,
order_e6WhyiuHvLtGlM,pay_KwxkhHKLT10ov7,INV-2026-01239,CUST11641,"7,154.00",WALLET,11-08-2026 12:58,
order_KRakjOCRkcNGWj,pay_LvYodIiGiSFpPd,INV-2026-01240,CUST19560,"7,170.00",UPI,11-08-2026 15:22,
order_SGYjTSdhs09rEc,pay_pc0b8pmgdAoRW6,INV-2026-01241,CUST27479,996.00,UPI,10-08-2026 14:22,
order_SvXmXry9Xrp7n0,pay_AsJ9BqcHNHyq0S,INV-2026-01242,CUST35398,"7,429.00",CARD,15-08-2026 22:06,7429.00
order_8QI78hdFXWpTLS,pay_eSNzp3HuGAx0Kr,INV-2026-01243,CUST43317,"36,617.00",UPI,13-08-2026 22:08,
order_dVxirIXp9F3vRL,pay_3LDJk2ppT9xwLw,INV-2026-01244,CUST51236,"4,581.00",UPI,10-08-2026 07:20,
order_T1qS703W7lpJZG,pay_VBlhuQDFsqYiLv,INV-2026-01245,CUST59155,"34,573.00",CARD,15-08-2026 22:07,
order_b1SRlF2m91yleO,pay_yCTNGLHJHVNPlF,INV-2026-01246,CUST67074,"31,439.00",CARD,22-08-2026 14:02,31439.00
order_69LVH7UWkrL9Tx,pay_Perbin2djwbdER,INV-2026-01247,CUST74993,"5,429.00",CARD,21-08-2026 11:25,
order_7JFgEiTHAtNJQj,pay_7CAy0GaAUG2DeK,INV-2026-01248,CUST82912,"2,084.00",UPI,17-08-2026 14:40,416.00
order_S716G3k75DqPpO,pay_eTPd4xUe5QoSyk,INV-2026-01249,CUST90831,205.00,UPI,13-08-2026 15:56,
order_gvrvkfoYcgX5Ev,pay_or0tiUc9pDLEhh,INV-2026-01250,CUST98750,"32,619.00",UPI,04-08-2026 07:50,
order_DaTfjEk8AJBtXe,pay_mPutpvq2IqLE9z,INV-2026-01251,CUST16669,"1,435.00",UPI,05-08-2026 07:26,
order_Ra563nLRLkYnPv,pay_YUPoct86nidKoc,INV-2026-01252,CUST24588,"1,444.00",CARD,21-08-2026 15:05,
order_NDpw2y1oEMrxEG,pay_wjIpn40P2lGOWp,INV-2026-01253,CUST32507,"37,372.00",UPI,07-08-2026 19:21,
order_Nu1x44PKBfWWgA,pay_6z57E987uD4gKH,INV-2026-01254,CUST40426,809.00,UPI,16-08-2026 09:20,
order_Ok9sEkFoATRnh6,pay_NwA7xMCgIJqKpa,INV-2026-01255,CUST48345,621.00,UPI,18-08-2026 10:03,
order_5D14SOexpmT7n4,pay_Su3x5FkgcwnfGW,INV-2026-01256,CUST56264,"5,902.00",CARD,08-08-2026 22:45,
order_QYElijLQbIx6oD,pay_reEvc0x8TvDNkF,INV-2026-01257,CUST64183,"4,868.00",CARD,22-08-2026 18:53,
order_p9E70YS7qCsbrU,pay_Uk4GnH3sugnIn6,INV-2026-01258,CUST72102,"24,305.00",UPI,05-08-2026 21:45,
order_LfGJm1XFlX3rC7,pay_pFn91ZJE8w46tU,INV-2026-01259,CUST80021,609.00,UPI,14-08-2026 12:42,
order_glalgbTuMXqCNf,pay_cdvccrzSBhZ69F,INV-2026-01260,CUST87940,"1,176.00",UPI,23-08-2026 20:44,
order_IpskEPafdm3slE,pay_YxHaujT8pFDqnL,INV-2026-01261,CUST95859,"1,066.00",CARD,18-08-2026 07:38,
order_gX7mjjh0a3S6Gr,pay_uDD6hYcWEna1Io,INV-2026-01262,CUST13778,"1,553.00",NETBANKING,03-08-2026 22:52,
order_sRLM1vM898aAtz,pay_4GhsmDZIEsBJJt,INV-2026-01263,CUST21697,"1,457.00",UPI,06-08-2026 10:53,
order_oz14imaTpQae6s,pay_lBUo0enpkMJLNj,INV-2026-01264,CUST29616,546.00,CARD,07-08-2026 17:47,
order_fk2FS5M7MSimKF,pay_Hd08mUuhpa4VSe,INV-2026-01265,CUST37535,"10,390.00",NETBANKING,22-08-2026 19:15,
order_AwQyJoBiOhSZFR,pay_omwBmvFxrA0hYY,INV-2026-01266,CUST45454,502.00,UPI,15-08-2026 15:44,
order_dVNgkzK5nlIfEH,pay_ElzglEW5B9U4AZ,INV-2026-01267,CUST53373,"6,458.00",UPI,03-08-2026 15:28,
order_IoglbXgcUD1xeX,pay_h8TbDW4kTqRfKu,INV-2026-01268,CUST61292,"24,798.00",NETBANKING,06-08-2026 11:38,
order_BZKgrQCPrNGXjy,pay_kdqvImfB7HG0Tr,INV-2026-01269,CUST69211,"1,343.00",UPI,19-08-2026 17:02,
order_s4YrcDki9DhVlF,pay_UPgtIYRc0L98k1,INV-2026-01270,CUST77130,"23,783.00",UPI,21-08-2026 12:31,
order_VOkvOOOr6j9qQZ,pay_trwEqmYtdjxSGL,INV-2026-01271,CUST85049,"1,655.00",CARD,15-08-2026 22:28,
order_IZkpM5tfIsT9Gc,pay_zeqoLuQKLQzO5y,INV-2026-01272,CUST92968,437.00,NETBANKING,13-08-2026 17:16,
order_6RNs63bjOc4UCH,pay_QdAj2xE4u1GRZX,INV-2026-01273,CUST10887,"1,198.00",CARD,17-08-2026 09:58,
order_pKfvmYXznwjXit,pay_JTB486qm43pHme,INV-2026-01274,CUST18806,"9,709.00",UPI,06-08-2026 16:53,
order_8l9Ctb6Vih2azl,pay_dfR5dI08haCQ80,INV-2026-01275,CUST26725,"2,838.00",UPI,10-08-2026 07:14,
order_wARN5KJaYZx2eC,pay_KtWGDFWfjWBOJp,INV-2026-01276,CUST34644,"6,366.00",UPI,09-08-2026 11:20,
order_QGoYyT88BaGhP8,pay_ExT3RjFBHz4bBJ,INV-2026-01277,CUST42563,"2,597.00",CARD,23-08-2026 10:58,
order_mta9jKcKwqQVHM,pay_US7pEv3MzWsUDM,INV-2026-01278,CUST50482,"1,301.00",UPI,23-08-2026 21:02,975.00
order_ZXLKxu4QBHLuoJ,pay_7thmdRrcprEbks,INV-2026-01279,CUST58401,434.00,UPI,03-08-2026 15:48,
order_GFcubdgbp5l19z,pay_0e0BjeEAuzPKdi,INV-2026-01280,CUST66320,"3,527.00",UPI,21-08-2026 11:36,
order_ojSwI4dNq3hXOa,pay_Xs9q9oRexZYEVE,INV-2026-01281,CUST74239,"1,134.00",CARD,16-08-2026 17:33,294.00
order_1H6Nz6EQnaUhIY,pay_X1bzCXgdkwUeKi,INV-2026-01282,CUST82158,"30,129.00",WALLET,13-08-2026 14:07,
order_ybxVqmEKSPQnOy,pay_XWPbIPWFwzPf1S,INV-2026-01283,CUST90077,"4,790.00",UPI,03-08-2026 17:27,
order_p1FKXAvk4vaXBq,pay_9slEZdJlQYGdnl,INV-2026-01284,CUST97996,"1,037.00",WALLET,17-08-2026 13:14,
order_L8KgI2iXh1pfNt,pay_UVr3kWDwIaLcTk,INV-2026-01285,CUST15915,"35,729.00",UPI,13-08-2026 07:07,
order_wrizwJcgFgupii,pay_V3rpbTHLVtKXyq,INV-2026-01286,CUST23834,166.00,WALLET,12-08-2026 21:58,
order_dRfV8pfNjAUJJj,pay_t1hTzX7Qiho1o9,INV-2026-01287,CUST31753,"5,786.00",UPI,13-08-2026 19:52,
order_7mE0qhxmpjL04S,pay_MySF5SDNSJ2vrj,INV-2026-01288,CUST39672,"13,491.00",UPI,17-08-2026 18:30,
order_iCxsMRr2jFWefm,pay_rRBTBT469wjek0,INV-2026-01289,CUST47591,"2,872.00",UPI,10-08-2026 22:33,1292.00
order_rcwXtxXrTxIX7i,pay_4S3fy6U9wCqrOK,INV-2026-01290,CUST55510,"3,490.00",NETBANKING,08-08-2026 09:27,
order_ZaJVzrENUfG2HF,pay_JPKba6Yn7oIBIB,INV-2026-01291,CUST63429,"8,602.00",UPI,03-08-2026 21:21,
order_BULXfdDXOUI7Za,pay_7A5AWOCZLJUTvo,INV-2026-01292,CUST71348,"18,065.00",CARD,06-08-2026 12:09,
order_mTrL0qh2wCFTKr,pay_zELmrR31zn4708,INV-2026-01293,CUST79267,"3,351.00",CARD,22-08-2026 22:11,
order_JcU43szj34zjuP,pay_n6wrTSjviI1uSi,INV-2026-01294,CUST87186,"18,095.00",CARD,11-08-2026 16:20,
order_ZI5M2SuWRrX3I2,pay_o54covyTy16GB2,INV-2026-01295,CUST95105,"11,110.00",UPI,08-08-2026 20:05,
order_QiZIArMToRN2Yz,pay_WmLhvnGX7jW9dR,INV-2026-01296,CUST13024,"1,964.00",WALLET,06-08-2026 18:36,
order_ISXm25aYxmj2Pf,pay_MqOPGap8PYi9FE,INV-2026-01297,CUST20943,"1,015.00",UPI,10-08-2026 10:39,
order_xYN6zIgmWRBYkt,pay_f8qisTEyC4JOPb,INV-2026-01298,CUST28862,137.00,CARD,09-08-2026 08:10,
order_7difCPsY37eT8G,pay_3okdBIbzxceYNB,INV-2026-01299,CUST36781,"6,025.00",UPI,04-08-2026 18:32,
order_BzvpdDkcp2BSde,pay_roM3xnjHWCrqwK,INV-2026-01300,CUST44700,"1,057.00",CARD,11-08-2026 18:33,
order_UztHbT02ni2WxP,pay_FJUNE6FkzKGP8e,INV-2026-01301,CUST52619,"21,407.00",UPI,21-08-2026 08:52,
order_ep6TPmzDjW1jD9,pay_EYvv188EVBHlrk,INV-2026-01302,CUST60538,306.00,CARD,06-08-2026 16:01,306.00
order_4ZZgwmgUGaZn29,pay_2aG2Y5OciOa3VK,INV-2026-01303,CUST68457,"1,162.00",UPI,10-08-2026 08:23,
order_qEDJGmmyLPeWW8,pay_tDWJZ8qvRai9pf,INV-2026-01304,CUST76376,178.00,UPI,07-08-2026 20:29,
order_JmM6kz4bqz37Y6,pay_L6f612eOxxR9nY,INV-2026-01305,CUST84295,767.00,UPI,19-08-2026 20:07,
order_7lJfj9g7aENKPs,pay_9YiPYtxWImP87t,INV-2026-01306,CUST92214,"25,495.00",CARD,18-08-2026 13:34,
order_kkn0jja0k9xiIl,pay_bpovaWDGWiFGRD,INV-2026-01307,CUST10133,924.00,UPI,20-08-2026 22:48,
order_bXQNmWWsVtqzf6,pay_pBvurxdpCzDKSe,INV-2026-01308,CUST18052,"22,996.00",CARD,16-08-2026 12:59,
order_04XRkYxEs2ele4,pay_a0Eej9uF2mdnfC,INV-2026-01309,CUST25971,"3,177.00",UPI,09-08-2026 17:13,
order_VyI2pI1NYIMlKo,pay_T4qzcrFVr0YBqq,INV-2026-01310,CUST33890,998.00,CARD,03-08-2026 08:27,
order_wa0HbNAB5vg3VU,pay_3vYkRlI1y0vJZ1,INV-2026-01311,CUST41809,"11,778.00",CARD,14-08-2026 10:56,
order_etFrmK1y9nJwJP,pay_hf3uqtErdfthzn,INV-2026-01312,CUST49728,"1,497.00",UPI,03-08-2026 13:13,
order_GAbyfFA6ky1vso,pay_QKuReTQDOJ18m6,INV-2026-01313,CUST57647,670.00,CARD,08-08-2026 07:40,
order_tudOxuAwNf9bp1,pay_JV8eJvmfIoT5QZ,INV-2026-01314,CUST65566,770.00,UPI,08-08-2026 19:07,
order_DRl59hqpps32RQ,pay_JrqVXhTlMzaevt,INV-2026-01315,CUST73485,"41,005.00",UPI,18-08-2026 18:47,
order_TKSA6VobhRRtgH,pay_oq4lTQ6FF4aIWD,INV-2026-01316,CUST81404,"3,538.00",UPI,21-08-2026 11:29,
order_SO2vVovJOlIsXE,pay_kLjDulFmOUNgeC,INV-2026-01317,CUST89323,"11,817.00",CARD,20-08-2026 20:55,
order_emeHbo8p5BIRU7,pay_iBAQq0ZthICeWp,INV-2026-01318,CUST97242,"1,086.00",CARD,08-08-2026 17:41,
order_WXcJMuyelDDSQX,pay_vRLnaeQr7U9GDg,INV-2026-01319,CUST15161,"15,419.00",UPI,22-08-2026 13:32,
order_z4nPFEyrUlrU7c,pay_LnMoaCI94TkRvG,INV-2026-01320,CUST23080,"1,054.00",UPI,18-08-2026 22:27,
order_9p3G9viEnshgf0,pay_xmhVSAyIOKnci4,INV-2026-01321,CUST30999,"7,219.00",NETBANKING,16-08-2026 10:11,
order_AgcbaRVg2Zwfs7,pay_r5ZZXBxzDitAPp,INV-2026-01322,CUST38918,"17,187.00",CARD,10-08-2026 10:18,
order_1ZGukdpC0bAjiF,pay_UJRcyzI2Ol0MtJ,INV-2026-01323,CUST46837,"7,084.00",CARD,20-08-2026 12:04,
order_CkDMUx23k31dzg,pay_9zFHFRlsX9U908,INV-2026-01324,CUST54756,"41,596.00",UPI,15-08-2026 17:26,9983.00
order_jRk6tbhOJDxYcB,pay_NazMDErBYOhXbN,INV-2026-01325,CUST62675,"1,052.00",UPI,19-08-2026 19:50,
order_IU4t29iT6qRihC,pay_CHW7iruw1DUUKi,INV-2026-01326,CUST70594,"2,062.00",UPI,12-08-2026 18:17,
order_3T4QTjruG5b6Ru,pay_1vZUFSuLnR2sQF,INV-2026-01327,CUST78513,"7,562.00",UPI,10-08-2026 15:26,
order_YDUfDHByOkDMGE,pay_1kmtUbQy93WZpd,INV-2026-01328,CUST86432,"39,226.00",CARD,12-08-2026 07:59,
order_x4OUQMVy1Mm27W,pay_UmeNON9xzzLRbH,INV-2026-01329,CUST94351,"21,748.00",UPI,23-08-2026 12:42,
order_9JBju0Gmqo5Ysk,pay_6N99OGiuJGBx8h,INV-2026-01330,CUST12270,"44,338.00",UPI,19-08-2026 09:17,
order_CuprKA8X91GR9o,pay_P3BQRI00D9MfhR,INV-2026-01331,CUST20189,"42,240.00",UPI,03-08-2026 11:43,
order_vedWZUhlseiAMK,pay_wXi8HvUvxeuFCt,INV-2026-01332,CUST28108,"2,473.00",UPI,04-08-2026 16:49,
order_GfJn6hxwBe6WTo,pay_hyAH6TI8eDqW88,INV-2026-01333,CUST36027,"4,427.00",CARD,04-08-2026 19:37,
order_OfTY1qAv26v3G8,pay_PEuLa9mg1ZdfPh,INV-2026-01334,CUST43946,"35,464.00",UPI,06-08-2026 15:47,
order_6mdQHjcVpSPYUO,pay_opkHnYQng1RiCa,INV-2026-01335,CUST51865,"35,632.00",UPI,03-08-2026 10:49,
order_QhNbwpOCeEZYPp,pay_Z1a0aJtLvGtTM7,INV-2026-01336,CUST59784,"2,499.00",NETBANKING,23-08-2026 19:37,
order_rl3NcUKxQIKfV3,pay_WMoXhFVcaW6GbD,INV-2026-01337,CUST67703,"31,463.00",UPI,16-08-2026 16:36,31463.00
order_GU983Rn8kVwhdR,pay_t8g1CNEBs5LQfS,INV-2026-01338,CUST75622,"28,068.00",UPI,05-08-2026 10:54,
order_p5l9QpHOuHwUDR,pay_NNwQRYkl7zDTS9,INV-2026-01339,CUST83541,722.00,UPI,16-08-2026 10:13,
order_skM8Uq62t7FR4k,pay_XRbeDHUqaiorl1,INV-2026-01340,CUST91460,"22,425.00",UPI,16-08-2026 08:46,
order_EmGbJpQgYQ8BBZ,pay_BHdkhoMPWzvBrR,INV-2026-01341,CUST99379,"21,912.00",CARD,04-08-2026 17:50,
order_l56oSbAsM8zP4a,pay_oanpBD1uoLMDZi,INV-2026-01342,CUST17298,"37,935.00",UPI,12-08-2026 09:25,
order_SfabrIdCW6pMxR,pay_IEqtzUB351sdy8,INV-2026-01343,CUST25217,"7,929.00",CARD,14-08-2026 14:20,
order_DmjpGHB5hViMX0,pay_IKHGDKM6zYmtD3,INV-2026-01344,CUST33136,"1,430.00",CARD,23-08-2026 17:18,
order_gRiKBRoh45VYHO,pay_vuS9sAgZDnKaqJ,INV-2026-01345,CUST41055,"6,840.00",CARD,12-08-2026 18:28,
order_PiIpOXeAHrQcLr,pay_DuoVGLfd0STTyp,INV-2026-01346,CUST48974,734.00,UPI,11-08-2026 20:28,
order_xXSTpCOCggzaZe,pay_IdL2gOMgptP55f,INV-2026-01347,CUST56893,"30,438.00",UPI,15-08-2026 21:28,
order_I3KP2dWMa48FPg,pay_QyLfMbDge99Ofj,INV-2026-01348,CUST64812,"4,259.00",CARD,21-08-2026 13:23,
order_VyotZ38v1fjX2F,pay_exEK4b3yLFsbIf,INV-2026-01349,CUST72731,"27,615.00",UPI,12-08-2026 07:03,19330.00
order_vcrwqvxGswgfih,pay_dRoILCXGGUtXnF,INV-2026-01350,CUST80650,"34,623.00",UPI,09-08-2026 19:35,
order_lmwNBfK22Eb76c,pay_sSyRElJcBQjLYK,INV-2026-01351,CUST88569,"1,857.00",UPI,20-08-2026 20:09,
order_fe2rZfrWOdW610,pay_65bcKbZY8y8KCw,INV-2026-01352,CUST96488,"4,005.00",CARD,21-08-2026 09:17,
order_nimfgKRaMowukE,pay_NC4ZOhlQV4ny0j,INV-2026-01353,CUST14407,"16,028.00",UPI,14-08-2026 22:27,
order_LPtKFaskvCKV1W,pay_7WuCSLmMsKcNrT,INV-2026-01354,CUST22326,"1,698.00",UPI,03-08-2026 21:46,
order_08sV30PNkYbN7w,pay_U9pFt9a58YVsQd,INV-2026-01355,CUST30245,"4,438.00",CARD,21-08-2026 10:49,
order_ItqGHjmtZGWRbB,pay_MQCUbWlhLvQBSA,INV-2026-01356,CUST38164,980.00,WALLET,12-08-2026 16:28,
order_8c7KgWaBB7GKmd,pay_reYfINmS6Utj0L,INV-2026-01357,CUST46083,"27,314.00",UPI,08-08-2026 16:26,
order_g6dc4WwYvutFBV,pay_E0NODjeamSFGhg,INV-2026-01358,CUST54002,"7,813.00",UPI,06-08-2026 22:29,
order_ObcAWwxwpbV8ko,pay_EbhvNlKYiYDGlS,INV-2026-01359,CUST61921,"2,896.00",UPI,15-08-2026 15:12,2896.00
order_7e7xyg4NknjjZs,pay_RtI7v0nyceYBPE,INV-2026-01360,CUST69840,514.00,UPI,05-08-2026 14:13,
order_SaCJHcb4GZOWkK,pay_UrsSKO3zNp32q4,INV-2026-01361,CUST77759,"6,127.00",UPI,16-08-2026 21:09,
order_JPv61S5Yq8dkri,pay_qWoqVrPQPqtark,INV-2026-01362,CUST85678,"26,329.00",UPI,10-08-2026 07:12,
order_4JD4LO9LPvcyfe,pay_RPsRHDcMxaegDH,INV-2026-01363,CUST93597,892.00,UPI,18-08-2026 08:05,
order_mI7p54b03GJP7p,pay_9PVyBFafD7bnH5,INV-2026-01364,CUST11516,"42,632.00",WALLET,06-08-2026 19:00,
order_EAw4ra6H9N8jE9,pay_v2Djyro2j77e94,INV-2026-01365,CUST19435,"1,419.00",NETBANKING,13-08-2026 17:48,
order_spk8aeHVJWMJtT,pay_f9qGkggoqiT1Ci,INV-2026-01366,CUST27354,"10,653.00",UPI,08-08-2026 21:17,
order_ADkLMcQVM8lCro,pay_J5PQVvYRdqAiPv,INV-2026-01367,CUST35273,"1,102.00",WALLET,17-08-2026 16:15,
order_weGaIRoNM9Mlny,pay_mBzLChedVelUgv,INV-2026-01368,CUST43192,"5,760.00",CARD,14-08-2026 09:03,
order_LrW9xt8OkA05j7,pay_vchs5SuThqrBeZ,INV-2026-01369,CUST51111,"35,610.00",NETBANKING,22-08-2026 09:00,
order_qR3LantBxJsGea,pay_H50oIRF3G6CQEv,INV-2026-01370,CUST59030,"33,040.00",UPI,19-08-2026 18:44,
order_myzM2SbASGIlxd,pay_tIdIVyTLXSPyRU,INV-2026-01371,CUST66949,852.00,UPI,21-08-2026 11:56,
order_hGWAfSF22aUmSk,pay_CMwOkKsskQ9UFl,INV-2026-01372,CUST74868,"7,075.00",UPI,12-08-2026 14:55,
order_KfXD1G1xcOe9H1,pay_sLWXhgBqYxV1Ka,INV-2026-01373,CUST82787,"2,534.00",CARD,08-08-2026 09:39,
order_0BHpwUst5mANe8,pay_pPI3rDBfm3uwiQ,INV-2026-01374,CUST90706,"1,729.00",NETBANKING,07-08-2026 19:07,
order_DWKCx62FsDS6dK,pay_LxaWWRy49ZjW4B,INV-2026-01375,CUST98625,"1,429.00",UPI,11-08-2026 22:24,
order_RQy8DQMZF8ndSl,pay_dOv5zK1bTcvFWY,INV-2026-01376,CUST16544,478.00,UPI,04-08-2026 18:52,
order_pJqw9ujxZY47Db,pay_E2qCMr8WnuoqZB,INV-2026-01377,CUST24463,"17,373.00",NETBANKING,19-08-2026 13:36,
order_wyBzKZ2LN1NoAw,pay_ifZoUzMlkp6hfA,INV-2026-01378,CUST32382,"7,102.00",WALLET,21-08-2026 13:21,
order_AIuQrSnSradZUX,pay_favpwWxHwGmDGm,INV-2026-01379,CUST40301,"11,688.00",UPI,04-08-2026 11:13,
order_8GiuCWAQZdzc1U,pay_0EHCu1etWKhclV,INV-2026-01380,CUST48220,350.00,CARD,08-08-2026 16:19,
order_ya4A3NWbhI2ocX,pay_bz3hn2ZXC3kwWi,INV-2026-01381,CUST56139,"5,889.00",UPI,23-08-2026 11:35,
order_ijGRy77vmwO227,pay_dnckHcV7IZJqyd,INV-2026-01382,CUST64058,"2,111.00",UPI,06-08-2026 09:01,
order_qxH527XU39g90A,pay_RE48ahOvlBurKg,INV-2026-01383,CUST71977,987.00,CARD,05-08-2026 14:56,
order_KtdPS5dfkbhqb7,pay_C3ZMH65f3i7DjX,INV-2026-01384,CUST79896,"34,738.00",CARD,04-08-2026 20:02,
order_mde5DRz7w9k412,pay_opvF9MFzixNFeD,INV-2026-01385,CUST87815,"7,063.00",UPI,14-08-2026 08:45,
order_Rl8md05Y28UOOV,pay_ok0FQtHtbvPcmZ,INV-2026-01386,CUST95734,"10,852.00",CARD,15-08-2026 10:10,
order_9rrUVVwIZ9OTgw,pay_AGK1eoeyY3jP2h,INV-2026-01387,CUST13653,"7,239.00",WALLET,08-08-2026 11:44,
order_upiKyXrdkQNpho,pay_IhCZhJHq17Vcgl,INV-2026-01388,CUST21572,"10,116.00",CARD,06-08-2026 07:40,
order_pCzOvjf1ARjruS,pay_bayVPK8GbCegzC,INV-2026-01389,CUST29491,298.00,CARD,18-08-2026 21:33,175.00
order_uPS1KsqM3eCdC7,pay_6Idwzt1V7Hvpyy,INV-2026-01390,CUST37410,"22,018.00",NETBANKING,21-08-2026 18:35,
order_O2SEuGV2fXYO1G,pay_CA9PM5hEM3XuMU,INV-2026-01391,CUST45329,"4,758.00",UPI,13-08-2026 12:58,
order_qwBulf1323IvpW,pay_RXzo8ys8DspWk5,INV-2026-01392,CUST53248,"3,768.00",UPI,12-08-2026 21:25,
order_7oglBGRnYcp0Pw,pay_hvexIofBRhuufY,INV-2026-01393,CUST61167,"1,836.00",UPI,22-08-2026 19:46,
order_TFiH4smcNPR9xh,pay_Ml2iu8lvHdORbV,INV-2026-01394,CUST69086,"3,901.00",CARD,18-08-2026 19:27,
order_BC6nB7oq7qvmLP,pay_zEkGRDlCyUMxdl,INV-2026-01395,CUST77005,"36,192.00",UPI,13-08-2026 13:14,
order_wHniQr2LJOkwVC,pay_4PmfSTNw05VvxQ,INV-2026-01396,CUST84924,"38,116.00",UPI,09-08-2026 09:30,
order_qtFii8l8mEYrih,pay_iIXKfntjKj7OrR,INV-2026-01397,CUST92843,361.00,CARD,21-08-2026 12:01,
order_1EBpEBxgD2PXb1,pay_cHf1WSRT6f886Y,INV-2026-01398,CUST10762,"31,209.00",UPI,12-08-2026 07:57,
order_gRF8RrZA5nl6xO,pay_SJzMdPFekT9aij,INV-2026-01399,CUST18681,"4,991.00",UPI,09-08-2026 15:21,
order_sACvQlPZWxTmsw,pay_WWwQtcgPoO4bHA,INV-2026-01400,CUST26600,"1,432.00",WALLET,16-08-2026 21:11,
order_10XLvzAIJruslH,pay_Fcpllc8xcZ2sD4,INV-2026-01401,CUST34519,"1,437.00",UPI,13-08-2026 09:35,
order_dvA2yYDRTdC4Rc,pay_bbwWfSjJpwyfRc,INV-2026-01402,CUST42438,727.00,UPI,22-08-2026 07:40,
order_GwWMSlbroMszMN,pay_HXfaEnhUTvU1Ru,INV-2026-01403,CUST50357,"39,582.00",UPI,13-08-2026 15:56,
order_OBLucUvzNNIrhj,pay_wp2TpbexqomxzR,INV-2026-01404,CUST58276,"34,327.00",NETBANKING,19-08-2026 15:57,
order_ScWy9dKYYVPeOF,pay_QZF7esCcnkWOWg,INV-2026-01405,CUST66195,"7,422.00",CARD,07-08-2026 12:53,
order_AGtXQlnppBFDx1,pay_FkrvmK9jrKFFrh,INV-2026-01406,CUST74114,"4,953.00",UPI,08-08-2026 08:43,
order_gesjV9dzXXBYqP,pay_UhsmsJl0NHdrzs,INV-2026-01407,CUST82033,"42,879.00",CARD,19-08-2026 22:24,
order_pxGxOrmZxbpnAH,pay_DyfkYfCZUDwGpv,INV-2026-01408,CUST89952,"1,427.00",UPI,22-08-2026 19:36,
order_WFCDH4UPL4Aar9,pay_Oq5kjAZwmpYMeJ,INV-2026-01409,CUST97871,"1,114.00",UPI,15-08-2026 08:26,
order_NIA186sJGRHRg0,pay_mb8jWTElKBFYss,INV-2026-01410,CUST15790,861.00,CARD,03-08-2026 15:44,
order_r5okVmBGMdUkmt,pay_piugoCNhIssKxi,INV-2026-01411,CUST23709,"1,113.00",UPI,05-08-2026 21:30,
order_LE9ozqsPnYOrm2,pay_aPOhsI6eEonFlh,INV-2026-01412,CUST31628,"5,367.00",UPI,14-08-2026 20:38,
order_99Njoz7vo7qtyt,pay_fJsXv9PrkBa3mi,INV-2026-01413,CUST39547,"3,519.00",UPI,07-08-2026 07:00,
order_Z919Kpa0pz8i1v,pay_qsJDhObtyUQJY8,INV-2026-01414,CUST47466,"1,344.00",UPI,06-08-2026 14:17,
order_0PZj6HNfckZsn0,pay_Qi79tk1onzDtQ3,INV-2026-01415,CUST55385,"4,258.00",UPI,17-08-2026 15:48,
order_cMFSoqYcU5xk1C,pay_WbJTDpxrsu4LbK,INV-2026-01416,CUST63304,434.00,CARD,06-08-2026 10:09,
order_tGwzdSrrFcIioT,pay_0ZT2p57MruZPCD,INV-2026-01417,CUST71223,415.00,CARD,20-08-2026 10:33,415.00
order_WsYaDLjmPyvmyv,pay_3CfcK3vNlUTcRr,INV-2026-01418,CUST79142,142.00,UPI,06-08-2026 09:44,
order_QX4PBTCUTF7etm,pay_O0bxx8vre9bEmT,INV-2026-01419,CUST87061,"1,176.00",NETBANKING,12-08-2026 22:59,
order_3t5HfcYtHPHt0Y,pay_RaRaNmWWpFRmq1,INV-2026-01420,CUST94980,"1,252.00",UPI,08-08-2026 18:39,
order_xKJs3Ujczc4ip0,pay_xCerGUpJ9ngKQ0,INV-2026-01421,CUST12899,"36,698.00",CARD,19-08-2026 07:45,
order_i6sGQ4ItwyIcQp,pay_BeyRKwzyFCSZzK,INV-2026-01422,CUST20818,"28,006.00",UPI,21-08-2026 10:49,
order_zcbp8vjvrZaU9r,pay_4HRonLY0032fEK,INV-2026-01423,CUST28737,"35,709.00",CARD,22-08-2026 12:38,
order_bDczJjywo7Cf1E,pay_O3q5XK7qv4F44h,INV-2026-01424,CUST36656,"1,603.00",UPI,14-08-2026 20:11,
order_WxW8h6I9y8GsV1,pay_9IaSiuBjCPSDII,INV-2026-01425,CUST44575,"3,417.00",UPI,13-08-2026 11:33,
order_jZEpNaQshIZNIE,pay_1mYLb2aWngtgVR,INV-2026-01426,CUST52494,765.00,UPI,04-08-2026 16:22,
order_mNhB6Yru0OG836,pay_GFacDABKdKZuFe,INV-2026-01427,CUST60413,"2,176.00",CARD,07-08-2026 14:49,
order_9fxGEqPezjGZoG,pay_2BLYZYXcFCE8qk,INV-2026-01428,CUST68332,"39,845.00",UPI,08-08-2026 22:50,
order_nNETKXUBOFUokT,pay_8zHyL940sRNOtt,INV-2026-01429,CUST76251,365.00,UPI,22-08-2026 09:25,
order_rY1MSYkDBFb2hd,pay_IRUzBv2qb96qln,INV-2026-01430,CUST84170,"1,260.00",UPI,03-08-2026 20:56,1260.00
order_EyQJUhm1tPSoRW,pay_W7ddD9CZ3ooWFm,INV-2026-01431,CUST92089,"1,436.00",NETBANKING,14-08-2026 17:06,
order_91oDwiIbwjNcw0,pay_GNj4fM97cvm9jx,INV-2026-01432,CUST10008,"17,806.00",UPI,18-08-2026 17:52,
order_RzZFFjdKqlx2gw,pay_tq9cTQWdZtpgnP,INV-2026-01433,CUST17927,358.00,CARD,19-08-2026 21:41,
order_wASuvuJToAhgn2,pay_D0dT1OyYs0JFy8,INV-2026-01434,CUST25846,747.00,UPI,05-08-2026 07:56,
order_7hBDojCGirC8CQ,pay_7eP4kRUoRC0d1A,INV-2026-01435,CUST33765,"1,215.00",UPI,03-08-2026 14:18,
order_qiNr3l8dIwsfEZ,pay_BKUF1exVdVtnij,INV-2026-01436,CUST41684,268.00,UPI,09-08-2026 10:49,
order_xRBqBjKMRhjIpt,pay_NgqjdkXmWt4WDL,INV-2026-01437,CUST49603,"4,741.00",UPI,15-08-2026 17:07,
order_tACBap9o4Qd4KW,pay_sCQ3mpAXVytX12,INV-2026-01438,CUST57522,"6,625.00",UPI,09-08-2026 21:37,
order_W9ZPZr9XJHvLY0,pay_4eXaxBSqOG0lDR,INV-2026-01439,CUST65441,"15,335.00",UPI,20-08-2026 10:49,
order_DxqNA9c3guNTtb,pay_AXwWHFxqSfgoYJ,INV-2026-01440,CUST73360,160.00,UPI,07-08-2026 11:54,
order_my3bqPp9UHlYKW,pay_TugZkJegaVPi3q,INV-2026-01441,CUST81279,"2,826.00",UPI,23-08-2026 13:11,
order_6axWwafxU1X9Dd,pay_SkSRMj1mPrk08p,INV-2026-01442,CUST89198,"5,086.00",UPI,15-08-2026 21:22,
order_kVnJm49LeJbHca,pay_cCFYwUc8e8sg2n,INV-2026-01443,CUST97117,"2,072.00",UPI,22-08-2026 21:41,
order_BC10BuB2U8rNyV,pay_xQttSuhLPkbBBS,INV-2026-01444,CUST15036,"19,330.00",UPI,03-08-2026 11:18,
order_0mhtVJbljatmUX,pay_S0gERxg6UlOBYc,INV-2026-01445,CUST22955,"3,777.00",WALLET,19-08-2026 13:28,
order_5BCT8SUTymtgcR,pay_o7gFrOGYsndS23,INV-2026-01446,CUST30874,860.00,UPI,16-08-2026 11:17,
order_ZYR0ZOgM6ss2P5,pay_6R6xzsUIs6t6Sz,INV-2026-01447,CUST38793,"36,681.00",CARD,08-08-2026 08:30,
order_a6Gwz7dHMJ4P0S,pay_zy5XwBx5gn8bs6,INV-2026-01448,CUST46712,"2,044.00",CARD,09-08-2026 19:18,
order_I6pOkTpO5sonQD,pay_02Lq1RmKZOPJ05,INV-2026-01449,CUST54631,"7,066.00",CARD,18-08-2026 09:47,
order_NAtoR8yIbqvSVE,pay_fSisDq8GNRRooe,INV-2026-01450,CUST62550,"17,119.00",UPI,22-08-2026 07:10,
order_47JfL6FB2agEYF,pay_C9bMrea4RSASoT,INV-2026-01451,CUST70469,"40,308.00",UPI,07-08-2026 19:16,
order_rFJIUarEbsDc6W,pay_ujhsCFS2a8munp,INV-2026-01452,CUST78388,"39,918.00",UPI,15-08-2026 19:34,
order_PzrgT91yBOoxM1,pay_feq02ZWdZlGIxE,INV-2026-01453,CUST86307,"16,522.00",NETBANKING,14-08-2026 10:01,
order_dUrNRKhd4ibHqA,pay_cCus8Hbo1yRija,INV-2026-01454,CUST94226,"2,002.00",UPI,06-08-2026 18:28,
order_jMmX4c6kFjf14a,pay_Pd0sBmFGmchGNx,INV-2026-01455,CUST12145,228.00,UPI,07-08-2026 15:28,
order_FdCOA26wppUeBH,pay_WstsJfgAg0Tur7,INV-2026-01456,CUST20064,"14,612.00",NETBANKING,16-08-2026 09:08,14612.00
order_7zSNXgOzT0WyYA,pay_VMZdgQTQX43OVn,INV-2026-01457,CUST27983,"6,579.00",UPI,21-08-2026 21:39,
order_qyeZdHhZMQWmhK,pay_T5cyNrcwHe2yis,INV-2026-01458,CUST35902,"4,046.00",NETBANKING,09-08-2026 11:46,
order_7CyqhxJIhQDtmf,pay_lq68pvodVRaBhR,INV-2026-01459,CUST43821,917.00,UPI,14-08-2026 09:29,
order_y4R7TGr5hANwwY,pay_gHgvg3tekkaZl9,INV-2026-01460,CUST51740,"22,563.00",UPI,06-08-2026 22:35,
order_dZsKr679llLV1g,pay_2FOZZ2cX9pl4xW,INV-2026-01461,CUST59659,"5,031.00",CARD,16-08-2026 17:42,
order_T9cuR87KAKSULV,pay_dKT5moWJiGWaWd,INV-2026-01462,CUST67578,"23,148.00",UPI,22-08-2026 20:21,
order_KkuXKmv391qEZv,pay_N6rXsbi5uk6Oa8,INV-2026-01463,CUST75497,"1,009.00",NETBANKING,10-08-2026 07:59,
order_OpjwLKibTigqI8,pay_gkDoN74Qg639GE,INV-2026-01464,CUST83416,189.00,WALLET,12-08-2026 21:31,
order_jN1QzMmWaV8DnJ,pay_Ub8sH3HbmXOX2y,INV-2026-01465,CUST91335,"36,276.00",CARD,08-08-2026 17:43,
order_fo8son2AMvE9Tw,pay_NqjPIhuCGdZVBd,INV-2026-01466,CUST99254,"6,545.00",UPI,18-08-2026 18:16,
order_jY0RdPBzSCe7xR,pay_3nAImQtEGlZELD,INV-2026-01467,CUST17173,"3,291.00",UPI,10-08-2026 16:03,
order_uVf3WTNR2Qeq4Q,pay_tCb3jcDBUTb86J,INV-2026-01468,CUST25092,"1,320.00",UPI,18-08-2026 07:33,
order_iAvCUG7duw0BmX,pay_i57vWn6cys3Spf,INV-2026-01469,CUST33011,591.00,CARD,03-08-2026 21:06,
order_5Q8qZGhgGOzFdU,pay_mtQbsTbRx97SKx,INV-2026-01470,CUST40930,"30,045.00",UPI,13-08-2026 16:07,
order_mP7kZphO8CCCTj,pay_0IrqRvkn9cdJH5,INV-2026-01471,CUST48849,"1,341.00",UPI,03-08-2026 11:05,
order_3SdMbFvcqXtHav,pay_zZEjbLxxF3ytiy,INV-2026-01472,CUST56768,"4,879.00",NETBANKING,20-08-2026 18:12,
order_AP4ljO72hyXtg7,pay_ISQBreT7e4FGhc,INV-2026-01473,CUST64687,"26,038.00",CARD,17-08-2026 21:05,
order_cVDfARNGCEHeUw,pay_iC53jfB5xtuGW8,INV-2026-01474,CUST72606,797.00,WALLET,22-08-2026 15:04,
order_TM0HpGISsU8RGj,pay_QNzTFNpaY35q6b,INV-2026-01475,CUST80525,"44,734.00",NETBANKING,16-08-2026 21:45,
order_koi9f7GXCBMPXP,pay_jx78AurV3Cp8gm,INV-2026-01476,CUST88444,"6,965.00",CARD,15-08-2026 12:15,
order_VPq5fmQzy9Z6uk,pay_7UhWw5ksboGUiB,INV-2026-01477,CUST96363,"1,158.00",WALLET,22-08-2026 10:22,
order_X971pUvfQd3GMx,pay_vfvtU2SYfDTW7w,INV-2026-01478,CUST14282,282.00,NETBANKING,07-08-2026 22:25,
order_tnip92oq63Mkq6,pay_xR0doRS5zue8Xy,INV-2026-01479,CUST22201,"11,128.00",UPI,12-08-2026 17:16,
order_N163Gt94EHSoIJ,pay_NZRVr3aR5lImSC,INV-2026-01480,CUST30120,267.00,UPI,15-08-2026 19:26,
order_s2fVh8OLmTSO10,pay_Xu0GAM0olEu61i,INV-2026-01481,CUST38039,"3,309.00",UPI,03-08-2026 13:16,
order_p9fkP2wF4MA1qJ,pay_8M3cS91dMQqhSO,INV-2026-01482,CUST45958,"7,578.00",UPI,17-08-2026 21:41,
order_mTbC51WxfrB0it,pay_fM6sTB5IgOY0Sw,INV-2026-01483,CUST53877,"40,166.00",UPI,16-08-2026 21:05,
order_LXroSEjQnPjtC5,pay_qKO9WsGWdrx0TJ,INV-2026-01484,CUST61796,"30,877.00",UPI,17-08-2026 07:21,
order_yCSuV3uPTUo8Ft,pay_fa9X0lmQzmqLeJ,INV-2026-01485,CUST69715,"3,502.00",UPI,14-08-2026 15:06,
order_bLuvGpEBakIf8L,pay_rmr2JijFFJLf5o,INV-2026-01486,CUST77634,"3,455.00",CARD,09-08-2026 11:09,
order_8a0p9rSzT7eTU0,pay_5xPewLKPfsDHnX,INV-2026-01487,CUST85553,"27,985.00",NETBANKING,05-08-2026 15:05,
order_mCfEaF799M7zna,pay_MU9qWN3miU88sf,INV-2026-01488,CUST93472,"24,611.00",UPI,17-08-2026 16:01,
order_jCK5tydoKvtV2n,pay_ZHgU19BF2OGn6B,INV-2026-01489,CUST11391,"4,014.00",NETBANKING,08-08-2026 18:38,
order_044ebhcXzjjC9k,pay_xgpm6VvMJUvFtP,INV-2026-01490,CUST19310,"13,032.00",UPI,07-08-2026 18:54,
order_Z5D94gktfvz6rG,pay_nsq2jMqJZk5ypr,INV-2026-01491,CUST27229,593.00,UPI,17-08-2026 22:24,
order_ME8F16h2CQmezk,pay_kfFBzJy7r26vPU,INV-2026-01492,CUST35148,"1,779.00",UPI,08-08-2026 07:12,
order_xrTZa2xRUI3Ch6,pay_F2eRJKLTznuWWS,INV-2026-01493,CUST43067,"34,353.00",UPI,09-08-2026 08:36,
order_CmJ24YNFvhubYc,pay_dYluQabLsR8Pld,INV-2026-01494,CUST50986,986.00,UPI,11-08-2026 17:23,
order_Wmw6Nzfx4GNOa5,pay_S6tXxMxSS1QBdQ,INV-2026-01495,CUST58905,"3,123.00",NETBANKING,08-08-2026 16:41,
order_dCwDTks8yal8gd,pay_PsYBapVzlQatGd,INV-2026-01496,CUST66824,"1,375.00",UPI,23-08-2026 10:54,
order_hkz9LrgFNn8kRp,pay_L5z3azPCQiLtmG,INV-2026-01497,CUST74743,"39,829.00",CARD,14-08-2026 08:52,
order_kFLm4b3dYLjIYb,pay_XOR96DDhfbTGiK,INV-2026-01498,CUST82662,"3,641.00",CARD,09-08-2026 14:20,3641.00
order_3c3OvDjpO9lg2B,pay_8aHOYrWDQAHlPX,INV-2026-01499,CUST90581,"10,143.00",UPI,06-08-2026 18:28,
order_IbNzqfcv64N0l2,pay_uMcRomLGBkEsfY,INV-2026-01500,CUST98500,"21,922.00",UPI,14-08-2026 18:54,
order_IaF5VxbMhGqOrE,pay_Kqd0MuwSIRLhWT,INV-2026-01501,CUST16419,"13,523.00",WALLET,07-08-2026 16:23,
order_D6XL5qh1IWuS0b,pay_dWs5k4731nCxzD,INV-2026-01502,CUST24338,"1,228.00",UPI,19-08-2026 14:26,
order_s9d2dI9clYe8W6,pay_izy9BEUyG5fW3c,INV-2026-01503,CUST32257,"1,408.00",UPI,22-08-2026 17:25,
order_FN1F61WvKY014N,pay_9iuRlmQe3lcCpS,INV-2026-01504,CUST40176,992.00,UPI,14-08-2026 20:35,992.00
order_kLuYfB923l00hg,pay_8Es0tvFFSoxCoh,INV-2026-01505,CUST48095,"24,288.00",NETBANKING,03-08-2026 09:22,
order_G60ZDF1NVDwWSa,pay_n0weIi60TeCMYB,INV-2026-01506,CUST56014,914.00,UPI,15-08-2026 10:35,
order_TyC0aCf1gm6hvU,pay_bgsEUYzK2MS3nz,INV-2026-01507,CUST63933,"2,173.00",UPI,23-08-2026 16:17,
order_xIxg36JNnfLiuy,pay_hxbukRSYvUYjDa,INV-2026-01508,CUST71852,"32,155.00",CARD,23-08-2026 17:56,
order_gYXI4tdiLXOdBU,pay_DtbI4ZDbcw8h8j,INV-2026-01509,CUST79771,"29,521.00",CARD,06-08-2026 09:24,
order_0BC9HSE5idIinA,pay_Fojj5oiDNiQTkP,INV-2026-01510,CUST87690,"5,834.00",UPI,08-08-2026 12:33,
order_nSnwmIpFLw9TYu,pay_JG0HX28re1hT0U,INV-2026-01511,CUST95609,"35,629.00",CARD,18-08-2026 16:55,
order_y6XxuQHhTFE4pE,pay_w2fyDLLEarpG6o,INV-2026-01512,CUST13528,"5,770.00",CARD,15-08-2026 16:14,5770.00
order_0Sd42KJMGNj3ro,pay_296RPJowIm6ZDW,INV-2026-01513,CUST21447,"32,696.00",UPI,18-08-2026 07:25,
order_jo9zi5ELLYkIM5,pay_VN01mlLcDq5scf,INV-2026-01514,CUST29366,"1,363.00",CARD,03-08-2026 21:16,
order_89YzSIfOPMlnin,pay_yCET4LtXc7eqZj,INV-2026-01515,CUST37285,"1,328.00",UPI,13-08-2026 09:38,1328.00
order_PnEFyd0KOBD65h,pay_F9X3VknPd1vlz4,INV-2026-01516,CUST45204,"6,350.00",UPI,18-08-2026 12:05,
