entity_id,type,debit,credit,amount,currency,fee,tax,on_hold,settled,created_at,settled_at,settlement_id,settlement_utr,credit_type,payment_id,order_id,dispute_id,method,card_network,card_issuer,card_type,description
pay_w6vKQKr2NhpyjK,payment,0.00,1201.95,1231.00,INR,29.05,4.43,false,true,2026-08-03T14:42:00,2026-08-05T11:00:00,setl_A8q1V6qC1z0lVL,KKBKH64119581307,default,pay_w6vKQKr2NhpyjK,order_rjPFVVNB3BaGzX,,card,RuPay,Axis Bank,debit,
pay_HOlKxRpVPWtaGN,payment,0.00,3409.59,3492.00,INR,82.41,12.57,false,true,2026-08-03T19:41:00,2026-08-05T11:00:00,setl_A8q1V6qC1z0lVL,KKBKH64119581307,default,pay_HOlKxRpVPWtaGN,order_kPzNmhmDkmjkuU,,card,Visa,HDFC Bank,debit,
pay_LIaCVExiAOivs4,payment,0.00,429.00,429.00,INR,0.00,0.00,false,true,2026-08-03T09:24:00,2026-08-05T11:00:00,setl_A8q1V6qC1z0lVL,KKBKH64119581307,default,pay_LIaCVExiAOivs4,order_q7ndk9NAnBPYgc,,upi,,,,
pay_2tQu0XCanKygBP,payment,0.00,718.00,718.00,INR,0.00,0.00,false,true,2026-08-03T22:29:00,2026-08-05T11:00:00,setl_A8q1V6qC1z0lVL,KKBKH64119581307,default,pay_2tQu0XCanKygBP,order_ffzkFPpmMmXqBd,,upi,,,,
pay_zObFc25O30c1UZ,payment,0.00,5259.00,5259.00,INR,0.00,0.00,false,true,2026-08-03T14:01:00,2026-08-05T11:00:00,setl_A8q1V6qC1z0lVL,KKBKH64119581307,default,pay_zObFc25O30c1UZ,order_AwYHrYScQyATwW,,upi,,,,
pay_5IGiZiVK25hl3e,payment,0.00,201.00,201.00,INR,0.00,0.00,false,true,2026-08-03T15:20:00,2026-08-05T11:00:00,setl_A8q1V6qC1z0lVL,KKBKH64119581307,default,pay_5IGiZiVK25hl3e,order_wWdqIEoYll1nXE,,upi,,,,
pay_BwCgA4oygkVUoq,payment,0.00,1141.00,1141.00,INR,0.00,0.00,false,true,2026-08-03T18:00:00,2026-08-05T11:00:00,setl_A8q1V6qC1z0lVL,KKBKH64119581307,default,pay_BwCgA4oygkVUoq,order_AolWqzcguAbOQO,,upi,,,,
pay_Fh294pVxuz83j6,payment,0.00,7035.00,7035.00,INR,0.00,0.00,false,true,2026-08-03T11:16:00,2026-08-05T11:00:00,setl_A8q1V6qC1z0lVL,KKBKH64119581307,default,pay_Fh294pVxuz83j6,order_jX97hkwZFfLyUi,,upi,,,,
pay_8Es0tvFFSoxCoh,payment,0.00,23858.10,24288.00,INR,429.90,65.58,false,true,2026-08-03T09:22:00,2026-08-05T11:00:00,setl_A8q1V6qC1z0lVL,KKBKH64119581307,default,pay_8Es0tvFFSoxCoh,order_kLuYfB923l00hg,,netbanking,,,,
pay_neBVnOmNxfqtGv,payment,0.00,4490.46,4599.00,INR,108.54,16.56,false,true,2026-08-03T08:19:00,2026-08-05T11:00:00,setl_A8q1V6qC1z0lVL,KKBKH64119581307,default,pay_neBVnOmNxfqtGv,order_uejiANKgGuqudy,,card,Visa,HDFC Bank,credit,
pay_Qgi2b1Q6cPq8z8,payment,0.00,19230.20,19695.00,INR,464.80,70.90,false,true,2026-08-03T21:55:00,2026-08-05T11:00:00,setl_A8q1V6qC1z0lVL,KKBKH64119581307,default,pay_Qgi2b1Q6cPq8z8,order_dGstvkpPkvyXpm,,card,RuPay,Axis Bank,credit,
pay_xOD3d8tVBQUQjU,payment,0.00,10302.00,10302.00,INR,0.00,0.00,false,true,2026-08-03T08:08:00,2026-08-05T11:00:00,setl_A8q1V6qC1z0lVL,KKBKH64119581307,default,pay_xOD3d8tVBQUQjU,order_0exCnH52OiosD4,,upi,,,,
pay_diFvxK1jiULdKl,payment,0.00,35591.00,35591.00,INR,0.00,0.00,false,true,2026-08-03T16:28:00,2026-08-05T11:00:00,setl_A8q1V6qC1z0lVL,KKBKH64119581307,default,pay_diFvxK1jiULdKl,order_YMOQZzcSJqteqU,,upi,,,,
pay_6mW0TFHt7uMP7w,payment,0.00,15547.22,15923.00,INR,375.78,57.32,false,true,2026-08-03T09:05:00,2026-08-05T11:00:00,setl_A8q1V6qC1z0lVL,KKBKH64119581307,default,pay_6mW0TFHt7uMP7w,order_aJ6ub3CWpvR7ei,,card,Visa,HDFC Bank,credit,
pay_hf3uqtErdfthzn,payment,0.00,1497.00,1497.00,INR,0.00,0.00,false,true,2026-08-03T13:13:00,2026-08-05T11:00:00,setl_A8q1V6qC1z0lVL,KKBKH64119581307,default,pay_hf3uqtErdfthzn,order_etFrmK1y9nJwJP,,upi,,,,
pay_yTFytBv73YAu6O,payment,0.00,243.12,249.00,INR,5.88,0.90,false,true,2026-08-03T17:02:00,2026-08-05T11:00:00,setl_A8q1V6qC1z0lVL,KKBKH64119581307,default,pay_yTFytBv73YAu6O,order_4CQCYBnE4QV3Je,,card,MasterCard,ICICI Bank,debit,
pay_7thmdRrcprEbks,payment,0.00,434.00,434.00,INR,0.00,0.00,false,true,2026-08-03T15:48:00,2026-08-05T11:00:00,setl_A8q1V6qC1z0lVL,KKBKH64119581307,default,pay_7thmdRrcprEbks,order_ZXLKxu4QBHLuoJ,,upi,,,,
pay_3Vq1INrZZ4mUkd,payment,0.00,480.34,489.00,INR,8.66,1.32,false,true,2026-08-03T15:30:00,2026-08-05T11:00:00,setl_A8q1V6qC1z0lVL,KKBKH64119581307,default,pay_3Vq1INrZZ4mUkd,order_LT1qqH2kEnl1sX,,netbanking,,,,
pay_LArU8eCo48Un4J,payment,0.00,9234.00,9234.00,INR,0.00,0.00,false,true,2026-08-03T20:46:00,2026-08-05T11:00:00,setl_A8q1V6qC1z0lVL,KKBKH64119581307,default,pay_LArU8eCo48Un4J,order_az2vRysuB1dqcf,,upi,,,,
pay_segTw4tfl57PwF,payment,0.00,5319.00,5319.00,INR,0.00,0.00,false,true,2026-08-03T12:22:00,2026-08-05T11:00:00,setl_A8q1V6qC1z0lVL,KKBKH64119581307,default,pay_segTw4tfl57PwF,order_HfgK4B6oLSErQm,,upi,,,,
pay_W05QqSIAVt3uJg,payment,0.00,1454.00,1454.00,INR,0.00,0.00,false,true,2026-08-03T22:13:00,2026-08-05T11:00:00,setl_A8q1V6qC1z0lVL,KKBKH64119581307,default,pay_W05QqSIAVt3uJg,order_RapKbJSkxfCYgA,,upi,,,,
pay_iwRzeersPoWXPx,payment,0.00,7099.00,7099.00,INR,0.00,0.00,false,true,2026-08-03T20:31:00,2026-08-05T11:00:00,setl_A8q1V6qC1z0lVL,KKBKH64119581307,default,pay_iwRzeersPoWXPx,order_zVgP8P0PARM0FY,,upi,,,,
pay_xQttSuhLPkbBBS,payment,0.00,19330.00,19330.00,INR,0.00,0.00,false,true,2026-08-03T11:18:00,2026-08-05T11:00:00,setl_A8q1V6qC1z0lVL,KKBKH64119581307,default,pay_xQttSuhLPkbBBS,order_BC10BuB2U8rNyV,,upi,,,,
pay_7eP4kRUoRC0d1A,payment,0.00,1215.00,1215.00,INR,0.00,0.00,false,true,2026-08-03T14:18:00,2026-08-05T11:00:00,setl_A8q1V6qC1z0lVL,KKBKH64119581307,default,pay_7eP4kRUoRC0d1A,order_7hBDojCGirC8CQ,,upi,,,,
pay_hFrKON6SiEMXWS,payment,0.00,7580.00,7580.00,INR,0.00,0.00,false,true,2026-08-03T19:23:00,2026-08-05T11:00:00,setl_A8q1V6qC1z0lVL,KKBKH64119581307,default,pay_hFrKON6SiEMXWS,order_oJCej6jjN8f5DC,,upi,,,,
pay_QS2TmpOPO5ntrz,payment,0.00,17392.00,17392.00,INR,0.00,0.00,false,true,2026-08-03T17:50:00,2026-08-05T11:00:00,setl_A8q1V6qC1z0lVL,KKBKH64119581307,default,pay_QS2TmpOPO5ntrz,order_3pu7Qj4sC1NNYy,,upi,,,,
pay_r1OcnA5PAqi0Hf,payment,0.00,466.72,478.00,INR,11.28,1.72,false,true,2026-08-03T15:58:00,2026-08-05T11:00:00,setl_A8q1V6qC1z0lVL,KKBKH64119581307,default,pay_r1OcnA5PAqi0Hf,order_qsW9B6WapdEbta,,card,Amex,ICICI Bank,credit,
pay_Mey7VVToAdrG54,payment,0.00,30553.51,31292.00,INR,738.49,112.65,false,true,2026-08-03T15:35:00,2026-08-05T11:00:00,setl_A8q1V6qC1z0lVL,KKBKH64119581307,default,pay_Mey7VVToAdrG54,order_nZF6t3aYt5U2sT,,card,RuPay,SBI Cards,credit,
pay_23krSXznZNAdE4,payment,0.00,6219.00,6219.00,INR,0.00,0.00,false,true,2026-08-03T12:33:00,2026-08-05T11:00:00,setl_A8q1V6qC1z0lVL,KKBKH64119581307,default,pay_23krSXznZNAdE4,order_4pQnF6eZ7wwGZI,,upi,,,,
pay_180bR6FjdWus7Q,payment,0.00,14142.22,14493.00,INR,350.78,53.51,false,true,2026-08-03T10:17:00,2026-08-05T11:00:00,setl_A8q1V6qC1z0lVL,KKBKH64119581307,default,pay_180bR6FjdWus7Q,order_gb3GtxMWAMGFrR,,card,Amex,Axis Bank,credit,
pay_IBJVqAeE3UO9Qa,payment,0.00,3091.91,3159.00,INR,67.09,10.23,false,true,2026-08-03T16:31:00,2026-08-05T11:00:00,setl_A8q1V6qC1z0lVL,KKBKH64119581307,default,pay_IBJVqAeE3UO9Qa,order_AlbKia6zcAObMa,,wallet,,,,
pay_7WuCSLmMsKcNrT,payment,0.00,1698.00,1698.00,INR,0.00,0.00,false,true,2026-08-03T21:46:00,2026-08-05T11:00:00,setl_A8q1V6qC1z0lVL,KKBKH64119581307,default,pay_7WuCSLmMsKcNrT,order_LPtKFaskvCKV1W,,upi,,,,
pay_0IrqRvkn9cdJH5,payment,0.00,1341.00,1341.00,INR,0.00,0.00,false,true,2026-08-03T11:05:00,2026-08-05T11:00:00,setl_A8q1V6qC1z0lVL,KKBKH64119581307,default,pay_0IrqRvkn9cdJH5,order_mP7kZphO8CCCTj,,upi,,,,
pay_qifIikKYBUQGIv,payment,0.00,33038.45,33837.00,INR,798.55,121.81,false,true,2026-08-03T16:34:00,2026-08-05T11:00:00,setl_A8q1V6qC1z0lVL,KKBKH64119581307,default,pay_qifIikKYBUQGIv,order_E5RWZpsqsEbnum,,card,Amex,SBI Cards,credit,
pay_P3BQRI00D9MfhR,payment,0.00,42240.00,42240.00,INR,0.00,0.00,false,true,2026-08-03T11:43:00,2026-08-05T11:00:00,setl_A8q1V6qC1z0lVL,KKBKH64119581307,default,pay_P3BQRI00D9MfhR,order_CuprKA8X91GR9o,,upi,,,,
pay_opkHnYQng1RiCa,payment,0.00,35632.00,35632.00,INR,0.00,0.00,false,true,2026-08-03T10:49:00,2026-08-05T11:00:00,setl_A8q1V6qC1z0lVL,KKBKH64119581307,default,pay_opkHnYQng1RiCa,order_6mdQHjcVpSPYUO,,upi,,,,
pay_6t9cQ8jQalyxvI,payment,0.00,4346.00,4346.00,INR,0.00,0.00,false,true,2026-08-03T20:49:00,2026-08-05T11:00:00,setl_A8q1V6qC1z0lVL,KKBKH64119581307,default,pay_6t9cQ8jQalyxvI,order_BQ2xS5smH5yAgg,,upi,,,,
pay_ElzglEW5B9U4AZ,payment,0.00,6458.00,6458.00,INR,0.00,0.00,false,true,2026-08-03T15:28:00,2026-08-05T11:00:00,setl_A8q1V6qC1z0lVL,KKBKH64119581307,default,pay_ElzglEW5B9U4AZ,order_dVNgkzK5nlIfEH,,upi,,,,
pay_IRUzBv2qb96qln,payment,0.00,1260.00,1260.00,INR,0.00,0.00,false,true,2026-08-03T20:56:00,2026-08-05T11:00:00,setl_A8q1V6qC1z0lVL,KKBKH64119581307,default,pay_IRUzBv2qb96qln,order_rY1MSYkDBFb2hd,,upi,,,,
pay_gQ8smy4lP8Opif,payment,0.00,20463.00,20463.00,INR,0.00,0.00,false,true,2026-08-03T15:12:00,2026-08-05T11:00:00,setl_A8q1V6qC1z0lVL,KKBKH64119581307,default,pay_gQ8smy4lP8Opif,order_aQ3uHBcoeP0v7v,,upi,,,,
pay_G3nFetqmD2SYdJ,payment,0.00,172.26,176.00,INR,3.74,0.57,false,true,2026-08-03T12:26:00,2026-08-05T11:00:00,setl_A8q1V6qC1z0lVL,KKBKH64119581307,default,pay_G3nFetqmD2SYdJ,order_kdTxiXc5EOHtbx,,wallet,,,,
pay_OusRQBAuiEHobD,payment,0.00,28906.14,29427.00,INR,520.86,79.45,false,true,2026-08-03T13:06:00,2026-08-05T11:00:00,setl_A8q1V6qC1z0lVL,KKBKH64119581307,default,pay_OusRQBAuiEHobD,order_mNN68VnhB5IWcu,,netbanking,,,,
pay_Ca5C1bGc92hU5d,payment,0.00,37475.00,37475.00,INR,0.00,0.00,false,true,2026-08-03T08:36:00,2026-08-05T11:00:00,setl_A8q1V6qC1z0lVL,KKBKH64119581307,default,pay_Ca5C1bGc92hU5d,order_K2466PliHWiiEw,,upi,,,,
pay_fdoYz47p0IvnKb,payment,0.00,6588.00,6588.00,INR,0.00,0.00,false,true,2026-08-03T09:45:00,2026-08-05T11:00:00,setl_A8q1V6qC1z0lVL,KKBKH64119581307,default,pay_fdoYz47p0IvnKb,order_ir9VS5VgHPFMbR,,upi,,,,
pay_uDD6hYcWEna1Io,payment,0.00,1525.51,1553.00,INR,27.49,4.19,false,true,2026-08-03T22:52:00,2026-08-05T11:00:00,setl_A8q1V6qC1z0lVL,KKBKH64119581307,default,pay_uDD6hYcWEna1Io,order_gX7mjjh0a3S6Gr,,netbanking,,,,
pay_n4kvwCBHWOHFrA,payment,0.00,5000.14,5121.00,INR,120.86,18.44,false,true,2026-08-03T21:08:00,2026-08-05T11:00:00,setl_A8q1V6qC1z0lVL,KKBKH64119581307,default,pay_n4kvwCBHWOHFrA,order_oX6P7hvE31bcDK,,card,RuPay,ICICI Bank,credit,
pay_bngSOShJvWaNTV,payment,0.00,17176.00,17176.00,INR,0.00,0.00,false,true,2026-08-03T18:22:00,2026-08-05T11:00:00,setl_A8q1V6qC1z0lVL,KKBKH64119581307,default,pay_bngSOShJvWaNTV,order_gIK1jqkLKJsgeC,,upi,,,,
pay_FRIB2o6pY8I67w,payment,0.00,576.49,589.00,INR,12.51,1.91,false,true,2026-08-03T07:54:00,2026-08-05T11:00:00,setl_A8q1V6qC1z0lVL,KKBKH64119581307,default,pay_FRIB2o6pY8I67w,order_vqlLTGfFceXxJk,,wallet,,,,
pay_oejD1p0MdsU68w,payment,0.00,10553.00,10553.00,INR,0.00,0.00,false,true,2026-08-03T13:05:00,2026-08-05T11:00:00,setl_A8q1V6qC1z0lVL,KKBKH64119581307,default,pay_oejD1p0MdsU68w,order_mZlYpgw6RbTugF,,upi,,,,
pay_VN01mlLcDq5scf,payment,0.00,1330.83,1363.00,INR,32.17,4.91,false,true,2026-08-03T21:16:00,2026-08-05T11:00:00,setl_A8q1V6qC1z0lVL,KKBKH64119581307,default,pay_VN01mlLcDq5scf,order_jo9zi5ELLYkIM5,,card,MasterCard,HDFC Bank,credit,
pay_OePVeVIAZrYiAD,payment,0.00,1269.32,1300.00,INR,30.68,4.68,false,true,2026-08-03T08:12:00,2026-08-05T11:00:00,setl_A8q1V6qC1z0lVL,KKBKH64119581307,default,pay_OePVeVIAZrYiAD,order_nvU1pf23nNmpil,,card,Visa,Kotak,debit,
pay_WP2523vIfGiAb3,payment,0.00,762.00,762.00,INR,0.00,0.00,false,true,2026-08-03T17:58:00,2026-08-05T11:00:00,setl_A8q1V6qC1z0lVL,KKBKH64119581307,default,pay_WP2523vIfGiAb3,order_P6c24OBMxBNsAL,,upi,,,,
pay_Xu0GAM0olEu61i,payment,0.00,3309.00,3309.00,INR,0.00,0.00,false,true,2026-08-03T13:16:00,2026-08-05T11:00:00,setl_A8q1V6qC1z0lVL,KKBKH64119581307,default,pay_Xu0GAM0olEu61i,order_s2fVh8OLmTSO10,,upi,,,,
pay_A54cqGRJtczRPE,payment,0.00,5658.24,5795.00,INR,136.76,20.86,false,true,2026-08-03T07:31:00,2026-08-05T11:00:00,setl_A8q1V6qC1z0lVL,KKBKH64119581307,default,pay_A54cqGRJtczRPE,order_WzwN59RlIDq2hu,,card,Amex,Kotak,credit,
pay_u5To9Ik7zEVo9d,payment,0.00,7979.00,7979.00,INR,0.00,0.00,false,true,2026-08-03T15:36:00,2026-08-05T11:00:00,setl_A8q1V6qC1z0lVL,KKBKH64119581307,default,pay_u5To9Ik7zEVo9d,order_y29kAyQZdvYoAi,,upi,,,,
pay_i57vWn6cys3Spf,payment,0.00,577.05,591.00,INR,13.95,2.13,false,true,2026-08-03T21:06:00,2026-08-05T11:00:00,setl_A8q1V6qC1z0lVL,KKBKH64119581307,default,pay_i57vWn6cys3Spf,order_iAvCUG7duw0BmX,,card,Amex,SBI Cards,debit,
pay_jten2g4M20mkue,payment,0.00,7510.00,7510.00,INR,0.00,0.00,false,true,2026-08-03T12:32:00,2026-08-05T11:00:00,setl_A8q1V6qC1z0lVL,KKBKH64119581307,default,pay_jten2g4M20mkue,order_Ma2Tu9wa8H85dM,,upi,,,,
pay_TRGSgJ0JZdA7gE,payment,0.00,1073.00,1073.00,INR,0.00,0.00,false,true,2026-08-03T16:09:00,2026-08-05T11:00:00,setl_A8q1V6qC1z0lVL,KKBKH64119581307,default,pay_TRGSgJ0JZdA7gE,order_JoWkSJohVGWMzB,,upi,,,,
pay_FAhQuUTewIz2TR,payment,0.00,1461.66,1488.00,INR,26.34,4.02,false,true,2026-08-03T10:54:00,2026-08-05T11:00:00,setl_A8q1V6qC1z0lVL,KKBKH64119581307,default,pay_FAhQuUTewIz2TR,order_t8HueN9TfHojQZ,,netbanking,,,,
pay_AyZzf7niPNaUQX,payment,0.00,7196.07,7370.00,INR,173.93,26.53,false,true,2026-08-03T11:25:00,2026-08-05T11:00:00,setl_A8q1V6qC1z0lVL,KKBKH64119581307,default,pay_AyZzf7niPNaUQX,order_q1gfSKvmqTlamY,,card,MasterCard,ICICI Bank,credit,
pay_qC2FHlh8m7WNZf,payment,0.00,1235.00,1235.00,INR,0.00,0.00,false,true,2026-08-03T15:37:00,2026-08-05T11:00:00,setl_A8q1V6qC1z0lVL,KKBKH64119581307,default,pay_qC2FHlh8m7WNZf,order_bnT5xaVu0qK8Cs,,upi,,,,
pay_mb8jWTElKBFYss,payment,0.00,840.68,861.00,INR,20.32,3.10,false,true,2026-08-03T15:44:00,2026-08-05T11:00:00,setl_A8q1V6qC1z0lVL,KKBKH64119581307,default,pay_mb8jWTElKBFYss,order_NIA186sJGRHRg0,,card,MasterCard,SBI Cards,debit,
pay_HEhYV03qCxZ8NG,payment,0.00,358.53,365.00,INR,6.47,0.99,false,true,2026-08-03T11:22:00,2026-08-05T11:00:00,setl_A8q1V6qC1z0lVL,KKBKH64119581307,default,pay_HEhYV03qCxZ8NG,order_vgNzqxOjtPKCcT,,netbanking,,,,
pay_RIqjf3kp4p7eEE,payment,0.00,430.00,430.00,INR,0.00,0.00,false,true,2026-08-03T09:36:00,2026-08-05T11:00:00,setl_A8q1V6qC1z0lVL,KKBKH64119581307,default,pay_RIqjf3kp4p7eEE,order_YEAzy5XyCSH0mK,,upi,,,,
pay_P0gEA6zdp3avSQ,payment,0.00,204.00,204.00,INR,0.00,0.00,false,true,2026-08-03T11:22:00,2026-08-05T11:00:00,setl_A8q1V6qC1z0lVL,KKBKH64119581307,default,pay_P0gEA6zdp3avSQ,order_eoROTOh7TJuAl2,,upi,,,,
pay_FY3tSyjgMqtoGT,payment,0.00,24731.24,25329.00,INR,597.76,91.18,false,true,2026-08-03T18:56:00,2026-08-05T11:00:00,setl_A8q1V6qC1z0lVL,KKBKH64119581307,default,pay_FY3tSyjgMqtoGT,order_3d0um2iCXjNXdd,,card,Amex,Kotak,credit,
pay_VF6N6yGOTlw0Mc,payment,0.00,386.00,386.00,INR,0.00,0.00,false,true,2026-08-03T12:58:00,2026-08-05T11:00:00,setl_A8q1V6qC1z0lVL,KKBKH64119581307,default,pay_VF6N6yGOTlw0Mc,order_h4BsYbBM1EMz4J,,upi,,,,
pay_x6vnSUulMpAPpv,payment,0.00,246.00,246.00,INR,0.00,0.00,false,true,2026-08-03T16:33:00,2026-08-05T11:00:00,setl_A8q1V6qC1z0lVL,KKBKH64119581307,default,pay_x6vnSUulMpAPpv,order_gCOPlyBgBUC2eA,,upi,,,,
pay_piFo1unN5IeXTX,payment,0.00,2775.91,2843.00,INR,67.09,10.23,false,true,2026-08-03T18:12:00,2026-08-05T11:00:00,setl_A8q1V6qC1z0lVL,KKBKH64119581307,default,pay_piFo1unN5IeXTX,order_q5POKq5IOETVyz,,card,Visa,HDFC Bank,credit,
pay_EtA8FpqE6i1fdP,payment,0.00,3384.00,3384.00,INR,0.00,0.00,false,true,2026-08-03T20:46:00,2026-08-05T11:00:00,setl_A8q1V6qC1z0lVL,KKBKH64119581307,default,pay_EtA8FpqE6i1fdP,order_RsxZe3ZdH9uzfa,,upi,,,,
pay_Dj498cpIczfuUE,payment,0.00,1189.00,1189.00,INR,0.00,0.00,false,true,2026-08-03T11:38:00,2026-08-05T11:00:00,setl_A8q1V6qC1z0lVL,KKBKH64119581307,default,pay_Dj498cpIczfuUE,order_rXQGAB4WyeqLIE,,upi,,,,
pay_CstVtoYDgATcuW,payment,0.00,23312.53,23876.00,INR,563.47,85.95,false,true,2026-08-03T12:22:00,2026-08-05T11:00:00,setl_A8q1V6qC1z0lVL,KKBKH64119581307,default,pay_CstVtoYDgATcuW,order_npcBGhKbvfA8E0,,card,Amex,Kotak,credit,
pay_XWPbIPWFwzPf1S,payment,0.00,4790.00,4790.00,INR,0.00,0.00,false,true,2026-08-03T17:27:00,2026-08-05T11:00:00,setl_A8q1V6qC1z0lVL,KKBKH64119581307,default,pay_XWPbIPWFwzPf1S,order_ybxVqmEKSPQnOy,,upi,,,,
pay_ZaSmEmQeB5Jx0w,payment,0.00,37636.00,37636.00,INR,0.00,0.00,false,true,2026-08-03T10:32:00,2026-08-05T11:00:00,setl_A8q1V6qC1z0lVL,KKBKH64119581307,default,pay_ZaSmEmQeB5Jx0w,order_aADbHXdhHGswIl,,upi,,,,
pay_xXKQhsdBc1b1nK,payment,0.00,527.26,540.00,INR,12.74,1.94,false,true,2026-08-03T19:16:00,2026-08-05T11:00:00,setl_A8q1V6qC1z0lVL,KKBKH64119581307,default,pay_xXKQhsdBc1b1nK,order_fEyQWzvNgCQhAH,,card,RuPay,HDFC Bank,credit,
pay_T4qzcrFVr0YBqq,payment,0.00,974.45,998.00,INR,23.55,3.59,false,true,2026-08-03T08:27:00,2026-08-05T11:00:00,setl_A8q1V6qC1z0lVL,KKBKH64119581307,default,pay_T4qzcrFVr0YBqq,order_VyI2pI1NYIMlKo,,card,RuPay,ICICI Bank,credit,
pay_KHRVGAGK7XwUDl,payment,0.00,1496.00,1496.00,INR,0.00,0.00,false,true,2026-08-03T18:23:00,2026-08-05T11:00:00,setl_A8q1V6qC1z0lVL,KKBKH64119581307,default,pay_KHRVGAGK7XwUDl,order_W7rHaSCjhmZ4u0,,upi,,,,
pay_JPKba6Yn7oIBIB,payment,0.00,8602.00,8602.00,INR,0.00,0.00,false,true,2026-08-03T21:21:00,2026-08-05T11:00:00,setl_A8q1V6qC1z0lVL,KKBKH64119581307,default,pay_JPKba6Yn7oIBIB,order_ZaJVzrENUfG2HF,,upi,,,,
pay_Yl3hJhOhHw0yuX,payment,0.00,1540.00,1540.00,INR,0.00,0.00,false,true,2026-08-03T22:52:00,2026-08-05T11:00:00,setl_A8q1V6qC1z0lVL,KKBKH64119581307,default,pay_Yl3hJhOhHw0yuX,order_xNekRYAc4qexYV,,upi,,,,
pay_owIlpOZsqY1qbf,payment,0.00,32897.00,32897.00,INR,0.00,0.00,false,true,2026-08-03T10:55:00,2026-08-05T11:00:00,setl_A8q1V6qC1z0lVL,KKBKH64119581307,default,pay_owIlpOZsqY1qbf,order_yvzUPiRbFXAMgi,,upi,,,,
rfnd_ErFkb9ULFbiXxY,refund,35591.00,0.00,35591.00,INR,0.00,0.00,false,true,2026-08-05T09:00:00,2026-08-05T11:00:00,setl_A8q1V6qC1z0lVL,KKBKH64119581307,default,pay_diFvxK1jiULdKl,order_YMOQZzcSJqteqU,,upi,,,,
rfnd_4ro1J3RYih1Aor,refund,1454.00,0.00,1454.00,INR,0.00,0.00,false,true,2026-08-05T09:00:00,2026-08-05T11:00:00,setl_A8q1V6qC1z0lVL,KKBKH64119581307,default,pay_W05QqSIAVt3uJg,order_RapKbJSkxfCYgA,,upi,,,,
rfnd_pHFWZg22ys9trn,refund,1260.00,0.00,1260.00,INR,0.00,0.00,false,true,2026-08-05T09:00:00,2026-08-05T11:00:00,setl_A8q1V6qC1z0lVL,KKBKH64119581307,default,pay_IRUzBv2qb96qln,order_rY1MSYkDBFb2hd,,upi,,,,
rfnd_rVfnopsxilWrVV,refund,20893.00,0.00,20893.00,INR,0.00,0.00,false,true,2026-08-05T09:00:00,2026-08-05T11:00:00,setl_A8q1V6qC1z0lVL,KKBKH64119581307,default,pay_0pkonUs6MeHmZ5,,,netbanking,,,,
rfnd_2IqBlGNcpfCD5O,refund,27067.00,0.00,27067.00,INR,0.00,0.00,false,true,2026-08-05T09:00:00,2026-08-05T11:00:00,setl_A8q1V6qC1z0lVL,KKBKH64119581307,default,pay_zG9MhZphskrBRK,order_61FHo8aHA4yPCW,,card,Visa,SBI Cards,credit,
pay_hyAH6TI8eDqW88,payment,0.00,4322.52,4427.00,INR,104.48,15.94,false,true,2026-08-04T19:37:00,2026-08-06T11:00:00,setl_pgJouxFpTLfAne,SBINH83649515010,default,pay_hyAH6TI8eDqW88,order_GfJn6hxwBe6WTo,,card,Amex,Axis Bank,credit,
pay_50oA8Q1MO21GGw,payment,0.00,7991.00,7991.00,INR,0.00,0.00,false,true,2026-08-04T16:25:00,2026-08-06T11:00:00,setl_pgJouxFpTLfAne,SBINH83649515010,default,pay_50oA8Q1MO21GGw,order_ik2bmB1hOyVZRN,,upi,,,,
pay_QZLI51WkQ77pVL,payment,0.00,2572.81,2635.00,INR,62.19,9.49,false,true,2026-08-04T18:54:00,2026-08-06T11:00:00,setl_pgJouxFpTLfAne,SBINH83649515010,default,pay_QZLI51WkQ77pVL,order_Bnsr1zGi02QbEF,,card,MasterCard,SBI Cards,debit,
pay_ZKfRnrnrPqZNXv,payment,0.00,7580.00,7580.00,INR,0.00,0.00,false,true,2026-08-04T11:09:00,2026-08-06T11:00:00,setl_pgJouxFpTLfAne,SBINH83649515010,default,pay_ZKfRnrnrPqZNXv,order_KE00RuqTGrdu13,,upi,,,,
pay_bjSY9h3Ucd6YeJ,payment,0.00,276.00,276.00,INR,0.00,0.00,false,true,2026-08-04T15:23:00,2026-08-06T11:00:00,setl_pgJouxFpTLfAne,SBINH83649515010,default,pay_bjSY9h3Ucd6YeJ,order_H767ph5Sqo7g2N,,upi,,,,
pay_lXkUIGDosZp3N0,payment,0.00,16376.00,16376.00,INR,0.00,0.00,false,true,2026-08-04T20:23:00,2026-08-06T11:00:00,setl_pgJouxFpTLfAne,SBINH83649515010,default,pay_lXkUIGDosZp3N0,order_0hX9pYwo3tnnrX,,upi,,,,
pay_MtTZWYAfwUMkJP,payment,0.00,556.00,556.00,INR,0.00,0.00,false,true,2026-08-04T20:58:00,2026-08-06T11:00:00,setl_pgJouxFpTLfAne,SBINH83649515010,default,pay_MtTZWYAfwUMkJP,order_DQfUBv7ChNYs3W,,upi,,,,
pay_o5zUZXojBTf425,payment,0.00,7265.00,7265.00,INR,0.00,0.00,false,true,2026-08-04T17:21:00,2026-08-06T11:00:00,setl_pgJouxFpTLfAne,SBINH83649515010,default,pay_o5zUZXojBTf425,order_wIOUxbKq9xxqbr,,upi,,,,
pay_nzK7EPwgZNacoO,payment,0.00,5901.00,5901.00,INR,0.00,0.00,false,true,2026-08-04T09:06:00,2026-08-06T11:00:00,setl_pgJouxFpTLfAne,SBINH83649515010,default,pay_nzK7EPwgZNacoO,order_HbUl1nXToOwU3f,,upi,,,,
pay_vpvbmUycebmin7,payment,0.00,1486.00,1486.00,INR,0.00,0.00,false,true,2026-08-04T13:22:00,2026-08-06T11:00:00,setl_pgJouxFpTLfAne,SBINH83649515010,default,pay_vpvbmUycebmin7,order_NlSrYAPKWgRmuS,,upi,,,,
pay_kzDBevQCxwVUis,payment,0.00,1293.00,1293.00,INR,0.00,0.00,false,true,2026-08-04T17:01:00,2026-08-06T11:00:00,setl_pgJouxFpTLfAne,SBINH83649515010,default,pay_kzDBevQCxwVUis,order_pgxaKoM6ctfOhN,,upi,,,,
pay_6kisUEDmJ0O89j,payment,0.00,6305.00,6305.00,INR,0.00,0.00,false,true,2026-08-04T11:06:00,2026-08-06T11:00:00,setl_pgJouxFpTLfAne,SBINH83649515010,default,pay_6kisUEDmJ0O89j,order_rRpic90n5vW1wX,,upi,,,,
pay_xZDlSvSZEWvf5O,payment,0.00,6134.00,6134.00,INR,0.00,0.00,false,true,2026-08-04T14:04:00,2026-08-06T11:00:00,setl_pgJouxFpTLfAne,SBINH83649515010,default,pay_xZDlSvSZEWvf5O,order_q2TqbloQKCb3Ar,,upi,,,,
pay_PQjux78UBzi78E,payment,0.00,6486.12,6603.00,INR,116.88,17.83,false,true,2026-08-04T20:16:00,2026-08-06T11:00:00,setl_pgJouxFpTLfAne,SBINH83649515010,default,pay_PQjux78UBzi78E,order_NP2QbkWABI4cWJ,,netbanking,,,,
pay_UX50UDjqsPqAyZ,payment,0.00,31245.00,31245.00,INR,0.00,0.00,false,true,2026-08-04T10:01:00,2026-08-06T11:00:00,setl_pgJouxFpTLfAne,SBINH83649515010,default,pay_UX50UDjqsPqAyZ,order_I21gAgA2vQ40tG,,upi,,,,
pay_IlRmesuSF1uv6t,payment,0.00,42234.00,42234.00,INR,0.00,0.00,false,true,2026-08-04T21:57:00,2026-08-06T11:00:00,setl_pgJouxFpTLfAne,SBINH83649515010,default,pay_IlRmesuSF1uv6t,order_yfGaTeH2hHU3uJ,,upi,,,,
pay_V8mCxoSqhztmG7,payment,0.00,6334.88,6488.00,INR,153.12,23.36,false,true,2026-08-04T22:33:00,2026-08-06T11:00:00,setl_pgJouxFpTLfAne,SBINH83649515010,default,pay_V8mCxoSqhztmG7,order_Gfco2brf58gxxx,,card,Visa,Axis Bank,debit,
pay_u0qSiHLQyUKZz0,payment,0.00,2967.28,3039.00,INR,71.72,10.94,false,true,2026-08-04T18:29:00,2026-08-06T11:00:00,setl_pgJouxFpTLfAne,SBINH83649515010,default,pay_u0qSiHLQyUKZz0,order_qvDzroZ1cGcZm0,,card,MasterCard,HDFC Bank,credit,
pay_3sWBgb6Wzqah49,payment,0.00,7950.00,7950.00,INR,0.00,0.00,false,true,2026-08-04T13:28:00,2026-08-06T11:00:00,setl_pgJouxFpTLfAne,SBINH83649515010,default,pay_3sWBgb6Wzqah49,order_usT4dn68GXTCMi,,upi,,,,
pay_UnArUrWlRTOAk8,payment,0.00,3647.83,3736.00,INR,88.17,13.45,false,true,2026-08-04T16:25:00,2026-08-06T11:00:00,setl_pgJouxFpTLfAne,SBINH83649515010,default,pay_UnArUrWlRTOAk8,order_G7h0KtE4DXhg6w,,card,Amex,HDFC Bank,credit,
pay_DAt3UzPHYGTeKy,payment,0.00,6531.00,6531.00,INR,0.00,0.00,false,true,2026-08-04T08:39:00,2026-08-06T11:00:00,setl_pgJouxFpTLfAne,SBINH83649515010,default,pay_DAt3UzPHYGTeKy,order_fC3uMQsaAam6cc,,upi,,,,
pay_favpwWxHwGmDGm,payment,0.00,11688.00,11688.00,INR,0.00,0.00,false,true,2026-08-04T11:13:00,2026-08-06T11:00:00,setl_pgJouxFpTLfAne,SBINH83649515010,default,pay_favpwWxHwGmDGm,order_AIuQrSnSradZUX,,upi,,,,
pay_itgReJDqX3qn9e,payment,0.00,285.00,285.00,INR,0.00,0.00,false,true,2026-08-04T21:02:00,2026-08-06T11:00:00,setl_pgJouxFpTLfAne,SBINH83649515010,default,pay_itgReJDqX3qn9e,order_fhzTSaVl584mag,,upi,,,,
pay_a8Np2TDxLDM5IJ,payment,0.00,679.57,696.00,INR,16.43,2.51,false,true,2026-08-04T22:01:00,2026-08-06T11:00:00,setl_pgJouxFpTLfAne,SBINH83649515010,default,pay_a8Np2TDxLDM5IJ,order_7A1O2VgSlZPFK3,,card,Amex,SBI Cards,credit,
pay_SZW38WPR9SamES,payment,0.00,5686.00,5686.00,INR,0.00,0.00,false,true,2026-08-04T19:01:00,2026-08-06T11:00:00,setl_pgJouxFpTLfAne,SBINH83649515010,default,pay_SZW38WPR9SamES,order_1hkPMvbFhJFSBG,,upi,,,,
pay_62GJulFHrYQdau,payment,0.00,234.00,234.00,INR,0.00,0.00,false,true,2026-08-04T17:48:00,2026-08-06T11:00:00,setl_pgJouxFpTLfAne,SBINH83649515010,default,pay_62GJulFHrYQdau,order_94QQ70ts455woh,,upi,,,,
pay_jU3rHnVEcEidE7,payment,0.00,19375.00,19375.00,INR,0.00,0.00,false,true,2026-08-04T15:13:00,2026-08-06T11:00:00,setl_pgJouxFpTLfAne,SBINH83649515010,default,pay_jU3rHnVEcEidE7,order_YOJrpku1ZFvjuz,,upi,,,,
pay_wXi8HvUvxeuFCt,payment,0.00,2473.00,2473.00,INR,0.00,0.00,false,true,2026-08-04T16:49:00,2026-08-06T11:00:00,setl_pgJouxFpTLfAne,SBINH83649515010,default,pay_wXi8HvUvxeuFCt,order_vedWZUhlseiAMK,,upi,,,,
pay_4zgOIwuAbmoEMS,payment,0.00,1022.57,1041.00,INR,18.43,2.81,false,true,2026-08-04T08:17:00,2026-08-06T11:00:00,setl_pgJouxFpTLfAne,SBINH83649515010,default,pay_4zgOIwuAbmoEMS,order_yHJn8Vt3Dkqx5Y,,netbanking,,,,
pay_kTQe2GWUKE3Cx9,payment,0.00,837.82,856.00,INR,18.18,2.77,false,true,2026-08-04T09:03:00,2026-08-06T11:00:00,setl_pgJouxFpTLfAne,SBINH83649515010,default,pay_kTQe2GWUKE3Cx9,order_EkbFbxzebkcfuP,,wallet,,,,
pay_dOv5zK1bTcvFWY,payment,0.00,478.00,478.00,INR,0.00,0.00,false,true,2026-08-04T18:52:00,2026-08-06T11:00:00,setl_pgJouxFpTLfAne,SBINH83649515010,default,pay_dOv5zK1bTcvFWY,order_RQy8DQMZF8ndSl,,upi,,,,
pay_rNJB2qrfjYOMqh,payment,0.00,21576.00,21576.00,INR,0.00,0.00,false,true,2026-08-04T14:12:00,2026-08-06T11:00:00,setl_pgJouxFpTLfAne,SBINH83649515010,default,pay_rNJB2qrfjYOMqh,order_MfHVegnTMzQQeB,,upi,,,,
pay_BkCfXKFZXeGBLG,payment,0.00,21950.65,22427.00,INR,476.35,72.66,false,true,2026-08-04T17:46:00,2026-08-06T11:00:00,setl_pgJouxFpTLfAne,SBINH83649515010,default,pay_BkCfXKFZXeGBLG,order_0JPRNQQ0BMCTQJ,,wallet,,,,
pay_BHdkhoMPWzvBrR,payment,0.00,21394.88,21912.00,INR,517.12,78.88,false,true,2026-08-04T17:50:00,2026-08-06T11:00:00,setl_pgJouxFpTLfAne,SBINH83649515010,default,pay_BHdkhoMPWzvBrR,order_EmGbJpQgYQ8BBZ,,card,MasterCard,SBI Cards,debit,
pay_FRtB9cpFyAcnYm,payment,0.00,29413.00,29413.00,INR,0.00,0.00,false,true,2026-08-04T12:15:00,2026-08-06T11:00:00,setl_pgJouxFpTLfAne,SBINH83649515010,default,pay_FRtB9cpFyAcnYm,order_J2ei5S4mZSj44T,,upi,,,,
pay_1mYLb2aWngtgVR,payment,0.00,765.00,765.00,INR,0.00,0.00,false,true,2026-08-04T16:22:00,2026-08-06T11:00:00,setl_pgJouxFpTLfAne,SBINH83649515010,default,pay_1mYLb2aWngtgVR,order_jZEpNaQshIZNIE,,upi,,,,
pay_C3ZMH65f3i7DjX,payment,0.00,33918.18,34738.00,INR,819.82,125.06,false,true,2026-08-04T20:02:00,2026-08-06T11:00:00,setl_pgJouxFpTLfAne,SBINH83649515010,default,pay_C3ZMH65f3i7DjX,order_KtdPS5dfkbhqb7,,card,Amex,SBI Cards,credit,
pay_iqsb1t4nS0VxWA,payment,0.00,483.00,483.00,INR,0.00,0.00,false,true,2026-08-04T09:55:00,2026-08-06T11:00:00,setl_pgJouxFpTLfAne,SBINH83649515010,default,pay_iqsb1t4nS0VxWA,order_ffUigX2fOY57a6,,upi,,,,
pay_APo1CpTGoMBRVJ,payment,0.00,2117.00,2117.00,INR,0.00,0.00,false,true,2026-08-04T15:34:00,2026-08-06T11:00:00,setl_pgJouxFpTLfAne,SBINH83649515010,default,pay_APo1CpTGoMBRVJ,order_1fV7CrtOrDJD9f,,upi,,,,
pay_GkHIzY8w4FmZOe,payment,0.00,28950.35,29472.00,INR,521.65,79.57,false,true,2026-08-04T20:18:00,2026-08-06T11:00:00,setl_pgJouxFpTLfAne,SBINH83649515010,default,pay_GkHIzY8w4FmZOe,order_lyHa3gsaBLbIMV,,netbanking,,,,
pay_HtHLhHsWXdAuKu,payment,0.00,444.00,444.00,INR,0.00,0.00,false,true,2026-08-04T08:30:00,2026-08-06T11:00:00,setl_pgJouxFpTLfAne,SBINH83649515010,default,pay_HtHLhHsWXdAuKu,order_0NT5HoJnISUzue,,upi,,,,
pay_GtCTpZyrnKUDe1,payment,0.00,23067.00,23067.00,INR,0.00,0.00,false,true,2026-08-04T16:01:00,2026-08-06T11:00:00,setl_pgJouxFpTLfAne,SBINH83649515010,default,pay_GtCTpZyrnKUDe1,order_Z1Nr8nnMGBQSpX,,upi,,,,
pay_ZPx8EM5dCtHu3R,payment,0.00,1647.00,1647.00,INR,0.00,0.00,false,true,2026-08-04T07:09:00,2026-08-06T11:00:00,setl_pgJouxFpTLfAne,SBINH83649515010,default,pay_ZPx8EM5dCtHu3R,order_mZWkK3UaVztvXD,,upi,,,,
pay_ltWJZuyOOKTMud,payment,0.00,3865.00,3865.00,INR,0.00,0.00,false,true,2026-08-04T16:17:00,2026-08-06T11:00:00,setl_pgJouxFpTLfAne,SBINH83649515010,default,pay_ltWJZuyOOKTMud,order_NkdpUdBZRAuDZl,,upi,,,,
pay_q2JVEtX7JubGSQ,payment,0.00,1222.00,1222.00,INR,0.00,0.00,false,true,2026-08-04T14:02:00,2026-08-06T11:00:00,setl_pgJouxFpTLfAne,SBINH83649515010,default,pay_q2JVEtX7JubGSQ,order_K3MuGXfEt1fWvr,,upi,,,,
pay_zG9MhZphskrBRK,payment,0.00,26428.22,27067.00,INR,638.78,97.44,false,true,2026-08-04T20:08:00,2026-08-06T11:00:00,setl_pgJouxFpTLfAne,SBINH83649515010,default,pay_zG9MhZphskrBRK,order_61FHo8aHA4yPCW,,card,Visa,SBI Cards,credit,
pay_udyrE0KkyjWPhu,payment,0.00,582.50,593.00,INR,10.50,1.60,false,true,2026-08-04T18:58:00,2026-08-06T11:00:00,setl_pgJouxFpTLfAne,SBINH83649515010,default,pay_udyrE0KkyjWPhu,order_M5yJQTOfm7BM1N,,netbanking,,,,
pay_mbatsSNjaPAA55,payment,0.00,469.00,469.00,INR,0.00,0.00,false,true,2026-08-04T07:26:00,2026-08-06T11:00:00,setl_pgJouxFpTLfAne,SBINH83649515010,default,pay_mbatsSNjaPAA55,order_lnLXmhv4BOjhuT,,upi,,,,
pay_DOkV3WBhRiO4Od,payment,0.00,24379.70,24819.00,INR,439.30,67.01,false,true,2026-08-04T08:35:00,2026-08-06T11:00:00,setl_pgJouxFpTLfAne,SBINH83649515010,default,pay_DOkV3WBhRiO4Od,order_QS7BBvtUUnzw0j,,netbanking,,,,
pay_W13bKY6xMYbniL,payment,0.00,387.00,387.00,INR,0.00,0.00,false,true,2026-08-04T20:45:00,2026-08-06T11:00:00,setl_pgJouxFpTLfAne,SBINH83649515010,default,pay_W13bKY6xMYbniL,order_hG4ub0sYSi88CJ,,upi,,,,
pay_csEUUx4LMDk6m3,payment,0.00,21137.11,21648.00,INR,510.89,77.93,false,true,2026-08-04T13:49:00,2026-08-06T11:00:00,setl_pgJouxFpTLfAne,SBINH83649515010,default,pay_csEUUx4LMDk6m3,order_BSsq1oMxvJC5EU,,card,Amex,ICICI Bank,debit,
pay_2v0s5ZJlatXnWl,payment,0.00,14143.15,14485.00,INR,341.85,52.15,false,true,2026-08-04T08:53:00,2026-08-06T11:00:00,setl_pgJouxFpTLfAne,SBINH83649515010,default,pay_2v0s5ZJlatXnWl,order_TezgTM8MUeA89f,,card,MasterCard,HDFC Bank,credit,
pay_sO93S5WlKuOt5v,payment,0.00,196.46,200.00,INR,3.54,0.54,false,true,2026-08-04T17:44:00,2026-08-06T11:00:00,setl_pgJouxFpTLfAne,SBINH83649515010,default,pay_sO93S5WlKuOt5v,order_xuTq0P8YNGrMrX,,netbanking,,,,
pay_oNfYykAl28KpqU,payment,0.00,40473.00,40473.00,INR,0.00,0.00,false,true,2026-08-04T11:03:00,2026-08-06T11:00:00,setl_pgJouxFpTLfAne,SBINH83649515010,default,pay_oNfYykAl28KpqU,order_nZhP6b6czNjfXb,,upi,,,,
pay_9hwbNUSUSFtppI,payment,0.00,247.00,247.00,INR,0.00,0.00,false,true,2026-08-04T08:58:00,2026-08-06T11:00:00,setl_pgJouxFpTLfAne,SBINH83649515010,default,pay_9hwbNUSUSFtppI,order_ktODk8TFETnOYh,,upi,,,,
pay_Nn7X9i6Txxw2zm,payment,0.00,574.12,588.00,INR,13.88,2.12,false,true,2026-08-04T10:56:00,2026-08-06T11:00:00,setl_pgJouxFpTLfAne,SBINH83649515010,default,pay_Nn7X9i6Txxw2zm,order_ywOLtlIFkCWoXK,,card,Visa,Kotak,debit,
pay_3okdBIbzxceYNB,payment,0.00,6025.00,6025.00,INR,0.00,0.00,false,true,2026-08-04T18:32:00,2026-08-06T11:00:00,setl_pgJouxFpTLfAne,SBINH83649515010,default,pay_3okdBIbzxceYNB,order_7difCPsY37eT8G,,upi,,,,
pay_FwEBl50AmwDVa2,payment,0.00,6806.48,6971.00,INR,164.52,25.10,false,true,2026-08-04T16:39:00,2026-08-06T11:00:00,setl_pgJouxFpTLfAne,SBINH83649515010,default,pay_FwEBl50AmwDVa2,order_kbbmmRHBLgVXwJ,,card,Amex,HDFC Bank,credit,
pay_d7gH4AO0FqBXMU,payment,0.00,1274.00,1274.00,INR,0.00,0.00,false,true,2026-08-04T17:56:00,2026-08-06T11:00:00,setl_pgJouxFpTLfAne,SBINH83649515010,default,pay_d7gH4AO0FqBXMU,order_QsiM9Dmphz2gz1,,upi,,,,
pay_HNexeiEfgaExJz,payment,0.00,26885.17,27535.00,INR,649.83,99.13,false,true,2026-08-04T19:09:00,2026-08-06T11:00:00,setl_pgJouxFpTLfAne,SBINH83649515010,default,pay_HNexeiEfgaExJz,order_OBEA09HbdJxdUE,,card,Visa,SBI Cards,debit,
pay_iJ00FlSHI2GbyT,payment,0.00,357.00,357.00,INR,0.00,0.00,false,true,2026-08-04T20:47:00,2026-08-06T11:00:00,setl_pgJouxFpTLfAne,SBINH83649515010,default,pay_iJ00FlSHI2GbyT,order_NNIQ58VvYYKxwe,,upi,,,,
pay_DCKq7JQvKhX5OV,payment,0.00,6590.00,6590.00,INR,0.00,0.00,false,true,2026-08-04T11:46:00,2026-08-06T11:00:00,setl_pgJouxFpTLfAne,SBINH83649515010,default,pay_DCKq7JQvKhX5OV,order_b8xGSZhce3jLRJ,,upi,,,,
rfnd_yDV4daTdG3M6JY,refund,1970.00,0.00,1970.00,INR,0.00,0.00,false,true,2026-08-06T09:00:00,2026-08-06T11:00:00,setl_pgJouxFpTLfAne,SBINH83649515010,default,pay_8ABWvu5EWeVfyE,order_Jhg092DEZ9WcLO,,upi,,,,
rfnd_H1Nbx1vucr6Dgq,refund,16461.00,0.00,16461.00,INR,0.00,0.00,false,true,2026-08-06T09:00:00,2026-08-06T11:00:00,setl_pgJouxFpTLfAne,SBINH83649515010,default,pay_NAyrqekgyRnu34,order_RE3Ia0s5sDIzIN,,upi,,,,
rfnd_9OmK0qOosZs12H,refund,1836.00,0.00,1836.00,INR,0.00,0.00,false,true,2026-08-06T09:00:00,2026-08-06T11:00:00,setl_pgJouxFpTLfAne,SBINH83649515010,default,pay_MFJnJuh14qmk16,order_n94CdiTuExY4tf,,upi,,,,
rfnd_9g0jFQn3moISqr,refund,592.00,0.00,592.00,INR,0.00,0.00,false,true,2026-08-06T09:00:00,2026-08-06T11:00:00,setl_pgJouxFpTLfAne,SBINH83649515010,default,pay_P4wfMKBAN2WX27,,,card,RuPay,Kotak,debit,
rfnd_hrIfhnqL4bskBH,refund,12664.00,0.00,12664.00,INR,0.00,0.00,false,true,2026-08-06T09:00:00,2026-08-06T11:00:00,setl_pgJouxFpTLfAne,SBINH83649515010,default,pay_RDtpGS26wSU8AR,,,card,RuPay,HDFC Bank,credit,
rfnd_321lYvcv53ai44,refund,12665.00,0.00,12665.00,INR,0.00,0.00,false,true,2026-08-06T09:00:00,2026-08-06T11:00:00,setl_pgJouxFpTLfAne,SBINH83649515010,default,pay_LXh2oUpuyHuBto,,,card,MasterCard,ICICI Bank,debit,
rfnd_gLPB1qPfEaEYAG,refund,15280.00,0.00,15280.00,INR,0.00,0.00,false,true,2026-08-06T09:00:00,2026-08-06T11:00:00,setl_pgJouxFpTLfAne,SBINH83649515010,default,pay_R7QnglX0OQqQGf,,,card,Visa,ICICI Bank,credit,
pay_HseaYEvVUPQNuN,payment,0.00,5793.96,5934.00,INR,140.04,21.36,false,true,2026-08-04T11:00:00,2026-08-06T11:00:00,setl_pgJouxFpTLfAne,SBINH83649515010,default,pay_HseaYEvVUPQNuN,order_NY34ii5P9HDWoq,,card,RuPay,ICICI Bank,debit,
pay_3tuHgqH7K3fszN,payment,0.00,34281.07,35025.00,INR,743.93,113.48,false,true,2026-08-05T07:18:00,2026-08-07T11:00:00,setl_c0ccRfThIMQRGV,HDFCH46440257638,default,pay_3tuHgqH7K3fszN,order_T01IWIB9jRGrfs,,wallet,,,,
pay_BEKY4tgcRw2caA,payment,0.00,176.00,176.00,INR,0.00,0.00,false,true,2026-08-05T18:41:00,2026-08-07T11:00:00,setl_c0ccRfThIMQRGV,HDFCH46440257638,default,pay_BEKY4tgcRw2caA,order_tchV3JGkWXqdVs,,upi,,,,
pay_16eRO2tUzi4Njw,payment,0.00,1204.00,1204.00,INR,0.00,0.00,false,true,2026-08-05T13:19:00,2026-08-07T11:00:00,setl_c0ccRfThIMQRGV,HDFCH46440257638,default,pay_16eRO2tUzi4Njw,order_geLx75WC8LjnW1,,upi,,,,
pay_8ABWvu5EWeVfyE,payment,0.00,5052.00,5052.00,INR,0.00,0.00,false,true,2026-08-05T17:19:00,2026-08-07T11:00:00,setl_c0ccRfThIMQRGV,HDFCH46440257638,default,pay_8ABWvu5EWeVfyE,order_Jhg092DEZ9WcLO,,upi,,,,
pay_yDXshQtnyBQORT,payment,0.00,2303.00,2303.00,INR,0.00,0.00,false,true,2026-08-05T21:56:00,2026-08-07T11:00:00,setl_c0ccRfThIMQRGV,HDFCH46440257638,default,pay_yDXshQtnyBQORT,order_SzbFsSflBnYdQF,,upi,,,,
pay_pcbuC2nigYWnf6,payment,0.00,1406.00,1406.00,INR,0.00,0.00,false,true,2026-08-05T22:40:00,2026-08-07T11:00:00,setl_c0ccRfThIMQRGV,HDFCH46440257638,default,pay_pcbuC2nigYWnf6,order_qKDGNiiMSguKyj,,upi,,,,
pay_k8NNbgytC0KbDh,payment,0.00,18098.00,18098.00,INR,0.00,0.00,false,true,2026-08-05T22:40:00,2026-08-07T11:00:00,setl_c0ccRfThIMQRGV,HDFCH46440257638,default,pay_k8NNbgytC0KbDh,order_dfIbMCNiuRtLqS,,upi,,,,
pay_upjn0ypaVHhsAx,payment,0.00,2373.00,2373.00,INR,0.00,0.00,false,true,2026-08-05T14:18:00,2026-08-07T11:00:00,setl_c0ccRfThIMQRGV,HDFCH46440257638,default,pay_upjn0ypaVHhsAx,order_1tXXuncMSZyW15,,upi,,,,
pay_NAyrqekgyRnu34,payment,0.00,16461.00,16461.00,INR,0.00,0.00,false,true,2026-08-05T21:33:00,2026-08-07T11:00:00,setl_c0ccRfThIMQRGV,HDFCH46440257638,default,pay_NAyrqekgyRnu34,order_RE3Ia0s5sDIzIN,,upi,,,,
pay_XT8VDYV4ZIvTsY,payment,0.00,38930.04,39871.00,INR,940.96,143.54,false,true,2026-08-05T07:11:00,2026-08-07T11:00:00,setl_c0ccRfThIMQRGV,HDFCH46440257638,default,pay_XT8VDYV4ZIvTsY,order_7lfn2XYIX4XSUw,,card,RuPay,SBI Cards,debit,
pay_LnopwruVYfyl1e,payment,0.00,6436.03,6552.00,INR,115.97,17.69,false,true,2026-08-05T14:45:00,2026-08-07T11:00:00,setl_c0ccRfThIMQRGV,HDFCH46440257638,default,pay_LnopwruVYfyl1e,order_g4QCcCdEMzVqpg,,netbanking,,,,
pay_7QIndoMdkHcakT,payment,0.00,1321.00,1321.00,INR,0.00,0.00,false,true,2026-08-05T11:11:00,2026-08-07T11:00:00,setl_c0ccRfThIMQRGV,HDFCH46440257638,default,pay_7QIndoMdkHcakT,order_HwCaQ7hYM7Q21Y,,upi,,,,
pay_255Y2gssCwHUvY,payment,0.00,1970.00,1970.00,INR,0.00,0.00,false,true,2026-08-05T18:56:00,2026-08-07T11:00:00,setl_c0ccRfThIMQRGV,HDFCH46440257638,default,pay_255Y2gssCwHUvY,order_ThwylMpjnEyIoJ,,upi,,,,
pay_5xPewLKPfsDHnX,payment,0.00,27489.66,27985.00,INR,495.34,75.56,false,true,2026-08-05T15:05:00,2026-08-07T11:00:00,setl_c0ccRfThIMQRGV,HDFCH46440257638,default,pay_5xPewLKPfsDHnX,order_8a0p9rSzT7eTU0,,netbanking,,,,
pay_bpbvxcyUmQHovS,payment,0.00,29019.00,29019.00,INR,0.00,0.00,false,true,2026-08-05T17:49:00,2026-08-07T11:00:00,setl_c0ccRfThIMQRGV,HDFCH46440257638,default,pay_bpbvxcyUmQHovS,order_HyeS5QmdDkdV5Z,,upi,,,,
pay_55TF12vovP10hs,payment,0.00,13167.00,13167.00,INR,0.00,0.00,false,true,2026-08-05T15:11:00,2026-08-07T11:00:00,setl_c0ccRfThIMQRGV,HDFCH46440257638,default,pay_55TF12vovP10hs,order_vQEzCxVX06spLu,,upi,,,,
pay_SfDmlGTXPNWnBQ,payment,0.00,13389.00,13389.00,INR,0.00,0.00,false,true,2026-08-05T10:37:00,2026-08-07T11:00:00,setl_c0ccRfThIMQRGV,HDFCH46440257638,default,pay_SfDmlGTXPNWnBQ,order_KLY6PbYIkaNPnU,,upi,,,,
pay_Mw1AphJtIfhFd0,payment,0.00,1537.00,1537.00,INR,0.00,0.00,false,true,2026-08-05T10:14:00,2026-08-07T11:00:00,setl_c0ccRfThIMQRGV,HDFCH46440257638,default,pay_Mw1AphJtIfhFd0,order_7T5gbXsccrw0iN,,upi,,,,
pay_b1bnkfT1OsrCiK,payment,0.00,8741.71,8953.00,INR,211.29,32.23,false,true,2026-08-05T15:07:00,2026-08-07T11:00:00,setl_c0ccRfThIMQRGV,HDFCH46440257638,default,pay_b1bnkfT1OsrCiK,order_OMekp6qGsOjWaJ,,card,RuPay,Kotak,debit,
pay_iccRQGE6uJ1Xuq,payment,0.00,107.00,107.00,INR,0.00,0.00,false,true,2026-08-05T09:39:00,2026-08-07T11:00:00,setl_c0ccRfThIMQRGV,HDFCH46440257638,default,pay_iccRQGE6uJ1Xuq,order_OHWBQZlOwx3ChY,,upi,,,,
pay_nkz5HmpOoirWav,payment,0.00,6691.00,6691.00,INR,0.00,0.00,false,true,2026-08-05T12:59:00,2026-08-07T11:00:00,setl_c0ccRfThIMQRGV,HDFCH46440257638,default,pay_nkz5HmpOoirWav,order_snpnNa3iVeJW2m,,upi,,,,
pay_iPxGRxClPLhNPR,payment,0.00,630.00,630.00,INR,0.00,0.00,false,true,2026-08-05T20:35:00,2026-08-07T11:00:00,setl_c0ccRfThIMQRGV,HDFCH46440257638,default,pay_iPxGRxClPLhNPR,order_uymBwJwtnV7rsy,,upi,,,,
pay_D0sd6tTZW9N83Y,payment,0.00,355.41,364.00,INR,8.59,1.31,false,true,2026-08-05T20:57:00,2026-08-07T11:00:00,setl_c0ccRfThIMQRGV,HDFCH46440257638,default,pay_D0sd6tTZW9N83Y,order_g0qZT0lGfG9YRb,,card,Visa,HDFC Bank,debit,
pay_KZARSHiYkaKWAS,payment,0.00,250.93,257.00,INR,6.07,0.93,false,true,2026-08-05T19:14:00,2026-08-07T11:00:00,setl_c0ccRfThIMQRGV,HDFCH46440257638,default,pay_KZARSHiYkaKWAS,order_vjK8RIx7p2AEUX,,card,RuPay,HDFC Bank,credit,
pay_UYAO3yi9vDCtN4,payment,0.00,745.97,764.00,INR,18.03,2.75,false,true,2026-08-05T13:22:00,2026-08-07T11:00:00,setl_c0ccRfThIMQRGV,HDFCH46440257638,default,pay_UYAO3yi9vDCtN4,order_XGdyEM3gj0n2rw,,card,Amex,Axis Bank,debit,
pay_c5VAHJs5JgzdK3,payment,0.00,443.38,453.00,INR,9.62,1.47,false,true,2026-08-05T21:13:00,2026-08-07T11:00:00,setl_c0ccRfThIMQRGV,HDFCH46440257638,default,pay_c5VAHJs5JgzdK3,order_vkyK3Lg2Qk9Hvv,,wallet,,,,
pay_1bPpXs3VddiD8r,payment,0.00,22709.00,22709.00,INR,0.00,0.00,false,true,2026-08-05T10:26:00,2026-08-07T11:00:00,setl_c0ccRfThIMQRGV,HDFCH46440257638,default,pay_1bPpXs3VddiD8r,order_Ru0v6YEUPAacde,,upi,,,,
pay_FJa8l1xc5xlbZR,payment,0.00,18036.00,18036.00,INR,0.00,0.00,false,true,2026-08-05T07:36:00,2026-08-07T11:00:00,setl_c0ccRfThIMQRGV,HDFCH46440257638,default,pay_FJa8l1xc5xlbZR,order_qdFf2XAcZ8Omsh,,upi,,,,
pay_OwSXZtPfX76boC,payment,0.00,38019.06,38938.00,INR,918.94,140.18,false,true,2026-08-05T17:03:00,2026-08-07T11:00:00,setl_c0ccRfThIMQRGV,HDFCH46440257638,default,pay_OwSXZtPfX76boC,order_2DL3apQuMrvbm7,,card,Amex,HDFC Bank,credit,
pay_MFJnJuh14qmk16,payment,0.00,4834.00,4834.00,INR,0.00,0.00,false,true,2026-08-05T21:34:00,2026-08-07T11:00:00,setl_c0ccRfThIMQRGV,HDFCH46440257638,default,pay_MFJnJuh14qmk16,order_n94CdiTuExY4tf,,upi,,,,
pay_xj4bvzf7li7urI,payment,0.00,3578.51,3665.00,INR,86.49,13.19,false,true,2026-08-05T13:13:00,2026-08-07T11:00:00,setl_c0ccRfThIMQRGV,HDFCH46440257638,default,pay_xj4bvzf7li7urI,order_a5iVLhraRKFENa,,card,RuPay,Kotak,debit,
pay_oZ2Ei7IDO3eXnM,payment,0.00,356.39,365.00,INR,8.61,1.31,false,true,2026-08-05T18:39:00,2026-08-07T11:00:00,setl_c0ccRfThIMQRGV,HDFCH46440257638,default,pay_oZ2Ei7IDO3eXnM,order_G04fJsj9ObZzSS,,card,Amex,SBI Cards,credit,
pay_kvfPtTbdybBg8G,payment,0.00,35441.00,35441.00,INR,0.00,0.00,false,true,2026-08-05T12:54:00,2026-08-07T11:00:00,setl_c0ccRfThIMQRGV,HDFCH46440257638,default,pay_kvfPtTbdybBg8G,order_I4o6PmWjeIe8Ch,,upi,,,,
pay_5ozQusedD9rTdN,payment,0.00,467.00,467.00,INR,0.00,0.00,false,true,2026-08-05T13:17:00,2026-08-07T11:00:00,setl_c0ccRfThIMQRGV,HDFCH46440257638,default,pay_5ozQusedD9rTdN,order_2vtex5IcY2wHCm,,upi,,,,
pay_Uk4GnH3sugnIn6,payment,0.00,24305.00,24305.00,INR,0.00,0.00,false,true,2026-08-05T21:45:00,2026-08-07T11:00:00,setl_c0ccRfThIMQRGV,HDFCH46440257638,default,pay_Uk4GnH3sugnIn6,order_p9E70YS7qCsbrU,,upi,,,,
pay_0p9IBgdxv4xUwq,payment,0.00,9898.00,9898.00,INR,0.00,0.00,false,true,2026-08-05T17:22:00,2026-08-07T11:00:00,setl_c0ccRfThIMQRGV,HDFCH46440257638,default,pay_0p9IBgdxv4xUwq,order_kCtxpHksL8CbSo,,upi,,,,
pay_RE48ahOvlBurKg,payment,0.00,963.71,987.00,INR,23.29,3.55,false,true,2026-08-05T14:56:00,2026-08-07T11:00:00,setl_c0ccRfThIMQRGV,HDFCH46440257638,default,pay_RE48ahOvlBurKg,order_qxH527XU39g90A,,card,MasterCard,SBI Cards,credit,
pay_Uo2kkjMeW3ZDhM,payment,0.00,23039.00,23039.00,INR,0.00,0.00,false,true,2026-08-05T19:22:00,2026-08-07T11:00:00,setl_c0ccRfThIMQRGV,HDFCH46440257638,default,pay_Uo2kkjMeW3ZDhM,order_00DkLGbA3oAd6N,,upi,,,,
pay_eSkiZzA5e9br6w,payment,0.00,1060.00,1083.00,INR,23.00,3.51,false,true,2026-08-05T15:09:00,2026-08-07T11:00:00,setl_c0ccRfThIMQRGV,HDFCH46440257638,default,pay_eSkiZzA5e9br6w,order_i0IHKL6Vep7nfx,,wallet,,,,
pay_A0xSPMJSlU1vNB,payment,0.00,29455.25,29986.00,INR,530.75,80.96,false,true,2026-08-05T13:44:00,2026-08-07T11:00:00,setl_c0ccRfThIMQRGV,HDFCH46440257638,default,pay_A0xSPMJSlU1vNB,order_J1Z6rTelNT70O3,,netbanking,,,,
pay_vdCtbodhgKUIVE,payment,0.00,5777.00,5777.00,INR,0.00,0.00,false,true,2026-08-05T14:47:00,2026-08-07T11:00:00,setl_c0ccRfThIMQRGV,HDFCH46440257638,default,pay_vdCtbodhgKUIVE,order_1EojCBrBgfB7Xi,,upi,,,,
pay_Xq3UG3Ukjc03KB,payment,0.00,34235.00,34235.00,INR,0.00,0.00,false,true,2026-08-05T16:00:00,2026-08-07T11:00:00,setl_c0ccRfThIMQRGV,HDFCH46440257638,default,pay_Xq3UG3Ukjc03KB,order_0RgksWVyXJqSxp,,upi,,,,
pay_DIV4mYDpAETryS,payment,0.00,833.00,833.00,INR,0.00,0.00,false,true,2026-08-05T21:08:00,2026-08-07T11:00:00,setl_c0ccRfThIMQRGV,HDFCH46440257638,default,pay_DIV4mYDpAETryS,order_mRHrECnofLaBRG,,upi,,,,
pay_oPgEky5i0KkjV2,payment,0.00,10236.00,10236.00,INR,0.00,0.00,false,true,2026-08-05T22:32:00,2026-08-07T11:00:00,setl_c0ccRfThIMQRGV,HDFCH46440257638,default,pay_oPgEky5i0KkjV2,order_jvIb3H73Hq6o1o,,upi,,,,
pay_a52o9eAeIC6iXJ,payment,0.00,1530.88,1559.00,INR,28.12,4.73,false,true,2026-08-05T13:32:00,2026-08-07T11:00:00,setl_c0ccRfThIMQRGV,HDFCH46440257638,default,pay_a52o9eAeIC6iXJ,order_blEEfxxmPdSL2H,,netbanking,,,,
pay_fVARtGVT1spPCT,payment,0.00,39562.75,40519.00,INR,956.25,145.87,false,true,2026-08-05T11:14:00,2026-08-07T11:00:00,setl_c0ccRfThIMQRGV,HDFCH46440257638,default,pay_fVARtGVT1spPCT,order_DKiXM0AYbSQogp,,card,Amex,ICICI Bank,debit,
pay_zswiJj7bIBRC5s,payment,0.00,40904.33,41893.00,INR,988.67,150.81,false,true,2026-08-05T11:58:00,2026-08-07T11:00:00,setl_c0ccRfThIMQRGV,HDFCH46440257638,default,pay_zswiJj7bIBRC5s,order_ZVMAQwFpwj5ICZ,,card,MasterCard,Axis Bank,debit,
pay_YxE8hjjLHaRHAC,payment,0.00,6001.93,6147.00,INR,145.07,22.13,false,true,2026-08-05T07:12:00,2026-08-07T11:00:00,setl_c0ccRfThIMQRGV,HDFCH46440257638,default,pay_YxE8hjjLHaRHAC,order_DsoOAiIJL8YA3e,,card,MasterCard,SBI Cards,credit,
pay_D0dT1OyYs0JFy8,payment,0.00,747.00,747.00,INR,0.00,0.00,false,true,2026-08-05T07:56:00,2026-08-07T11:00:00,setl_c0ccRfThIMQRGV,HDFCH46440257638,default,pay_D0dT1OyYs0JFy8,order_wASuvuJToAhgn2,,upi,,,,
pay_rURmad4lfXoP7O,payment,0.00,2358.98,2416.00,INR,57.02,8.70,false,true,2026-08-05T21:49:00,2026-08-07T11:00:00,setl_c0ccRfThIMQRGV,HDFCH46440257638,default,pay_rURmad4lfXoP7O,order_2tofk6z8nhTZ6K,,card,Amex,HDFC Bank,debit,
pay_RtI7v0nyceYBPE,payment,0.00,514.00,514.00,INR,0.00,0.00,false,true,2026-08-05T14:13:00,2026-08-07T11:00:00,setl_c0ccRfThIMQRGV,HDFCH46440257638,default,pay_RtI7v0nyceYBPE,order_7e7xyg4NknjjZs,,upi,,,,
pay_2TWKam4OuX3rDy,payment,0.00,1286.00,1286.00,INR,0.00,0.00,false,true,2026-08-05T11:47:00,2026-08-07T11:00:00,setl_c0ccRfThIMQRGV,HDFCH46440257638,default,pay_2TWKam4OuX3rDy,order_LxFi2WUN4BpEn5,,upi,,,,
pay_JNZ42BbWSUC6th,payment,0.00,3759.00,3759.00,INR,0.00,0.00,false,true,2026-08-05T12:40:00,2026-08-07T11:00:00,setl_c0ccRfThIMQRGV,HDFCH46440257638,default,pay_JNZ42BbWSUC6th,order_r61j1ve3T5XL0I,,upi,,,,
pay_WgApUqnTLKXqsc,payment,0.00,36040.59,36690.00,INR,649.41,99.06,false,true,2026-08-05T15:07:00,2026-08-07T11:00:00,setl_c0ccRfThIMQRGV,HDFCH46440257638,default,pay_WgApUqnTLKXqsc,order_nCMne8iDigp7HS,,netbanking,,,,
pay_c3K51yHh9yz5yf,payment,0.00,7199.00,7199.00,INR,0.00,0.00,false,true,2026-08-05T21:50:00,2026-08-07T11:00:00,setl_c0ccRfThIMQRGV,HDFCH46440257638,default,pay_c3K51yHh9yz5yf,order_V66t9ubgdvK4Mz,,upi,,,,
pay_X8R6e6ZYylkYlZ,payment,0.00,17447.00,17447.00,INR,0.00,0.00,false,true,2026-08-05T10:58:00,2026-08-07T11:00:00,setl_c0ccRfThIMQRGV,HDFCH46440257638,default,pay_X8R6e6ZYylkYlZ,order_5BMabdXII3Nzpw,,upi,,,,
pay_0gkfy3WVwyPces,payment,0.00,8891.00,8891.00,INR,0.00,0.00,false,true,2026-08-05T13:26:00,2026-08-07T11:00:00,setl_c0ccRfThIMQRGV,HDFCH46440257638,default,pay_0gkfy3WVwyPces,order_EyxNbO493kTHU4,,upi,,,,
pay_ukF3wxi20EdDyy,payment,0.00,7384.00,7384.00,INR,0.00,0.00,false,true,2026-08-05T16:44:00,2026-08-07T11:00:00,setl_c0ccRfThIMQRGV,HDFCH46440257638,default,pay_ukF3wxi20EdDyy,order_qjRm8UrGaCHYhr,,upi,,,,
pay_DcyRfFtZV4YOQt,payment,0.00,42325.00,42325.00,INR,0.00,0.00,false,true,2026-08-05T19:31:00,2026-08-07T11:00:00,setl_c0ccRfThIMQRGV,HDFCH46440257638,default,pay_DcyRfFtZV4YOQt,order_pUAuVe9EyDmcvp,,upi,,,,
pay_cxzxqp6AIkiYB6,payment,0.00,858.37,877.00,INR,18.63,2.84,false,true,2026-08-05T20:09:00,2026-08-07T11:00:00,setl_c0ccRfThIMQRGV,HDFCH46440257638,default,pay_cxzxqp6AIkiYB6,order_TjwOHhnczuSkWn,,wallet,,,,
pay_mPutpvq2IqLE9z,payment,0.00,1435.00,1435.00,INR,0.00,0.00,false,true,2026-08-05T07:26:00,2026-08-07T11:00:00,setl_c0ccRfThIMQRGV,HDFCH46440257638,default,pay_mPutpvq2IqLE9z,order_DaTfjEk8AJBtXe,,upi,,,,
pay_ykAUkHMAS4aOoA,payment,0.00,522.00,522.00,INR,0.00,0.00,false,true,2026-08-05T12:43:00,2026-08-07T11:00:00,setl_c0ccRfThIMQRGV,HDFCH46440257638,default,pay_ykAUkHMAS4aOoA,order_uNY8AxI9t61VQo,,upi,,,,
pay_8id7MF1QyLHqdF,payment,0.00,7194.37,7324.00,INR,129.63,19.77,false,true,2026-08-05T18:34:00,2026-08-07T11:00:00,setl_c0ccRfThIMQRGV,HDFCH46440257638,default,pay_8id7MF1QyLHqdF,order_niMmfFGm3dKTHq,,netbanking,,,,
pay_ntPewKmwWoMHLW,payment,0.00,6892.00,6892.00,INR,0.00,0.00,false,true,2026-08-05T07:04:00,2026-08-07T11:00:00,setl_c0ccRfThIMQRGV,HDFCH46440257638,default,pay_ntPewKmwWoMHLW,order_SlV1ngtOeYGXvY,,upi,,,,
pay_uhWeOWlingD4Rd,payment,0.00,722.54,740.00,INR,17.46,2.66,false,true,2026-08-05T21:58:00,2026-08-07T11:00:00,setl_c0ccRfThIMQRGV,HDFCH46440257638,default,pay_uhWeOWlingD4Rd,order_LmHbXmdACN3ung,,card,RuPay,Axis Bank,credit,
pay_cSOfDdanfNtbGX,payment,0.00,839.70,860.00,INR,20.30,3.10,false,true,2026-08-05T21:30:00,2026-08-07T11:00:00,setl_c0ccRfThIMQRGV,HDFCH46440257638,default,pay_cSOfDdanfNtbGX,order_m0EU7W1tSPykPI,,card,Visa,ICICI Bank,credit,
pay_v5S8Syw3rnaOpN,payment,0.00,3119.00,3119.00,INR,0.00,0.00,false,true,2026-08-05T12:02:00,2026-08-07T11:00:00,setl_c0ccRfThIMQRGV,HDFCH46440257638,default,pay_v5S8Syw3rnaOpN,order_50L9jqEu7zFsd6,,upi,,,,
pay_6Xb36gmeVyfZeK,payment,0.00,475.00,475.00,INR,0.00,0.00,false,true,2026-08-05T11:11:00,2026-08-07T11:00:00,setl_c0ccRfThIMQRGV,HDFCH46440257638,default,pay_6Xb36gmeVyfZeK,order_2wm6SxvhGPGHLg,,upi,,,,
pay_gTWsEvDo5hqMNH,payment,0.00,2707.00,2707.00,INR,0.00,0.00,false,true,2026-08-05T17:46:00,2026-08-07T11:00:00,setl_c0ccRfThIMQRGV,HDFCH46440257638,default,pay_gTWsEvDo5hqMNH,order_pxSZexEu7RvMrr,,upi,,,,
pay_lxTfcKloW9HVbi,payment,0.00,2484.00,2484.00,INR,0.00,0.00,false,true,2026-08-05T09:30:00,2026-08-07T11:00:00,setl_c0ccRfThIMQRGV,HDFCH46440257638,default,pay_lxTfcKloW9HVbi,order_AVIJK3pBIvIqV6,,upi,,,,
pay_gDjXmoQuGizvCb,payment,0.00,381.00,381.00,INR,0.00,0.00,false,true,2026-08-05T07:23:00,2026-08-07T11:00:00,setl_c0ccRfThIMQRGV,HDFCH46440257638,default,pay_gDjXmoQuGizvCb,order_yqkaWFkeNohdeG,,upi,,,,
pay_6W0Kcz81gWjf3W,payment,0.00,4092.00,4092.00,INR,0.00,0.00,false,true,2026-08-05T22:19:00,2026-08-07T11:00:00,setl_c0ccRfThIMQRGV,HDFCH46440257638,default,pay_6W0Kcz81gWjf3W,order_TVYJI9tmqtF72d,,upi,,,,
pay_bwhS7sjMglJURJ,payment,0.00,1327.90,1360.00,INR,32.10,4.90,false,true,2026-08-05T07:29:00,2026-08-07T11:00:00,setl_c0ccRfThIMQRGV,HDFCH46440257638,default,pay_bwhS7sjMglJURJ,order_jeA81tmPzc6VoM,,card,RuPay,Kotak,debit,
pay_Wk3b6WJvpeLDeF,payment,0.00,969.00,969.00,INR,0.00,0.00,false,true,2026-08-05T19:29:00,2026-08-07T11:00:00,setl_c0ccRfThIMQRGV,HDFCH46440257638,default,pay_Wk3b6WJvpeLDeF,order_28486zOLXSA9bx,,upi,,,,
pay_MHMtLeCoXcAC5l,payment,0.00,18706.85,19159.00,INR,452.15,68.97,false,true,2026-08-05T19:29:00,2026-08-07T11:00:00,setl_c0ccRfThIMQRGV,HDFCH46440257638,default,pay_MHMtLeCoXcAC5l,order_t0v7TubLAsAkPy,,card,MasterCard,SBI Cards,debit,
pay_vdQAypdwjoDIXu,payment,0.00,5758.00,5758.00,INR,0.00,0.00,false,true,2026-08-05T07:05:00,2026-08-07T11:00:00,setl_c0ccRfThIMQRGV,HDFCH46440257638,default,pay_vdQAypdwjoDIXu,order_vjN9JBmtkptCRO,,upi,,,,
rfnd_W3RJmzDhJytyCh,refund,840.00,0.00,840.00,INR,0.00,0.00,false,true,2026-08-07T09:00:00,2026-08-07T11:00:00,setl_c0ccRfThIMQRGV,HDFCH46440257638,default,pay_yDXshQtnyBQORT,order_SzbFsSflBnYdQF,,upi,,,,
rfnd_JFmYeCrJETC4cN,refund,841.00,0.00,841.00,INR,0.00,0.00,false,true,2026-08-07T09:00:00,2026-08-07T11:00:00,setl_c0ccRfThIMQRGV,HDFCH46440257638,default,pay_yDXshQtnyBQORT,order_SzbFsSflBnYdQF,,upi,,,,
rfnd_780BIomWqbmj2X,refund,18036.00,0.00,18036.00,INR,0.00,0.00,false,true,2026-08-07T09:00:00,2026-08-07T11:00:00,setl_c0ccRfThIMQRGV,HDFCH46440257638,default,pay_FJa8l1xc5xlbZR,order_qdFf2XAcZ8Omsh,,upi,,,,
rfnd_S7VjyRDbfCaIGS,refund,467.00,0.00,467.00,INR,0.00,0.00,false,true,2026-08-07T09:00:00,2026-08-07T11:00:00,setl_c0ccRfThIMQRGV,HDFCH46440257638,default,pay_5ozQusedD9rTdN,order_2vtex5IcY2wHCm,,upi,,,,
disp_1ERiZvqzyvGhiw,dispute,1996.20,0.00,1300.00,INR,696.20,106.20,false,true,2026-08-07T09:00:00,2026-08-07T11:00:00,setl_c0ccRfThIMQRGV,HDFCH46440257638,default,pay_OePVeVIAZrYiAD,order_nvU1pf23nNmpil,disp_1ERiZvqzyvGhiw,card,MasterCard,HDFC Bank,credit,
pay_lSwJ3jTKJWsusM,payment,0.00,33831.00,33831.00,INR,0.00,0.00,false,true,2026-08-06T15:01:00,2026-08-08T11:00:00,setl_RLRPJ60jkd1kFa,UTIBH44373577768,default,pay_lSwJ3jTKJWsusM,order_a3fuDGyTCwdQbD,,upi,,,,
pay_FZmmMxxlJVUeUO,payment,0.00,1105.00,1105.00,INR,0.00,0.00,false,true,2026-08-06T19:20:00,2026-08-08T11:00:00,setl_RLRPJ60jkd1kFa,UTIBH44373577768,default,pay_FZmmMxxlJVUeUO,order_J1nZBWJDdDkwuD,,upi,,,,
pay_4GhsmDZIEsBJJt,payment,0.00,1457.00,1457.00,INR,0.00,0.00,false,true,2026-08-06T10:53:00,2026-08-08T11:00:00,setl_RLRPJ60jkd1kFa,UTIBH44373577768,default,pay_4GhsmDZIEsBJJt,order_sRLM1vM898aAtz,,upi,,,,
pay_HVoDTv5MVpEoUb,payment,0.00,137.00,137.00,INR,0.00,0.00,false,true,2026-08-06T09:10:00,2026-08-08T11:00:00,setl_RLRPJ60jkd1kFa,UTIBH44373577768,default,pay_HVoDTv5MVpEoUb,order_Etll8uMnpItHul,,upi,,,,
pay_I5DAZEbpNugq2f,payment,0.00,17775.00,17775.00,INR,0.00,0.00,false,true,2026-08-06T21:55:00,2026-08-08T11:00:00,setl_RLRPJ60jkd1kFa,UTIBH44373577768,default,pay_I5DAZEbpNugq2f,order_1VojUeZdAFGgWt,,upi,,,,
pay_TzSxaMEnrlpGO1,payment,0.00,783.00,783.00,INR,0.00,0.00,false,true,2026-08-06T09:31:00,2026-08-08T11:00:00,setl_RLRPJ60jkd1kFa,UTIBH44373577768,default,pay_TzSxaMEnrlpGO1,order_4cu9MSjRU6k3xK,,upi,,,,
pay_WbJTDpxrsu4LbK,payment,0.00,423.76,434.00,INR,10.24,1.56,false,true,2026-08-06T10:09:00,2026-08-08T11:00:00,setl_RLRPJ60jkd1kFa,UTIBH44373577768,default,pay_WbJTDpxrsu4LbK,order_cMFSoqYcU5xk1C,,card,Amex,HDFC Bank,debit,
pay_CiJYijYRZi6nZV,payment,0.00,270.00,270.00,INR,0.00,0.00,false,true,2026-08-06T11:24:00,2026-08-08T11:00:00,setl_RLRPJ60jkd1kFa,UTIBH44373577768,default,pay_CiJYijYRZi6nZV,order_rj5qKyYnHYaDmW,,upi,,,,
pay_dFilL5NbuOHfzb,payment,0.00,5028.46,5150.00,INR,121.54,18.54,false,true,2026-08-06T12:41:00,2026-08-08T11:00:00,setl_RLRPJ60jkd1kFa,UTIBH44373577768,default,pay_dFilL5NbuOHfzb,order_apM3t62iKv17yZ,,card,Amex,SBI Cards,credit,
pay_E0NODjeamSFGhg,payment,0.00,7813.00,7813.00,INR,0.00,0.00,false,true,2026-08-06T22:29:00,2026-08-08T11:00:00,setl_RLRPJ60jkd1kFa,UTIBH44373577768,default,pay_E0NODjeamSFGhg,order_g6dc4WwYvutFBV,,upi,,,,
pay_fehKr1Wd8eBDfB,payment,0.00,1904.67,1939.00,INR,34.33,5.24,false,true,2026-08-06T09:53:00,2026-08-08T11:00:00,setl_RLRPJ60jkd1kFa,UTIBH44373577768,default,pay_fehKr1Wd8eBDfB,order_YqWXtmaGfzo26K,,netbanking,,,,
pay_yaJPxjkO6EVsFD,payment,0.00,2462.00,2462.00,INR,0.00,0.00,false,true,2026-08-06T11:26:00,2026-08-08T11:00:00,setl_RLRPJ60jkd1kFa,UTIBH44373577768,default,pay_yaJPxjkO6EVsFD,order_u1avLdExe18JZv,,upi,,,,
pay_b9OWr9heV46QnO,payment,0.00,18411.00,18856.00,INR,445.00,67.88,false,true,2026-08-06T21:44:00,2026-08-08T11:00:00,setl_RLRPJ60jkd1kFa,UTIBH44373577768,default,pay_b9OWr9heV46QnO,order_cldlxKIDLdgjH0,,card,Amex,Kotak,debit,
pay_u1GlYTuQc55X3Y,payment,0.00,7468.00,7468.00,INR,0.00,0.00,false,true,2026-08-06T07:20:00,2026-08-08T11:00:00,setl_RLRPJ60jkd1kFa,UTIBH44373577768,default,pay_u1GlYTuQc55X3Y,order_sVYlpI7ZEu6Cce,,upi,,,,
pay_tiInqrwN2spX5i,payment,0.00,10839.02,11101.00,INR,261.98,39.96,false,true,2026-08-06T13:37:00,2026-08-08T11:00:00,setl_RLRPJ60jkd1kFa,UTIBH44373577768,default,pay_tiInqrwN2spX5i,order_crN2rq0nWEXfbB,,card,RuPay,HDFC Bank,debit,
pay_QQACpnlawV5Ig8,payment,0.00,25615.00,25615.00,INR,0.00,0.00,false,true,2026-08-06T07:23:00,2026-08-08T11:00:00,setl_RLRPJ60jkd1kFa,UTIBH44373577768,default,pay_QQACpnlawV5Ig8,order_nKQ1aEfwRK5jZO,,upi,,,,
pay_Wf13e5kw728KM7,payment,0.00,425.00,425.00,INR,0.00,0.00,false,true,2026-08-06T07:58:00,2026-08-08T11:00:00,setl_RLRPJ60jkd1kFa,UTIBH44373577768,default,pay_Wf13e5kw728KM7,order_XgYxaLJfG9RzgS,,upi,,,,
pay_9wzeSo4BQAfOrv,payment,0.00,1184.00,1184.00,INR,0.00,0.00,false,true,2026-08-06T22:51:00,2026-08-08T11:00:00,setl_RLRPJ60jkd1kFa,UTIBH44373577768,default,pay_9wzeSo4BQAfOrv,order_37R1yrZPQfOxPU,,upi,,,,
pay_7sjrghTSrENX3i,payment,0.00,3291.44,3371.00,INR,79.56,12.14,false,true,2026-08-06T16:40:00,2026-08-08T11:00:00,setl_RLRPJ60jkd1kFa,UTIBH44373577768,default,pay_7sjrghTSrENX3i,order_NMlP8RAhWxLWu1,,card,RuPay,ICICI Bank,credit,
pay_cCus8Hbo1yRija,payment,0.00,2002.00,2002.00,INR,0.00,0.00,false,true,2026-08-06T18:28:00,2026-08-08T11:00:00,setl_RLRPJ60jkd1kFa,UTIBH44373577768,default,pay_cCus8Hbo1yRija,order_dUrNRKhd4ibHqA,,upi,,,,
pay_dRGODoW7QA10RR,payment,0.00,1376.72,1410.00,INR,33.28,5.08,false,true,2026-08-06T17:30:00,2026-08-08T11:00:00,setl_RLRPJ60jkd1kFa,UTIBH44373577768,default,pay_dRGODoW7QA10RR,order_KRGPS9kSsNjorz,,card,Visa,SBI Cards,credit,
pay_GCispwAI9zuMJh,payment,0.00,840.68,861.00,INR,20.32,3.10,false,true,2026-08-06T08:10:00,2026-08-08T11:00:00,setl_RLRPJ60jkd1kFa,UTIBH44373577768,default,pay_GCispwAI9zuMJh,order_QMJxamYPmqcIDG,,card,RuPay,ICICI Bank,credit,
pay_WmLhvnGX7jW9dR,payment,0.00,1922.29,1964.00,INR,41.71,6.36,false,true,2026-08-06T18:36:00,2026-08-08T11:00:00,setl_RLRPJ60jkd1kFa,UTIBH44373577768,default,pay_WmLhvnGX7jW9dR,order_QiZIArMToRN2Yz,,wallet,,,,
pay_9PVyBFafD7bnH5,payment,0.00,41726.49,42632.00,INR,905.51,138.13,false,true,2026-08-06T19:00:00,2026-08-08T11:00:00,setl_RLRPJ60jkd1kFa,UTIBH44373577768,default,pay_9PVyBFafD7bnH5,order_mI7p54b03GJP7p,,wallet,,,,
pay_L4J37jg4vgVIPz,payment,0.00,7309.29,7441.00,INR,131.71,20.09,false,true,2026-08-06T21:06:00,2026-08-08T11:00:00,setl_RLRPJ60jkd1kFa,UTIBH44373577768,default,pay_L4J37jg4vgVIPz,order_9kxu2aZTGwrRlx,,netbanking,,,,
pay_zQepMdrnaCe2GA,payment,0.00,7590.00,7590.00,INR,0.00,0.00,false,true,2026-08-06T17:19:00,2026-08-08T11:00:00,setl_RLRPJ60jkd1kFa,UTIBH44373577768,default,pay_zQepMdrnaCe2GA,order_bUCuqadbDRuqu1,,upi,,,,
pay_wDVxQgfNBPJGWg,payment,0.00,32246.00,32246.00,INR,0.00,0.00,false,true,2026-08-06T20:10:00,2026-08-08T11:00:00,setl_RLRPJ60jkd1kFa,UTIBH44373577768,default,pay_wDVxQgfNBPJGWg,order_8g0poLKKE00sGr,,upi,,,,
pay_hglnlIuNTuXcLc,payment,0.00,5357.00,5357.00,INR,0.00,0.00,false,true,2026-08-06T08:12:00,2026-08-08T11:00:00,setl_RLRPJ60jkd1kFa,UTIBH44373577768,default,pay_hglnlIuNTuXcLc,order_DewI7WqwvIIno9,,upi,,,,
pay_i4YNI6pq9B1YCB,payment,0.00,16383.02,16779.00,INR,395.98,60.40,false,true,2026-08-06T11:16:00,2026-08-08T11:00:00,setl_RLRPJ60jkd1kFa,UTIBH44373577768,default,pay_i4YNI6pq9B1YCB,order_XvuzwblxNyIyII,,card,Visa,SBI Cards,debit,
pay_hZRuOVjVXGHV10,payment,0.00,672.00,672.00,INR,0.00,0.00,false,true,2026-08-06T14:37:00,2026-08-08T11:00:00,setl_RLRPJ60jkd1kFa,UTIBH44373577768,default,pay_hZRuOVjVXGHV10,order_fsI3HDr1XKC7u6,,upi,,,,
pay_F4jPaedaESxEIK,payment,0.00,670.00,670.00,INR,0.00,0.00,false,true,2026-08-06T17:34:00,2026-08-08T11:00:00,setl_RLRPJ60jkd1kFa,UTIBH44373577768,default,pay_F4jPaedaESxEIK,order_I6yLCQyd4vVMHN,,upi,,,,
pay_h8TbDW4kTqRfKu,payment,0.00,24359.08,24798.00,INR,438.92,66.95,false,true,2026-08-06T11:38:00,2026-08-08T11:00:00,setl_RLRPJ60jkd1kFa,UTIBH44373577768,default,pay_h8TbDW4kTqRfKu,order_IoglbXgcUD1xeX,,netbanking,,,,
pay_yLaS3eJwqVRWfM,payment,0.00,22195.00,22195.00,INR,0.00,0.00,false,true,2026-08-06T19:41:00,2026-08-08T11:00:00,setl_RLRPJ60jkd1kFa,UTIBH44373577768,default,pay_yLaS3eJwqVRWfM,order_U6scJAGrjgzF4L,,upi,,,,
pay_YwTrTQ6dk1vKNr,payment,0.00,19536.00,19536.00,INR,0.00,0.00,false,true,2026-08-06T19:43:00,2026-08-08T11:00:00,setl_RLRPJ60jkd1kFa,UTIBH44373577768,default,pay_YwTrTQ6dk1vKNr,order_dnJb2JsVePhtkX,,upi,,,,
pay_dnckHcV7IZJqyd,payment,0.00,2111.00,2111.00,INR,0.00,0.00,false,true,2026-08-06T09:01:00,2026-08-08T11:00:00,setl_RLRPJ60jkd1kFa,UTIBH44373577768,default,pay_dnckHcV7IZJqyd,order_ijGRy77vmwO227,,upi,,,,
pay_TAWptBw1zBl8cg,payment,0.00,6967.00,6967.00,INR,0.00,0.00,false,true,2026-08-06T16:14:00,2026-08-08T11:00:00,setl_RLRPJ60jkd1kFa,UTIBH44373577768,default,pay_TAWptBw1zBl8cg,order_FPlf2Iwy4yJE3y,,upi,,,,
pay_WIUAL9qyQda231,payment,0.00,6460.84,6617.00,INR,156.16,23.82,false,true,2026-08-06T08:20:00,2026-08-08T11:00:00,setl_RLRPJ60jkd1kFa,UTIBH44373577768,default,pay_WIUAL9qyQda231,order_sSS7bOMO8Q0lPC,,card,Amex,Axis Bank,debit,
pay_XetRf3IMqnlPNI,payment,0.00,21836.00,21836.00,INR,0.00,0.00,false,true,2026-08-06T20:22:00,2026-08-08T11:00:00,setl_RLRPJ60jkd1kFa,UTIBH44373577768,default,pay_XetRf3IMqnlPNI,order_cBICEWLudirkXj,,upi,,,,
pay_4QTFBPIcWgxTa2,payment,0.00,19760.00,19760.00,INR,0.00,0.00,false,true,2026-08-06T15:07:00,2026-08-08T11:00:00,setl_RLRPJ60jkd1kFa,UTIBH44373577768,default,pay_4QTFBPIcWgxTa2,order_9NAzL1HmAurIiS,,upi,,,,
pay_RB4yWATcWz2UL7,payment,0.00,28675.72,29298.00,INR,622.28,94.92,false,true,2026-08-06T16:01:00,2026-08-08T11:00:00,setl_RLRPJ60jkd1kFa,UTIBH44373577768,default,pay_RB4yWATcWz2UL7,order_t16kQTl1eAW2lc,,wallet,,,,
pay_zVlLtca7rihAMr,payment,0.00,1071.68,1091.00,INR,19.32,2.95,false,true,2026-08-06T22:02:00,2026-08-08T11:00:00,setl_RLRPJ60jkd1kFa,UTIBH44373577768,default,pay_zVlLtca7rihAMr,order_kj52bDa5SVhgxM,,netbanking,,,,
pay_vXF2es4chf6Gk9,payment,0.00,36033.70,36683.00,INR,649.30,99.05,false,true,2026-08-06T17:22:00,2026-08-08T11:00:00,setl_RLRPJ60jkd1kFa,UTIBH44373577768,default,pay_vXF2es4chf6Gk9,order_z3Ek8yqwlMdBot,,netbanking,,,,
pay_CCAnic08BNRur3,payment,0.00,19684.00,19684.00,INR,0.00,0.00,false,true,2026-08-06T08:29:00,2026-08-08T11:00:00,setl_RLRPJ60jkd1kFa,UTIBH44373577768,default,pay_CCAnic08BNRur3,order_ITb8OydxDBI2JB,,upi,,,,
pay_6eVeU1A7J7DMHz,payment,0.00,1397.00,1397.00,INR,0.00,0.00,false,true,2026-08-06T17:10:00,2026-08-08T11:00:00,setl_RLRPJ60jkd1kFa,UTIBH44373577768,default,pay_6eVeU1A7J7DMHz,order_sneITN8XfezTua,,upi,,,,
pay_PEuLa9mg1ZdfPh,payment,0.00,35464.00,35464.00,INR,0.00,0.00,false,true,2026-08-06T15:47:00,2026-08-08T11:00:00,setl_RLRPJ60jkd1kFa,UTIBH44373577768,default,pay_PEuLa9mg1ZdfPh,order_OfTY1qAv26v3G8,,upi,,,,
pay_DtbI4ZDbcw8h8j,payment,0.00,28824.30,29521.00,INR,696.70,106.28,false,true,2026-08-06T09:24:00,2026-08-08T11:00:00,setl_RLRPJ60jkd1kFa,UTIBH44373577768,default,pay_DtbI4ZDbcw8h8j,order_gYXI4tdiLXOdBU,,card,MasterCard,SBI Cards,credit,
pay_IhCZhJHq17Vcgl,payment,0.00,9877.26,10116.00,INR,238.74,36.42,false,true,2026-08-06T07:40:00,2026-08-08T11:00:00,setl_RLRPJ60jkd1kFa,UTIBH44373577768,default,pay_IhCZhJHq17Vcgl,order_upiKyXrdkQNpho,,card,MasterCard,SBI Cards,credit,
pay_GbJIanYP906Mi9,payment,0.00,40782.00,40782.00,INR,0.00,0.00,false,true,2026-08-06T12:09:00,2026-08-08T11:00:00,setl_RLRPJ60jkd1kFa,UTIBH44373577768,default,pay_GbJIanYP906Mi9,order_cuVmwsqMnU6G7b,,upi,,,,
pay_wlBP4w8hwHOTjd,payment,0.00,33389.00,33389.00,INR,0.00,0.00,false,true,2026-08-06T13:27:00,2026-08-08T11:00:00,setl_RLRPJ60jkd1kFa,UTIBH44373577768,default,pay_wlBP4w8hwHOTjd,order_sbo2gJE94jMQ15,,upi,,,,
pay_wFqQtKtQHFaOLA,payment,0.00,14361.87,14709.00,INR,347.13,52.95,false,true,2026-08-06T08:53:00,2026-08-08T11:00:00,setl_RLRPJ60jkd1kFa,UTIBH44373577768,default,pay_wFqQtKtQHFaOLA,order_OBVV5UnDih9TCU,,card,MasterCard,Kotak,debit,
pay_3CfcK3vNlUTcRr,payment,0.00,142.00,142.00,INR,0.00,0.00,false,true,2026-08-06T09:44:00,2026-08-08T11:00:00,setl_RLRPJ60jkd1kFa,UTIBH44373577768,default,pay_3CfcK3vNlUTcRr,order_WsYaDLjmPyvmyv,,upi,,,,
pay_DSC9CJB4AWCDy6,payment,0.00,43181.29,44225.00,INR,1043.71,159.21,false,true,2026-08-06T07:44:00,2026-08-08T11:00:00,setl_RLRPJ60jkd1kFa,UTIBH44373577768,default,pay_DSC9CJB4AWCDy6,order_4HfadDQaGr0BlR,,card,MasterCard,HDFC Bank,debit,
pay_gFA40UE0i15CC8,payment,0.00,35153.00,35153.00,INR,0.00,0.00,false,true,2026-08-06T14:43:00,2026-08-08T11:00:00,setl_RLRPJ60jkd1kFa,UTIBH44373577768,default,pay_gFA40UE0i15CC8,order_FbnijIH3giA8Mo,,upi,,,,
pay_N5bWecUmqyFAkV,payment,0.00,666.98,679.00,INR,12.02,1.83,false,true,2026-08-06T17:06:00,2026-08-08T11:00:00,setl_RLRPJ60jkd1kFa,UTIBH44373577768,default,pay_N5bWecUmqyFAkV,order_eu8cd4cVVelYaJ,,netbanking,,,,
pay_8aHOYrWDQAHlPX,payment,0.00,10143.00,10143.00,INR,0.00,0.00,false,true,2026-08-06T18:28:00,2026-08-08T11:00:00,setl_RLRPJ60jkd1kFa,UTIBH44373577768,default,pay_8aHOYrWDQAHlPX,order_3c3OvDjpO9lg2B,,upi,,,,
pay_Pctk1xEZl355ZQ,payment,0.00,854.46,873.00,INR,18.54,2.83,false,true,2026-08-06T22:40:00,2026-08-08T11:00:00,setl_RLRPJ60jkd1kFa,UTIBH44373577768,default,pay_Pctk1xEZl355ZQ,order_cQoVN5euiEnCKp,,wallet,,,,
pay_gHgvg3tekkaZl9,payment,0.00,22563.00,22563.00,INR,0.00,0.00,false,true,2026-08-06T22:35:00,2026-08-08T11:00:00,setl_RLRPJ60jkd1kFa,UTIBH44373577768,default,pay_gHgvg3tekkaZl9,order_y4R7TGr5hANwwY,,upi,,,,
pay_ulFNWkWlMq2wsD,payment,0.00,12595.00,12595.00,INR,0.00,0.00,false,true,2026-08-06T13:57:00,2026-08-08T11:00:00,setl_RLRPJ60jkd1kFa,UTIBH44373577768,default,pay_ulFNWkWlMq2wsD,order_lMByhLxFcX0DRM,,upi,,,,
pay_xQT88f19DLhWxl,payment,0.00,16414.00,16414.00,INR,0.00,0.00,false,true,2026-08-06T07:37:00,2026-08-08T11:00:00,setl_RLRPJ60jkd1kFa,UTIBH44373577768,default,pay_xQT88f19DLhWxl,order_xsTniYN3DD2aGo,,upi,,,,
pay_EYvv188EVBHlrk,payment,0.00,298.78,306.00,INR,7.22,1.10,false,true,2026-08-06T16:01:00,2026-08-08T11:00:00,setl_RLRPJ60jkd1kFa,UTIBH44373577768,default,pay_EYvv188EVBHlrk,order_ep6TPmzDjW1jD9,,card,MasterCard,Axis Bank,debit,
pay_aN0Ct1GWV3xJt4,payment,0.00,7287.00,7287.00,INR,0.00,0.00,false,true,2026-08-06T07:17:00,2026-08-08T11:00:00,setl_RLRPJ60jkd1kFa,UTIBH44373577768,default,pay_aN0Ct1GWV3xJt4,order_sjrZGdBUN3vkB7,,upi,,,,
pay_mTapkKxGyktO46,payment,0.00,2059.00,2059.00,INR,0.00,0.00,false,true,2026-08-06T08:22:00,2026-08-08T11:00:00,setl_RLRPJ60jkd1kFa,UTIBH44373577768,default,pay_mTapkKxGyktO46,order_slym7VYvcAJrnk,,upi,,,,
pay_9FuCGa1R4VMfkd,payment,0.00,460.00,460.00,INR,0.00,0.00,false,true,2026-08-06T19:56:00,2026-08-08T11:00:00,setl_RLRPJ60jkd1kFa,UTIBH44373577768,default,pay_9FuCGa1R4VMfkd,order_dC7Y7ljK0jCbWj,,upi,,,,
pay_dfKNgVJwPdu0L3,payment,0.00,2015.00,2015.00,INR,0.00,0.00,false,true,2026-08-06T20:11:00,2026-08-08T11:00:00,setl_RLRPJ60jkd1kFa,UTIBH44373577768,default,pay_dfKNgVJwPdu0L3,order_DBduxEphS2vUmq,,upi,,,,
pay_JTB486qm43pHme,payment,0.00,9709.00,9709.00,INR,0.00,0.00,false,true,2026-08-06T16:53:00,2026-08-08T11:00:00,setl_RLRPJ60jkd1kFa,UTIBH44373577768,default,pay_JTB486qm43pHme,order_pKfvmYXznwjXit,,upi,,,,
pay_sBc8a1XFFfBgFW,payment,0.00,1180.00,1180.00,INR,0.00,0.00,false,true,2026-08-06T10:29:00,2026-08-08T11:00:00,setl_RLRPJ60jkd1kFa,UTIBH44373577768,default,pay_sBc8a1XFFfBgFW,order_XtqpCk796dCOYv,,upi,,,,
pay_qsJDhObtyUQJY8,payment,0.00,1344.00,1344.00,INR,0.00,0.00,false,true,2026-08-06T14:17:00,2026-08-08T11:00:00,setl_RLRPJ60jkd1kFa,UTIBH44373577768,default,pay_qsJDhObtyUQJY8,order_Z919Kpa0pz8i1v,,upi,,,,
pay_PDM8Afvc65BsjR,payment,0.00,7930.10,8073.00,INR,142.90,21.80,false,true,2026-08-06T11:33:00,2026-08-08T11:00:00,setl_RLRPJ60jkd1kFa,UTIBH44373577768,default,pay_PDM8Afvc65BsjR,order_TFiHGPGblEzzLA,,netbanking,,,,
pay_7A5AWOCZLJUTvo,payment,0.00,17638.67,18065.00,INR,426.33,65.03,false,true,2026-08-06T12:09:00,2026-08-08T11:00:00,setl_RLRPJ60jkd1kFa,UTIBH44373577768,default,pay_7A5AWOCZLJUTvo,order_BULXfdDXOUI7Za,,card,Amex,ICICI Bank,credit,
pay_IFzusxjgWYEzjk,payment,0.00,13625.66,13955.00,INR,329.34,50.24,false,true,2026-08-06T14:07:00,2026-08-08T11:00:00,setl_RLRPJ60jkd1kFa,UTIBH44373577768,default,pay_IFzusxjgWYEzjk,order_zk8fYv8QbVNoPR,,card,RuPay,Axis Bank,debit,
pay_C5KTkEvxxGCM4R,payment,0.00,18673.00,18673.00,INR,0.00,0.00,false,true,2026-08-07T19:58:00,2026-08-09T11:00:00,setl_5P60SVmEwNqZSf,ICICH18772403742,default,pay_C5KTkEvxxGCM4R,order_9BFkTJCHOlkvrF,,upi,,,,
pay_cBkHKXmkuwISdW,payment,0.00,3621.00,3621.00,INR,0.00,0.00,false,true,2026-08-07T12:08:00,2026-08-09T11:00:00,setl_5P60SVmEwNqZSf,ICICH18772403742,default,pay_cBkHKXmkuwISdW,order_7AMTfXsKMrAEh3,,upi,,,,
pay_tYk56cev66jU5e,payment,0.00,32789.00,32789.00,INR,0.00,0.00,false,true,2026-08-07T10:13:00,2026-08-09T11:00:00,setl_5P60SVmEwNqZSf,ICICH18772403742,default,pay_tYk56cev66jU5e,order_MVpU0pPnW0pWFk,,upi,,,,
pay_tvKMofd2d4pQzs,payment,0.00,28227.00,28227.00,INR,0.00,0.00,false,true,2026-08-07T21:52:00,2026-08-09T11:00:00,setl_5P60SVmEwNqZSf,ICICH18772403742,default,pay_tvKMofd2d4pQzs,order_Vx5zdr6oF397nn,,upi,,,,
pay_wjIpn40P2lGOWp,payment,0.00,37372.00,37372.00,INR,0.00,0.00,false,true,2026-08-07T19:21:00,2026-08-09T11:00:00,setl_5P60SVmEwNqZSf,ICICH18772403742,default,pay_wjIpn40P2lGOWp,order_NDpw2y1oEMrxEG,,upi,,,,
pay_AXwWHFxqSfgoYJ,payment,0.00,160.00,160.00,INR,0.00,0.00,false,true,2026-08-07T11:54:00,2026-08-09T11:00:00,setl_5P60SVmEwNqZSf,ICICH18772403742,default,pay_AXwWHFxqSfgoYJ,order_DxqNA9c3guNTtb,,upi,,,,
pay_F8cRFP7Lngi31F,payment,0.00,38079.00,38079.00,INR,0.00,0.00,false,true,2026-08-07T07:55:00,2026-08-09T11:00:00,setl_5P60SVmEwNqZSf,ICICH18772403742,default,pay_F8cRFP7Lngi31F,order_R3Ge4CilhS9UIL,,upi,,,,
pay_XjmeGSbjJZRDEO,payment,0.00,2695.00,2695.00,INR,0.00,0.00,false,true,2026-08-07T12:27:00,2026-08-09T11:00:00,setl_5P60SVmEwNqZSf,ICICH18772403742,default,pay_XjmeGSbjJZRDEO,order_cv4HNvAwpziH0H,,upi,,,,
pay_xgpm6VvMJUvFtP,payment,0.00,13032.00,13032.00,INR,0.00,0.00,false,true,2026-08-07T18:54:00,2026-08-09T11:00:00,setl_5P60SVmEwNqZSf,ICICH18772403742,default,pay_xgpm6VvMJUvFtP,order_044ebhcXzjjC9k,,upi,,,,
pay_9EKcJo85SVYL5h,payment,0.00,41915.88,42929.00,INR,1013.12,154.54,false,true,2026-08-07T14:38:00,2026-08-09T11:00:00,setl_5P60SVmEwNqZSf,ICICH18772403742,default,pay_9EKcJo85SVYL5h,order_XjwNb7YOZC6uW7,,card,Amex,SBI Cards,credit,
pay_2eATqQy593Hz0Y,payment,0.00,856.57,872.00,INR,15.43,2.35,false,true,2026-08-07T08:02:00,2026-08-09T11:00:00,setl_5P60SVmEwNqZSf,ICICH18772403742,default,pay_2eATqQy593Hz0Y,order_892OpZiG6uTRDY,,netbanking,,,,
pay_wHGu1jv4GVmYBs,payment,0.00,947.00,947.00,INR,0.00,0.00,false,true,2026-08-07T11:29:00,2026-08-09T11:00:00,setl_5P60SVmEwNqZSf,ICICH18772403742,default,pay_wHGu1jv4GVmYBs,order_wIZO0rtmOsjYku,,upi,,,,
pay_58n6oeRLQUN6tU,payment,0.00,7467.00,7467.00,INR,0.00,0.00,false,true,2026-08-07T19:27:00,2026-08-09T11:00:00,setl_5P60SVmEwNqZSf,ICICH18772403742,default,pay_58n6oeRLQUN6tU,order_KHdmN1h343KrcH,,upi,,,,
pay_gCtaavlqwPTGd9,payment,0.00,40476.66,41455.00,INR,978.34,149.24,false,true,2026-08-07T11:05:00,2026-08-09T11:00:00,setl_5P60SVmEwNqZSf,ICICH18772403742,default,pay_gCtaavlqwPTGd9,order_4RKQD3FRS4Dxyt,,card,MasterCard,Axis Bank,credit,
pay_Qk9YnCx2NtK2gj,payment,0.00,20452.00,20452.00,INR,0.00,0.00,false,true,2026-08-07T18:53:00,2026-08-09T11:00:00,setl_5P60SVmEwNqZSf,ICICH18772403742,default,pay_Qk9YnCx2NtK2gj,order_s8A1kjWLi6Z4LE,,upi,,,,
pay_Q7djeCnW2d1PBE,payment,0.00,833.85,854.00,INR,20.15,3.07,false,true,2026-08-07T12:31:00,2026-08-09T11:00:00,setl_5P60SVmEwNqZSf,ICICH18772403742,default,pay_Q7djeCnW2d1PBE,order_9psXVC021YXzDV,,card,RuPay,Kotak,credit,
pay_QmWuBfPo04i5Xs,payment,0.00,6900.22,7067.00,INR,166.78,25.44,false,true,2026-08-07T16:39:00,2026-08-09T11:00:00,setl_5P60SVmEwNqZSf,ICICH18772403742,default,pay_QmWuBfPo04i5Xs,order_o5dlkalhd5kgul,,card,Visa,HDFC Bank,debit,
pay_bvpCa51qgL4x6f,payment,0.00,3060.04,3134.00,INR,73.96,11.28,false,true,2026-08-07T18:32:00,2026-08-09T11:00:00,setl_5P60SVmEwNqZSf,ICICH18772403742,default,pay_bvpCa51qgL4x6f,order_RHyGs33gx6Cg9w,,card,Visa,ICICI Bank,debit,
pay_5wGZdZ9JDhQrWi,payment,0.00,527.26,540.00,INR,12.74,1.94,false,true,2026-08-07T12:13:00,2026-08-09T11:00:00,setl_5P60SVmEwNqZSf,ICICH18772403742,default,pay_5wGZdZ9JDhQrWi,order_zI3Q4jAs6ZHsOW,,card,RuPay,Kotak,credit,
pay_lBUo0enpkMJLNj,payment,0.00,533.11,546.00,INR,12.89,1.97,false,true,2026-08-07T17:47:00,2026-08-09T11:00:00,setl_5P60SVmEwNqZSf,ICICH18772403742,default,pay_lBUo0enpkMJLNj,order_oz14imaTpQae6s,,card,MasterCard,SBI Cards,debit,
pay_kU9qItCEGpgjb7,payment,0.00,810.39,825.00,INR,14.61,2.23,false,true,2026-08-07T11:11:00,2026-08-09T11:00:00,setl_5P60SVmEwNqZSf,ICICH18772403742,default,pay_kU9qItCEGpgjb7,order_f7angnOXy5SzHE,,netbanking,,,,
pay_a3RMuLIBvtT8K4,payment,0.00,755.73,774.00,INR,18.27,2.79,false,true,2026-08-07T10:28:00,2026-08-09T11:00:00,setl_5P60SVmEwNqZSf,ICICH18772403742,default,pay_a3RMuLIBvtT8K4,order_VBvUG85Hl2pTub,,card,Visa,Axis Bank,credit,
pay_i3Fxc1rIYSJKKC,payment,0.00,863.00,863.00,INR,0.00,0.00,false,true,2026-08-07T08:22:00,2026-08-09T11:00:00,setl_5P60SVmEwNqZSf,ICICH18772403742,default,pay_i3Fxc1rIYSJKKC,order_YGS6UDCiLiHd2a,,upi,,,,
pay_3sAiBsalaM7Kyn,payment,0.00,30079.00,30621.00,INR,542.00,82.68,false,true,2026-08-07T21:32:00,2026-08-09T11:00:00,setl_5P60SVmEwNqZSf,ICICH18772403742,default,pay_3sAiBsalaM7Kyn,order_yFTNI9U3pnfTR1,,netbanking,,,,
pay_faiYoTtxkMduxE,payment,0.00,17677.72,18105.00,INR,427.28,65.18,false,true,2026-08-07T13:58:00,2026-08-09T11:00:00,setl_5P60SVmEwNqZSf,ICICH18772403742,default,pay_faiYoTtxkMduxE,order_AB38y8TK4SucOz,,card,MasterCard,Kotak,debit,
pay_j2PMy0LqmGLUXc,payment,0.00,395.00,395.00,INR,0.00,0.00,false,true,2026-08-07T12:18:00,2026-08-09T11:00:00,setl_5P60SVmEwNqZSf,ICICH18772403742,default,pay_j2PMy0LqmGLUXc,order_kThVRjSIi3RE1s,,upi,,,,
pay_8iJAvR2duIsaJf,payment,0.00,22000.00,22000.00,INR,0.00,0.00,false,true,2026-08-07T13:38:00,2026-08-09T11:00:00,setl_5P60SVmEwNqZSf,ICICH18772403742,default,pay_8iJAvR2duIsaJf,order_r8u65CLGqV4MPl,,upi,,,,
pay_fJsXv9PrkBa3mi,payment,0.00,3519.00,3519.00,INR,0.00,0.00,false,true,2026-08-07T07:00:00,2026-08-09T11:00:00,setl_5P60SVmEwNqZSf,ICICH18772403742,default,pay_fJsXv9PrkBa3mi,order_99Njoz7vo7qtyt,,upi,,,,
pay_W5UovCPKFhmJMD,payment,0.00,3722.00,3722.00,INR,0.00,0.00,false,true,2026-08-07T08:38:00,2026-08-09T11:00:00,setl_5P60SVmEwNqZSf,ICICH18772403742,default,pay_W5UovCPKFhmJMD,order_lfw2cUEO9kq7lP,,upi,,,,
pay_nIkmXgWdL8Sa6a,payment,0.00,1321.00,1321.00,INR,0.00,0.00,false,true,2026-08-07T07:20:00,2026-08-09T11:00:00,setl_5P60SVmEwNqZSf,ICICH18772403742,default,pay_nIkmXgWdL8Sa6a,order_YgsSrgg5LASP11,,upi,,,,
pay_9z4HqUoozzejIk,payment,0.00,2728.83,2778.00,INR,49.17,7.50,false,true,2026-08-07T16:17:00,2026-08-09T11:00:00,setl_5P60SVmEwNqZSf,ICICH18772403742,default,pay_9z4HqUoozzejIk,order_0u8CEjhwHHztRm,,netbanking,,,,
pay_3dmiSKkYvTGFJb,payment,0.00,5898.00,5898.00,INR,0.00,0.00,false,true,2026-08-07T18:08:00,2026-08-09T11:00:00,setl_5P60SVmEwNqZSf,ICICH18772403742,default,pay_3dmiSKkYvTGFJb,order_jipv34BASn2fKS,,upi,,,,
pay_Sw3t0WL05N5Dtj,payment,0.00,265.58,272.00,INR,6.42,0.98,false,true,2026-08-07T12:20:00,2026-08-09T11:00:00,setl_5P60SVmEwNqZSf,ICICH18772403742,default,pay_Sw3t0WL05N5Dtj,order_V7iMI6fkXvNiob,,card,Amex,HDFC Bank,debit,
pay_GpZREDltGedTny,payment,0.00,22635.00,22635.00,INR,0.00,0.00,false,true,2026-08-07T20:21:00,2026-08-09T11:00:00,setl_5P60SVmEwNqZSf,ICICH18772403742,default,pay_GpZREDltGedTny,order_s5ecsCOB18aWc1,,upi,,,,
pay_HJt9gsgMXCczPC,payment,0.00,39628.17,40586.00,INR,957.83,146.11,false,true,2026-08-07T15:52:00,2026-08-09T11:00:00,setl_5P60SVmEwNqZSf,ICICH18772403742,default,pay_HJt9gsgMXCczPC,order_LcqYhkx6jmw7OP,,card,RuPay,HDFC Bank,debit,
pay_2HknPncDlNfhEK,payment,0.00,21292.00,21292.00,INR,0.00,0.00,false,true,2026-08-07T11:13:00,2026-08-09T11:00:00,setl_5P60SVmEwNqZSf,ICICH18772403742,default,pay_2HknPncDlNfhEK,order_mURa2I267swj7j,,upi,,,,
pay_SHkF9PF9LBzcGr,payment,0.00,1178.00,1178.00,INR,0.00,0.00,false,true,2026-08-07T16:10:00,2026-08-09T11:00:00,setl_5P60SVmEwNqZSf,ICICH18772403742,default,pay_SHkF9PF9LBzcGr,order_MYxaN5JrK2R2f3,,upi,,,,
pay_rWfhukRocXe0PF,payment,0.00,1032.00,1032.00,INR,0.00,0.00,false,true,2026-08-07T21:10:00,2026-08-09T11:00:00,setl_5P60SVmEwNqZSf,ICICH18772403742,default,pay_rWfhukRocXe0PF,order_M9JFSVUEcWEHaM,,upi,,,,
pay_QZF7esCcnkWOWg,payment,0.00,7246.84,7422.00,INR,175.16,26.72,false,true,2026-08-07T12:53:00,2026-08-09T11:00:00,setl_5P60SVmEwNqZSf,ICICH18772403742,default,pay_QZF7esCcnkWOWg,order_ScWy9dKYYVPeOF,,card,Visa,ICICI Bank,debit,
pay_nbV53aRy0Cp279,payment,0.00,1452.88,1488.00,INR,35.12,5.36,false,true,2026-08-07T17:59:00,2026-08-09T11:00:00,setl_5P60SVmEwNqZSf,ICICH18772403742,default,pay_nbV53aRy0Cp279,order_jtWeGz9AnpYU8M,,card,MasterCard,SBI Cards,debit,
pay_WuLYGaAQ9c1kuk,payment,0.00,3786.00,3786.00,INR,0.00,0.00,false,true,2026-08-07T09:33:00,2026-08-09T11:00:00,setl_5P60SVmEwNqZSf,ICICH18772403742,default,pay_WuLYGaAQ9c1kuk,order_Nb3xFKRHIP1Exk,,upi,,,,
pay_VTcLDbvVzmxdEb,payment,0.00,18696.00,18696.00,INR,0.00,0.00,false,true,2026-08-07T22:48:00,2026-08-09T11:00:00,setl_5P60SVmEwNqZSf,ICICH18772403742,default,pay_VTcLDbvVzmxdEb,order_1PbWiuyqMhBFml,,upi,,,,
pay_jhinSpE7JGGi8w,payment,0.00,43016.00,43016.00,INR,0.00,0.00,false,true,2026-08-07T08:35:00,2026-08-09T11:00:00,setl_5P60SVmEwNqZSf,ICICH18772403742,default,pay_jhinSpE7JGGi8w,order_ic3TMvjb6dxJpE,,upi,,,,
pay_vgZRAO2YjLUi5X,payment,0.00,617.60,631.00,INR,13.40,2.04,false,true,2026-08-07T11:13:00,2026-08-09T11:00:00,setl_5P60SVmEwNqZSf,ICICH18772403742,default,pay_vgZRAO2YjLUi5X,order_cZyjTKqyRPyF5K,,wallet,,,,
pay_Sv45eqSGph1h68,payment,0.00,3126.00,3126.00,INR,0.00,0.00,false,true,2026-08-07T16:47:00,2026-08-09T11:00:00,setl_5P60SVmEwNqZSf,ICICH18772403742,default,pay_Sv45eqSGph1h68,order_Fp7lqTwptZzsul,,upi,,,,
pay_Pd0sBmFGmchGNx,payment,0.00,228.00,228.00,INR,0.00,0.00,false,true,2026-08-07T15:28:00,2026-08-09T11:00:00,setl_5P60SVmEwNqZSf,ICICH18772403742,default,pay_Pd0sBmFGmchGNx,order_jMmX4c6kFjf14a,,upi,,,,
pay_Fa1ddYMSE0SZcI,payment,0.00,1185.00,1185.00,INR,0.00,0.00,false,true,2026-08-07T14:51:00,2026-08-09T11:00:00,setl_5P60SVmEwNqZSf,ICICH18772403742,default,pay_Fa1ddYMSE0SZcI,order_zijhSR9br4QvIk,,upi,,,,
pay_7SaXtBEI44GVpY,payment,0.00,289.99,297.00,INR,7.01,1.07,false,true,2026-08-07T15:14:00,2026-08-09T11:00:00,setl_5P60SVmEwNqZSf,ICICH18772403742,default,pay_7SaXtBEI44GVpY,order_YlGXRPapv4lQsV,,card,Amex,Kotak,debit,
pay_C9bMrea4RSASoT,payment,0.00,40308.00,40308.00,INR,0.00,0.00,false,true,2026-08-07T19:16:00,2026-08-09T11:00:00,setl_5P60SVmEwNqZSf,ICICH18772403742,default,pay_C9bMrea4RSASoT,order_47JfL6FB2agEYF,,upi,,,,
pay_PZX9VJV0aoiu3k,payment,0.00,33540.00,33540.00,INR,0.00,0.00,false,true,2026-08-07T13:04:00,2026-08-09T11:00:00,setl_5P60SVmEwNqZSf,ICICH18772403742,default,pay_PZX9VJV0aoiu3k,order_j2ckBuxMZokI40,,upi,,,,
pay_pPI3rDBfm3uwiQ,payment,0.00,1698.39,1729.00,INR,30.61,4.67,false,true,2026-08-07T19:07:00,2026-08-09T11:00:00,setl_5P60SVmEwNqZSf,ICICH18772403742,default,pay_pPI3rDBfm3uwiQ,order_0BHpwUst5mANe8,,netbanking,,,,
pay_OIrcWdiZEe1nlF,payment,0.00,578.00,578.00,INR,0.00,0.00,false,true,2026-08-07T20:33:00,2026-08-09T11:00:00,setl_5P60SVmEwNqZSf,ICICH18772403742,default,pay_OIrcWdiZEe1nlF,order_5rlLXgHGYWtB3y,,upi,,,,
pay_Kqd0MuwSIRLhWT,payment,0.00,13235.78,13523.00,INR,287.22,43.81,false,true,2026-08-07T16:23:00,2026-08-09T11:00:00,setl_5P60SVmEwNqZSf,ICICH18772403742,default,pay_Kqd0MuwSIRLhWT,order_IaF5VxbMhGqOrE,,wallet,,,,
pay_XXGyUtIXG5V1hO,payment,0.00,1013.99,1036.00,INR,22.01,3.36,false,true,2026-08-07T20:58:00,2026-08-09T11:00:00,setl_5P60SVmEwNqZSf,ICICH18772403742,default,pay_XXGyUtIXG5V1hO,order_1PbNTwQRzxQDrq,,wallet,,,,
pay_GUwk6YoTM8uXNp,payment,0.00,7671.57,7857.00,INR,185.43,28.29,false,true,2026-08-07T12:11:00,2026-08-09T11:00:00,setl_5P60SVmEwNqZSf,ICICH18772403742,default,pay_GUwk6YoTM8uXNp,order_2nkPaMrYMBRZDx,,card,Amex,HDFC Bank,debit,
pay_GFacDABKdKZuFe,payment,0.00,2124.65,2176.00,INR,51.35,7.83,false,true,2026-08-07T14:49:00,2026-08-09T11:00:00,setl_5P60SVmEwNqZSf,ICICH18772403742,default,pay_GFacDABKdKZuFe,order_mNhB6Yru0OG836,,card,Amex,SBI Cards,debit,
pay_tDWJZ8qvRai9pf,payment,0.00,178.00,178.00,INR,0.00,0.00,false,true,2026-08-07T20:29:00,2026-08-09T11:00:00,setl_5P60SVmEwNqZSf,ICICH18772403742,default,pay_tDWJZ8qvRai9pf,order_qEDJGmmyLPeWW8,,upi,,,,
pay_vfvtU2SYfDTW7w,payment,0.00,277.01,282.00,INR,4.99,0.76,false,true,2026-08-07T22:25:00,2026-08-09T11:00:00,setl_5P60SVmEwNqZSf,ICICH18772403742,default,pay_vfvtU2SYfDTW7w,order_X971pUvfQd3GMx,,netbanking,,,,
rfnd_9EhQrxLYjIQQhG,refund,122.00,0.00,122.00,INR,0.00,0.00,false,true,2026-08-09T09:00:00,2026-08-09T11:00:00,setl_5P60SVmEwNqZSf,ICICH18772403742,default,pay_Sw3t0WL05N5Dtj,order_V7iMI6fkXvNiob,,card,RuPay,HDFC Bank,credit,
rfnd_GfCDLa4VqXXwyY,refund,833.00,0.00,833.00,INR,0.00,0.00,false,true,2026-08-09T09:00:00,2026-08-09T11:00:00,setl_5P60SVmEwNqZSf,ICICH18772403742,default,pay_DIV4mYDpAETryS,order_mRHrECnofLaBRG,,upi,,,,
rfnd_1orvd9oNZbOsgB,refund,242.00,0.00,242.00,INR,0.00,0.00,false,true,2026-08-09T09:00:00,2026-08-09T11:00:00,setl_5P60SVmEwNqZSf,ICICH18772403742,default,pay_EqcPd2NfIp6e67,order_LNVCOqSBKa3oMD,,card,MasterCard,HDFC Bank,credit,
rfnd_K3ZwR7JM5IpHcn,refund,243.00,0.00,243.00,INR,0.00,0.00,false,true,2026-08-09T09:00:00,2026-08-09T11:00:00,setl_5P60SVmEwNqZSf,ICICH18772403742,default,pay_EqcPd2NfIp6e67,order_LNVCOqSBKa3oMD,,card,MasterCard,SBI Cards,credit,
rfnd_A0t5wgreFk0Ig3,refund,187.00,0.00,187.00,INR,0.00,0.00,false,true,2026-08-09T09:00:00,2026-08-09T11:00:00,setl_5P60SVmEwNqZSf,ICICH18772403742,default,pay_OIrcWdiZEe1nlF,order_5rlLXgHGYWtB3y,,upi,,,,
rfnd_Ss1lcqbu5fBJnH,refund,188.00,0.00,188.00,INR,0.00,0.00,false,true,2026-08-09T09:00:00,2026-08-09T11:00:00,setl_5P60SVmEwNqZSf,ICICH18772403742,default,pay_OIrcWdiZEe1nlF,order_5rlLXgHGYWtB3y,,upi,,,,
pay_DHk1LKwAzddkih,payment,0.00,25183.22,25637.00,INR,453.78,69.22,false,true,2026-08-08T10:03:00,2026-08-10T11:00:00,setl_biKch5gGOzawKB,ICICH44416238859,default,pay_DHk1LKwAzddkih,order_U9yIRr5ng225YD,,netbanking,,,,
pay_owCSN4cjdwYN2m,payment,0.00,1400.00,1400.00,INR,0.00,0.00,false,true,2026-08-08T19:12:00,2026-08-10T11:00:00,setl_biKch5gGOzawKB,ICICH44416238859,default,pay_owCSN4cjdwYN2m,order_tNnMsEOa4gDIp5,,upi,,,,
pay_b6EuJgDai52AiN,payment,0.00,16160.00,16160.00,INR,0.00,0.00,false,true,2026-08-08T11:24:00,2026-08-10T11:00:00,setl_biKch5gGOzawKB,ICICH44416238859,default,pay_b6EuJgDai52AiN,order_sAvKqnYGQW4GpC,,upi,,,,
pay_bcWBrthB25esJY,payment,0.00,1953.78,2001.00,INR,47.22,7.20,false,true,2026-08-08T09:09:00,2026-08-10T11:00:00,setl_biKch5gGOzawKB,ICICH44416238859,default,pay_bcWBrthB25esJY,order_D5aLD1dPEmYwIB,,card,Amex,ICICI Bank,credit,
pay_cdIjkBT9jv250k,payment,0.00,7065.23,7236.00,INR,170.77,26.05,false,true,2026-08-08T08:12:00,2026-08-10T11:00:00,setl_biKch5gGOzawKB,ICICH44416238859,default,pay_cdIjkBT9jv250k,order_KlfxZGqTDSWBMj,,card,Visa,Kotak,credit,
pay_eUUWOZT8NMpep2,payment,0.00,7728.00,7728.00,INR,0.00,0.00,false,true,2026-08-08T16:23:00,2026-08-10T11:00:00,setl_biKch5gGOzawKB,ICICH44416238859,default,pay_eUUWOZT8NMpep2,order_EeGrtwegDqMoKb,,upi,,,,
pay_1SZwVn5ppwzjMy,payment,0.00,1361.00,1361.00,INR,0.00,0.00,false,true,2026-08-08T16:04:00,2026-08-10T11:00:00,setl_biKch5gGOzawKB,ICICH44416238859,default,pay_1SZwVn5ppwzjMy,order_XXzMkt3v7fkFjj,,upi,,,,
pay_BrwYpjb8tZSIGN,payment,0.00,40368.00,40368.00,INR,0.00,0.00,false,true,2026-08-08T20:52:00,2026-08-10T11:00:00,setl_biKch5gGOzawKB,ICICH44416238859,default,pay_BrwYpjb8tZSIGN,order_QcCA8CgLp6bvaQ,,upi,,,,
pay_v5PC60Gj97RC4i,payment,0.00,18005.56,18330.00,INR,324.44,49.49,false,true,2026-08-08T18:59:00,2026-08-10T11:00:00,setl_biKch5gGOzawKB,ICICH44416238859,default,pay_v5PC60Gj97RC4i,order_KzEk7jiQP4jwoz,,netbanking,,,,
pay_exc9oOlFEPXkU9,payment,0.00,738.16,756.00,INR,17.84,2.72,false,true,2026-08-08T17:48:00,2026-08-10T11:00:00,setl_biKch5gGOzawKB,ICICH44416238859,default,pay_exc9oOlFEPXkU9,order_hRxBFSb0RhjvKs,,card,Amex,HDFC Bank,debit,
pay_cRrMe8tayaLeLJ,payment,0.00,6685.00,6685.00,INR,0.00,0.00,false,true,2026-08-08T07:28:00,2026-08-10T11:00:00,setl_biKch5gGOzawKB,ICICH44416238859,default,pay_cRrMe8tayaLeLJ,order_cgGTNXscypejom,,upi,,,,
pay_ZHgU19BF2OGn6B,payment,0.00,3942.95,4014.00,INR,71.05,10.84,false,true,2026-08-08T18:38:00,2026-08-10T11:00:00,setl_biKch5gGOzawKB,ICICH44416238859,default,pay_ZHgU19BF2OGn6B,order_jCK5tydoKvtV2n,,netbanking,,,,
pay_OWBcyWExpXgIn8,payment,0.00,11416.00,11416.00,INR,0.00,0.00,false,true,2026-08-08T20:17:00,2026-08-10T11:00:00,setl_biKch5gGOzawKB,ICICH44416238859,default,pay_OWBcyWExpXgIn8,order_GIqnS3sRMibkqN,,upi,,,,
pay_oMSyLdbcyDwS98,payment,0.00,33081.41,33881.00,INR,799.59,121.97,false,true,2026-08-08T09:07:00,2026-08-10T11:00:00,setl_biKch5gGOzawKB,ICICH44416238859,default,pay_oMSyLdbcyDwS98,order_ZbnmuFuZCgFTVE,,card,RuPay,ICICI Bank,debit,
pay_Fojj5oiDNiQTkP,payment,0.00,5834.00,5834.00,INR,0.00,0.00,false,true,2026-08-08T12:33:00,2026-08-10T11:00:00,setl_biKch5gGOzawKB,ICICH44416238859,default,pay_Fojj5oiDNiQTkP,order_0BC9HSE5idIinA,,upi,,,,
pay_k3W4GtoPYjDOO1,payment,0.00,21257.00,21257.00,INR,0.00,0.00,false,true,2026-08-08T11:24:00,2026-08-10T11:00:00,setl_biKch5gGOzawKB,ICICH44416238859,default,pay_k3W4GtoPYjDOO1,order_4dD3Vgo3XWOuFx,,upi,,,,
pay_kfFBzJy7r26vPU,payment,0.00,1779.00,1779.00,INR,0.00,0.00,false,true,2026-08-08T07:12:00,2026-08-10T11:00:00,setl_biKch5gGOzawKB,ICICH44416238859,default,pay_kfFBzJy7r26vPU,order_ME8F16h2CQmezk,,upi,,,,
pay_zQ6BoP3GvGCP2S,payment,0.00,5115.82,5208.00,INR,92.18,14.06,false,true,2026-08-08T11:40:00,2026-08-10T11:00:00,setl_biKch5gGOzawKB,ICICH44416238859,default,pay_zQ6BoP3GvGCP2S,order_KwFV0rwlHCkLrv,,netbanking,,,,
pay_6V4lvFHbmcYrup,payment,0.00,28583.13,29274.00,INR,690.87,105.39,false,true,2026-08-08T21:13:00,2026-08-10T11:00:00,setl_biKch5gGOzawKB,ICICH44416238859,default,pay_6V4lvFHbmcYrup,order_ECxgI0t4sDlQgq,,card,MasterCard,SBI Cards,debit,
pay_f9qGkggoqiT1Ci,payment,0.00,10653.00,10653.00,INR,0.00,0.00,false,true,2026-08-08T21:17:00,2026-08-10T11:00:00,setl_biKch5gGOzawKB,ICICH44416238859,default,pay_f9qGkggoqiT1Ci,order_spk8aeHVJWMJtT,,upi,,,,
pay_WhSvTh3Rew9DIn,payment,0.00,17213.83,17524.00,INR,310.17,47.31,false,true,2026-08-08T09:56:00,2026-08-10T11:00:00,setl_biKch5gGOzawKB,ICICH44416238859,default,pay_WhSvTh3Rew9DIn,order_0Cf8Ydq1sPA6bA,,netbanking,,,,
pay_IZ7sAvntv7ptJr,payment,0.00,1025.00,1025.00,INR,0.00,0.00,false,true,2026-08-08T19:38:00,2026-08-10T11:00:00,setl_biKch5gGOzawKB,ICICH44416238859,default,pay_IZ7sAvntv7ptJr,order_ngOM7sq2xSEgHM,,upi,,,,
pay_j8FovFNxupC29S,payment,0.00,561.00,561.00,INR,0.00,0.00,false,true,2026-08-08T10:09:00,2026-08-10T11:00:00,setl_biKch5gGOzawKB,ICICH44416238859,default,pay_j8FovFNxupC29S,order_OHeZa2tvI2bFHx,,upi,,,,
pay_n435B7GivroAfs,payment,0.00,417.00,417.00,INR,0.00,0.00,false,true,2026-08-08T08:55:00,2026-08-10T11:00:00,setl_biKch5gGOzawKB,ICICH44416238859,default,pay_n435B7GivroAfs,order_TAPdUMtCFOh0AL,,upi,,,,
pay_sLWXhgBqYxV1Ka,payment,0.00,2474.20,2534.00,INR,59.80,9.12,false,true,2026-08-08T09:39:00,2026-08-10T11:00:00,setl_biKch5gGOzawKB,ICICH44416238859,default,pay_sLWXhgBqYxV1Ka,order_KfXD1G1xcOe9H1,,card,Amex,SBI Cards,credit,
pay_0EHCu1etWKhclV,payment,0.00,341.74,350.00,INR,8.26,1.26,false,true,2026-08-08T16:19:00,2026-08-10T11:00:00,setl_biKch5gGOzawKB,ICICH44416238859,default,pay_0EHCu1etWKhclV,order_8GiuCWAQZdzc1U,,card,Visa,SBI Cards,debit,
pay_oWdz42Mg6oL2Qd,payment,0.00,7119.00,7119.00,INR,0.00,0.00,false,true,2026-08-08T09:25:00,2026-08-10T11:00:00,setl_biKch5gGOzawKB,ICICH44416238859,default,pay_oWdz42Mg6oL2Qd,order_k2GCeLTiQqikWL,,upi,,,,
pay_6R6xzsUIs6t6Sz,payment,0.00,35815.33,36681.00,INR,865.67,132.05,false,true,2026-08-08T08:30:00,2026-08-10T11:00:00,setl_biKch5gGOzawKB,ICICH44416238859,default,pay_6R6xzsUIs6t6Sz,order_ZYR0ZOgM6ss2P5,,card,MasterCard,Kotak,credit,
pay_KzaTS9QpfzkKzf,payment,0.00,223.00,223.00,INR,0.00,0.00,false,true,2026-08-08T21:10:00,2026-08-10T11:00:00,setl_biKch5gGOzawKB,ICICH44416238859,default,pay_KzaTS9QpfzkKzf,order_m8DbIifGCBRt2k,,upi,,,,
pay_EbwEkrULIFUGg4,payment,0.00,5202.26,5328.00,INR,125.74,19.18,false,true,2026-08-08T11:21:00,2026-08-10T11:00:00,setl_biKch5gGOzawKB,ICICH44416238859,default,pay_EbwEkrULIFUGg4,order_Q29AQLg4TvVGvs,,card,RuPay,Axis Bank,debit,
pay_pJxlahhHPzjMKQ,payment,0.00,7285.00,7285.00,INR,0.00,0.00,false,true,2026-08-08T09:10:00,2026-08-10T11:00:00,setl_biKch5gGOzawKB,ICICH44416238859,default,pay_pJxlahhHPzjMKQ,order_NqJrMC9Oi104EN,,upi,,,,
pay_WkrHPWp67LB16q,payment,0.00,1453.80,1480.00,INR,26.20,4.00,false,true,2026-08-08T09:56:00,2026-08-10T11:00:00,setl_biKch5gGOzawKB,ICICH44416238859,default,pay_WkrHPWp67LB16q,order_Xb0TFkeQCZBKbW,,netbanking,,,,
pay_DQWYuzN2Lr5sG8,payment,0.00,2678.00,2678.00,INR,0.00,0.00,false,true,2026-08-08T10:33:00,2026-08-10T11:00:00,setl_biKch5gGOzawKB,ICICH44416238859,default,pay_DQWYuzN2Lr5sG8,order_zfWllLYkxvI7RN,,upi,,,,
pay_Ta68yTQvo0g8Nv,payment,0.00,142.55,146.00,INR,3.45,0.53,false,true,2026-08-08T13:16:00,2026-08-10T11:00:00,setl_biKch5gGOzawKB,ICICH44416238859,default,pay_Ta68yTQvo0g8Nv,order_Ai7jfM5JRz9DlR,,card,MasterCard,Axis Bank,debit,
pay_FkrvmK9jrKFFrh,payment,0.00,4953.00,4953.00,INR,0.00,0.00,false,true,2026-08-08T08:43:00,2026-08-10T11:00:00,setl_biKch5gGOzawKB,ICICH44416238859,default,pay_FkrvmK9jrKFFrh,order_AGtXQlnppBFDx1,,upi,,,,
pay_e49KSwjzUVytR0,payment,0.00,23454.00,23454.00,INR,0.00,0.00,false,true,2026-08-08T19:35:00,2026-08-10T11:00:00,setl_biKch5gGOzawKB,ICICH44416238859,default,pay_e49KSwjzUVytR0,order_M9vRg53KrKXDTI,,upi,,,,
pay_MgKnkRFCfYZhHS,payment,0.00,44267.00,44267.00,INR,0.00,0.00,false,true,2026-08-08T10:28:00,2026-08-10T11:00:00,setl_biKch5gGOzawKB,ICICH44416238859,default,pay_MgKnkRFCfYZhHS,order_0Q48M6EMPD9CdO,,upi,,,,
pay_CFMSPOUf1u78Eg,payment,0.00,28881.00,28881.00,INR,0.00,0.00,false,true,2026-08-08T08:48:00,2026-08-10T11:00:00,setl_biKch5gGOzawKB,ICICH44416238859,default,pay_CFMSPOUf1u78Eg,order_A1zoAM7nC9NAeu,,upi,,,,
pay_4S3fy6U9wCqrOK,payment,0.00,3428.23,3490.00,INR,61.77,9.42,false,true,2026-08-08T09:27:00,2026-08-10T11:00:00,setl_biKch5gGOzawKB,ICICH44416238859,default,pay_4S3fy6U9wCqrOK,order_rcwXtxXrTxIX7i,,netbanking,,,,
pay_EqcPd2NfIp6e67,payment,0.00,667.86,684.00,INR,16.14,2.46,false,true,2026-08-08T16:58:00,2026-08-10T11:00:00,setl_biKch5gGOzawKB,ICICH44416238859,default,pay_EqcPd2NfIp6e67,order_LNVCOqSBKa3oMD,,card,Amex,Axis Bank,credit,
pay_bI97ThiTd9PSbh,payment,0.00,1354.00,1354.00,INR,0.00,0.00,false,true,2026-08-08T12:12:00,2026-08-10T11:00:00,setl_biKch5gGOzawKB,ICICH44416238859,default,pay_bI97ThiTd9PSbh,order_gC4kwn7vU43HyH,,upi,,,,
pay_Su3x5FkgcwnfGW,payment,0.00,5762.71,5902.00,INR,139.29,21.25,false,true,2026-08-08T22:45:00,2026-08-10T11:00:00,setl_biKch5gGOzawKB,ICICH44416238859,default,pay_Su3x5FkgcwnfGW,order_5D14SOexpmT7n4,,card,Amex,SBI Cards,debit,
pay_iBAQq0ZthICeWp,payment,0.00,1060.37,1086.00,INR,25.63,3.91,false,true,2026-08-08T17:41:00,2026-08-10T11:00:00,setl_biKch5gGOzawKB,ICICH44416238859,default,pay_iBAQq0ZthICeWp,order_emeHbo8p5BIRU7,,card,RuPay,Axis Bank,credit,
pay_QKuReTQDOJ18m6,payment,0.00,654.19,670.00,INR,15.81,2.41,false,true,2026-08-08T07:40:00,2026-08-10T11:00:00,setl_biKch5gGOzawKB,ICICH44416238859,default,pay_QKuReTQDOJ18m6,order_GAbyfFA6ky1vso,,card,Amex,Kotak,credit,
pay_wBhCSL2yyEzXPY,payment,0.00,1397.00,1397.00,INR,0.00,0.00,false,true,2026-08-08T19:15:00,2026-08-10T11:00:00,setl_biKch5gGOzawKB,ICICH44416238859,default,pay_wBhCSL2yyEzXPY,order_Ul69TXtPVm9Y2p,,upi,,,,
pay_U6F1uKt4JJVNAu,payment,0.00,25326.63,25783.00,INR,456.37,69.62,false,true,2026-08-08T22:39:00,2026-08-10T11:00:00,setl_biKch5gGOzawKB,ICICH44416238859,default,pay_U6F1uKt4JJVNAu,order_B5jfGAHdbpZqZ4,,netbanking,,,,
pay_YiSvcvxByHJTFg,payment,0.00,21943.00,21943.00,INR,0.00,0.00,false,true,2026-08-08T07:28:00,2026-08-10T11:00:00,setl_biKch5gGOzawKB,ICICH44416238859,default,pay_YiSvcvxByHJTFg,order_LTOQYof0Geu6Dh,,upi,,,,
pay_MClJI6iuasoUSw,payment,0.00,32689.00,32689.00,INR,0.00,0.00,false,true,2026-08-08T14:49:00,2026-08-10T11:00:00,setl_biKch5gGOzawKB,ICICH44416238859,default,pay_MClJI6iuasoUSw,order_vYDPbmFY88WdIo,,upi,,,,
pay_JV8eJvmfIoT5QZ,payment,0.00,770.00,770.00,INR,0.00,0.00,false,true,2026-08-08T19:07:00,2026-08-10T11:00:00,setl_biKch5gGOzawKB,ICICH44416238859,default,pay_JV8eJvmfIoT5QZ,order_tudOxuAwNf9bp1,,upi,,,,
pay_1WdDH8XwKcumhN,payment,0.00,4296.00,4296.00,INR,0.00,0.00,false,true,2026-08-08T22:48:00,2026-08-10T11:00:00,setl_biKch5gGOzawKB,ICICH44416238859,default,pay_1WdDH8XwKcumhN,order_F5TGFJs4UJWR9J,,upi,,,,
pay_Ub8sH3HbmXOX2y,payment,0.00,35419.89,36276.00,INR,856.11,130.59,false,true,2026-08-08T17:43:00,2026-08-10T11:00:00,setl_biKch5gGOzawKB,ICICH44416238859,default,pay_Ub8sH3HbmXOX2y,order_jN1QzMmWaV8DnJ,,card,RuPay,ICICI Bank,credit,
pay_Kdgn4NkmivoN0N,payment,0.00,7354.00,7354.00,INR,0.00,0.00,false,true,2026-08-08T12:33:00,2026-08-10T11:00:00,setl_biKch5gGOzawKB,ICICH44416238859,default,pay_Kdgn4NkmivoN0N,order_RhAo43zjjqtW1e,,upi,,,,
pay_2BLYZYXcFCE8qk,payment,0.00,39845.00,39845.00,INR,0.00,0.00,false,true,2026-08-08T22:50:00,2026-08-10T11:00:00,setl_biKch5gGOzawKB,ICICH44416238859,default,pay_2BLYZYXcFCE8qk,order_9fxGEqPezjGZoG,,upi,,,,
pay_S6tXxMxSS1QBdQ,payment,0.00,3067.72,3123.00,INR,55.28,8.43,false,true,2026-08-08T16:41:00,2026-08-10T11:00:00,setl_biKch5gGOzawKB,ICICH44416238859,default,pay_S6tXxMxSS1QBdQ,order_Wmw6Nzfx4GNOa5,,netbanking,,,,
pay_o54covyTy16GB2,payment,0.00,11110.00,11110.00,INR,0.00,0.00,false,true,2026-08-08T20:05:00,2026-08-10T11:00:00,setl_biKch5gGOzawKB,ICICH44416238859,default,pay_o54covyTy16GB2,order_ZI5M2SuWRrX3I2,,upi,,,,
pay_G6bagBvmvDyFd8,payment,0.00,7856.00,7856.00,INR,0.00,0.00,false,true,2026-08-08T21:53:00,2026-08-10T11:00:00,setl_biKch5gGOzawKB,ICICH44416238859,default,pay_G6bagBvmvDyFd8,order_318tBTsA6HZ8im,,upi,,,,
pay_eiJScFYZe6ezQv,payment,0.00,1335.00,1335.00,INR,0.00,0.00,false,true,2026-08-08T19:00:00,2026-08-10T11:00:00,setl_biKch5gGOzawKB,ICICH44416238859,default,pay_eiJScFYZe6ezQv,order_kP338xfPUPmkSb,,upi,,,,
pay_W3WppIw9QhG7Dz,payment,0.00,4530.00,4530.00,INR,0.00,0.00,false,true,2026-08-08T11:25:00,2026-08-10T11:00:00,setl_biKch5gGOzawKB,ICICH44416238859,default,pay_W3WppIw9QhG7Dz,order_r2quToN7ohmCFh,,upi,,,,
pay_JjdvHJbe9F4ydw,payment,0.00,40048.00,40048.00,INR,0.00,0.00,false,true,2026-08-08T09:48:00,2026-08-10T11:00:00,setl_biKch5gGOzawKB,ICICH44416238859,default,pay_JjdvHJbe9F4ydw,order_RjXbRYBIwO6mcy,,upi,,,,
pay_14ql6Smd08Haej,payment,0.00,44793.00,44793.00,INR,0.00,0.00,false,true,2026-08-08T11:21:00,2026-08-10T11:00:00,setl_biKch5gGOzawKB,ICICH44416238859,default,pay_14ql6Smd08Haej,order_HB3z7qsWg0j1D4,,upi,,,,
pay_v4fuuuzTRjxTVz,payment,0.00,4040.00,4040.00,INR,0.00,0.00,false,true,2026-08-08T07:12:00,2026-08-10T11:00:00,setl_biKch5gGOzawKB,ICICH44416238859,default,pay_v4fuuuzTRjxTVz,order_4nVwV1ivSZ5dlu,,upi,,,,
pay_1Lk46trCBvDnzP,payment,0.00,37757.00,37757.00,INR,0.00,0.00,false,true,2026-08-08T08:25:00,2026-08-10T11:00:00,setl_biKch5gGOzawKB,ICICH44416238859,default,pay_1Lk46trCBvDnzP,order_QYdq4kFQikbHwa,,upi,,,,
pay_reYfINmS6Utj0L,payment,0.00,27314.00,27314.00,INR,0.00,0.00,false,true,2026-08-08T16:26:00,2026-08-10T11:00:00,setl_biKch5gGOzawKB,ICICH44416238859,default,pay_reYfINmS6Utj0L,order_8c7KgWaBB7GKmd,,upi,,,,
pay_oL0aBdkY0pN9bT,payment,0.00,30119.01,30847.00,INR,727.99,111.05,false,true,2026-08-08T20:57:00,2026-08-10T11:00:00,setl_biKch5gGOzawKB,ICICH44416238859,default,pay_oL0aBdkY0pN9bT,order_7d8fdMb88Bjsnj,,card,Amex,Axis Bank,debit,
pay_RaRaNmWWpFRmq1,payment,0.00,1252.00,1252.00,INR,0.00,0.00,false,true,2026-08-08T18:39:00,2026-08-10T11:00:00,setl_biKch5gGOzawKB,ICICH44416238859,default,pay_RaRaNmWWpFRmq1,order_3t5HfcYtHPHt0Y,,upi,,,,
pay_Nc4BO7XHzFaf0H,payment,0.00,4121.38,4221.00,INR,99.62,15.20,false,true,2026-08-08T22:21:00,2026-08-10T11:00:00,setl_biKch5gGOzawKB,ICICH44416238859,default,pay_Nc4BO7XHzFaf0H,order_dDWZE3hhshCvnH,,card,Visa,Kotak,debit,
pay_AGK1eoeyY3jP2h,payment,0.00,7085.25,7239.00,INR,153.75,23.45,false,true,2026-08-08T11:44:00,2026-08-10T11:00:00,setl_biKch5gGOzawKB,ICICH44416238859,default,pay_AGK1eoeyY3jP2h,order_9rrUVVwIZ9OTgw,,wallet,,,,
pay_fA4gRqcekGZ7PU,payment,0.00,15294.33,15664.00,INR,369.67,56.39,false,true,2026-08-08T20:54:00,2026-08-10T11:00:00,setl_biKch5gGOzawKB,ICICH44416238859,default,pay_fA4gRqcekGZ7PU,order_qQstnKSanr9yUM,,card,Amex,SBI Cards,debit,
pay_FQpFAfvdk7mNTD,payment,0.00,1276.00,1276.00,INR,0.00,0.00,false,true,2026-08-08T14:01:00,2026-08-10T11:00:00,setl_biKch5gGOzawKB,ICICH44416238859,default,pay_FQpFAfvdk7mNTD,order_6E5C1BICoDJ1ih,,upi,,,,
pay_GqxXk6JsVZusAx,payment,0.00,291.94,299.00,INR,7.06,1.08,false,true,2026-08-08T07:23:00,2026-08-10T11:00:00,setl_biKch5gGOzawKB,ICICH44416238859,default,pay_GqxXk6JsVZusAx,order_Tmr8AlsdW98cbX,,card,Amex,ICICI Bank,credit,
rfnd_N076Aae4x5Avkb,refund,23542.00,0.00,23542.00,INR,0.00,0.00,false,true,2026-08-10T09:00:00,2026-08-10T11:00:00,setl_biKch5gGOzawKB,ICICH44416238859,default,pay_rKSRJUJL7iCtuQ,order_0GJF7rVCW3UqVc,,upi,,,,
disp_VIGTYqjTHkhnve,dispute,43712.20,0.00,43016.00,INR,696.20,106.20,false,true,2026-08-10T09:00:00,2026-08-10T11:00:00,setl_biKch5gGOzawKB,ICICH44416238859,default,pay_jhinSpE7JGGi8w,order_ic3TMvjb6dxJpE,disp_VIGTYqjTHkhnve,upi,,,,
disp_c05XpoBWVHB7bD,dispute,1082.20,0.00,386.00,INR,696.20,106.20,false,true,2026-08-10T09:00:00,2026-08-10T11:00:00,setl_biKch5gGOzawKB,ICICH44416238859,default,pay_VF6N6yGOTlw0Mc,order_h4BsYbBM1EMz4J,disp_c05XpoBWVHB7bD,upi,,,,
rfnd_Hz05FKUD4BeOgc,refund,306.00,0.00,306.00,INR,0.00,0.00,false,true,2026-08-10T09:00:00,2026-08-10T11:00:00,setl_biKch5gGOzawKB,ICICH44416238859,default,pay_EYvv188EVBHlrk,order_ep6TPmzDjW1jD9,,card,MasterCard,ICICI Bank,credit,
rfnd_HR4dKkb32PMxBA,refund,7857.00,0.00,7857.00,INR,0.00,0.00,false,true,2026-08-10T09:00:00,2026-08-10T11:00:00,setl_biKch5gGOzawKB,ICICH44416238859,default,pay_GUwk6YoTM8uXNp,order_2nkPaMrYMBRZDx,,card,RuPay,ICICI Bank,debit,
rfnd_OaNMPOaNtaofLH,refund,1057.00,0.00,1057.00,INR,0.00,0.00,false,true,2026-08-10T09:00:00,2026-08-10T11:00:00,setl_biKch5gGOzawKB,ICICH44416238859,default,pay_LbfVhdNUVq5Tfi,order_q2yiQF0CziSIhl,,upi,,,,
pay_9UBIxvc4RLzixh,payment,0.00,39870.32,40834.00,INR,963.68,147.00,false,true,2026-08-09T15:44:00,2026-08-11T11:00:00,setl_JmQjT5AN6Xmw9x,ICICH69409656426,default,pay_9UBIxvc4RLzixh,order_c51PTE6HuIi6A3,,card,Visa,HDFC Bank,debit,
pay_BdmMcr6jekbE6s,payment,0.00,8756.36,8968.00,INR,211.64,32.28,false,true,2026-08-09T19:02:00,2026-08-11T11:00:00,setl_JmQjT5AN6Xmw9x,ICICH69409656426,default,pay_BdmMcr6jekbE6s,order_rrvkfkSIuDmtph,,card,Amex,Kotak,credit,
pay_rmr2JijFFJLf5o,payment,0.00,3373.46,3455.00,INR,81.54,12.44,false,true,2026-08-09T11:09:00,2026-08-11T11:00:00,setl_JmQjT5AN6Xmw9x,ICICH69409656426,default,pay_rmr2JijFFJLf5o,order_bLuvGpEBakIf8L,,card,Visa,SBI Cards,credit,
pay_rKSRJUJL7iCtuQ,payment,0.00,23542.00,23542.00,INR,0.00,0.00,false,true,2026-08-09T07:08:00,2026-08-11T11:00:00,setl_JmQjT5AN6Xmw9x,ICICH69409656426,default,pay_rKSRJUJL7iCtuQ,order_0GJF7rVCW3UqVc,,upi,,,,
pay_sCQ3mpAXVytX12,payment,0.00,6625.00,6625.00,INR,0.00,0.00,false,true,2026-08-09T21:37:00,2026-08-11T11:00:00,setl_JmQjT5AN6Xmw9x,ICICH69409656426,default,pay_sCQ3mpAXVytX12,order_tACBap9o4Qd4KW,,upi,,,,
pay_Y9IP7qu4Mst2LX,payment,0.00,1511.47,1548.00,INR,36.53,5.57,false,true,2026-08-09T11:07:00,2026-08-11T11:00:00,setl_JmQjT5AN6Xmw9x,ICICH69409656426,default,pay_Y9IP7qu4Mst2LX,order_dqUXXd2wRqWjmc,,card,Visa,Kotak,debit,
pay_ARClrdpommWwu6,payment,0.00,515.54,528.00,INR,12.46,1.90,false,true,2026-08-09T22:52:00,2026-08-11T11:00:00,setl_JmQjT5AN6Xmw9x,ICICH69409656426,default,pay_ARClrdpommWwu6,order_xbCIbLhOhJiCc3,,card,Amex,ICICI Bank,debit,
pay_3I3tkAQA6lw9Il,payment,0.00,456.00,456.00,INR,0.00,0.00,false,true,2026-08-09T11:33:00,2026-08-11T11:00:00,setl_JmQjT5AN6Xmw9x,ICICH69409656426,default,pay_3I3tkAQA6lw9Il,order_hShaewkbLw08Pd,,upi,,,,
pay_awSDlYTTIMOjqq,payment,0.00,3330.50,3411.00,INR,80.50,12.28,false,true,2026-08-09T07:08:00,2026-08-11T11:00:00,setl_JmQjT5AN6Xmw9x,ICICH69409656426,default,pay_awSDlYTTIMOjqq,order_p5tl4vTqmKO5Lp,,card,Visa,Kotak,credit,
pay_fMOr776w34EZ0H,payment,0.00,33739.00,33739.00,INR,0.00,0.00,false,true,2026-08-09T19:01:00,2026-08-11T11:00:00,setl_JmQjT5AN6Xmw9x,ICICH69409656426,default,pay_fMOr776w34EZ0H,order_Fjh963OEQ34Yam,,upi,,,,
pay_F2eRJKLTznuWWS,payment,0.00,34353.00,34353.00,INR,0.00,0.00,false,true,2026-08-09T08:36:00,2026-08-11T11:00:00,setl_JmQjT5AN6Xmw9x,ICICH69409656426,default,pay_F2eRJKLTznuWWS,order_xrTZa2xRUI3Ch6,,upi,,,,
pay_8vfQ9Fkk7A4szd,payment,0.00,2814.96,2883.00,INR,68.04,10.38,false,true,2026-08-09T09:02:00,2026-08-11T11:00:00,setl_JmQjT5AN6Xmw9x,ICICH69409656426,default,pay_8vfQ9Fkk7A4szd,order_vHXBJewrxzMF2u,,card,Amex,ICICI Bank,credit,
pay_r6HUAt5nfJwHZu,payment,0.00,1131.65,1159.00,INR,27.35,4.17,false,true,2026-08-09T10:57:00,2026-08-11T11:00:00,setl_JmQjT5AN6Xmw9x,ICICH69409656426,default,pay_r6HUAt5nfJwHZu,order_i5K6oMvPf0Gwcs,,card,MasterCard,HDFC Bank,credit,
pay_aw9cTdhtbMaHcz,payment,0.00,1930.00,1930.00,INR,0.00,0.00,false,true,2026-08-09T10:44:00,2026-08-11T11:00:00,setl_JmQjT5AN6Xmw9x,ICICH69409656426,default,pay_aw9cTdhtbMaHcz,order_63T7WUEQtdBumA,,upi,,,,
pay_wLVCc1O6i98BFu,payment,0.00,11410.00,11410.00,INR,0.00,0.00,false,true,2026-08-09T15:56:00,2026-08-11T11:00:00,setl_JmQjT5AN6Xmw9x,ICICH69409656426,default,pay_wLVCc1O6i98BFu,order_yfv2LYPxORTmZh,,upi,,,,
pay_KtWGDFWfjWBOJp,payment,0.00,6366.00,6366.00,INR,0.00,0.00,false,true,2026-08-09T11:20:00,2026-08-11T11:00:00,setl_JmQjT5AN6Xmw9x,ICICH69409656426,default,pay_KtWGDFWfjWBOJp,order_wARN5KJaYZx2eC,,upi,,,,
pay_gzPjhqWzjFmA9k,payment,0.00,29376.95,30087.00,INR,710.05,108.31,false,true,2026-08-09T15:11:00,2026-08-11T11:00:00,setl_JmQjT5AN6Xmw9x,ICICH69409656426,default,pay_gzPjhqWzjFmA9k,order_F1rQM1fALE5Hms,,card,Visa,HDFC Bank,debit,
pay_gENPqCPjyS81tc,payment,0.00,6037.00,6037.00,INR,0.00,0.00,false,true,2026-08-09T09:32:00,2026-08-11T11:00:00,setl_JmQjT5AN6Xmw9x,ICICH69409656426,default,pay_gENPqCPjyS81tc,order_lXm8KNHIGDd15h,,upi,,,,
pay_SJzMdPFekT9aij,payment,0.00,4991.00,4991.00,INR,0.00,0.00,false,true,2026-08-09T15:21:00,2026-08-11T11:00:00,setl_JmQjT5AN6Xmw9x,ICICH69409656426,default,pay_SJzMdPFekT9aij,order_gRF8RrZA5nl6xO,,upi,,,,
pay_BKUF1exVdVtnij,payment,0.00,268.00,268.00,INR,0.00,0.00,false,true,2026-08-09T10:49:00,2026-08-11T11:00:00,setl_JmQjT5AN6Xmw9x,ICICH69409656426,default,pay_BKUF1exVdVtnij,order_qiNr3l8dIwsfEZ,,upi,,,,
pay_7izVvqjcjUuFhN,payment,0.00,24879.65,25481.00,INR,601.35,91.73,false,true,2026-08-09T10:42:00,2026-08-11T11:00:00,setl_JmQjT5AN6Xmw9x,ICICH69409656426,default,pay_7izVvqjcjUuFhN,order_BHKLU9XMVmxowJ,,card,Amex,Axis Bank,credit,
pay_xiXMwg4sOxZcDt,payment,0.00,530.44,540.00,INR,9.56,1.46,false,true,2026-08-09T13:18:00,2026-08-11T11:00:00,setl_JmQjT5AN6Xmw9x,ICICH69409656426,default,pay_xiXMwg4sOxZcDt,order_ggiZ4wSbtAYy0g,,netbanking,,,,
pay_XyvIYwdtnuN86R,payment,0.00,4470.00,4470.00,INR,0.00,0.00,false,true,2026-08-09T13:51:00,2026-08-11T11:00:00,setl_JmQjT5AN6Xmw9x,ICICH69409656426,default,pay_XyvIYwdtnuN86R,order_Lp1tiVIMHAPSTC,,upi,,,,
pay_mt5DB4lOUkYyQb,payment,0.00,22247.00,22247.00,INR,0.00,0.00,false,true,2026-08-09T15:32:00,2026-08-11T11:00:00,setl_JmQjT5AN6Xmw9x,ICICH69409656426,default,pay_mt5DB4lOUkYyQb,order_rlA0wrMiyQIgel,,upi,,,,
pay_zy5XwBx5gn8bs6,payment,0.00,1995.76,2044.00,INR,48.24,7.36,false,true,2026-08-09T19:18:00,2026-08-11T11:00:00,setl_JmQjT5AN6Xmw9x,ICICH69409656426,default,pay_zy5XwBx5gn8bs6,order_a6Gwz7dHMJ4P0S,,card,RuPay,Kotak,credit,
pay_pX0J9BbOPWy9iC,payment,0.00,891.45,913.00,INR,21.55,3.29,false,true,2026-08-09T19:22:00,2026-08-11T11:00:00,setl_JmQjT5AN6Xmw9x,ICICH69409656426,default,pay_pX0J9BbOPWy9iC,order_d6UNJxTwhUhTch,,card,Amex,ICICI Bank,debit,
pay_pKejISy1ngOnZc,payment,0.00,873.93,898.00,INR,24.07,3.67,false,true,2026-08-09T08:11:00,2026-08-11T11:00:00,setl_JmQjT5AN6Xmw9x,ICICH69409656426,default,pay_pKejISy1ngOnZc,order_4rwRl9oOABNev1,,netbanking,,,,
pay_e3wby7dmcMazS5,payment,0.00,1984.93,2028.00,INR,43.07,6.57,false,true,2026-08-09T13:14:00,2026-08-11T11:00:00,setl_JmQjT5AN6Xmw9x,ICICH69409656426,default,pay_e3wby7dmcMazS5,order_LiMKRROmc5IO07,,wallet,,,,
pay_snzTcAuQwGhHmG,payment,0.00,6213.00,6213.00,INR,0.00,0.00,false,true,2026-08-09T10:07:00,2026-08-11T11:00:00,setl_JmQjT5AN6Xmw9x,ICICH69409656426,default,pay_snzTcAuQwGhHmG,order_haScaBgMjo3Tbl,,upi,,,,
pay_bG2GlrClvF98OV,payment,0.00,17682.00,17682.00,INR,0.00,0.00,false,true,2026-08-09T09:29:00,2026-08-11T11:00:00,setl_JmQjT5AN6Xmw9x,ICICH69409656426,default,pay_bG2GlrClvF98OV,order_Q2trsJ31eU5SS3,,upi,,,,
pay_f8qisTEyC4JOPb,payment,0.00,133.77,137.00,INR,3.23,0.49,false,true,2026-08-09T08:10:00,2026-08-11T11:00:00,setl_JmQjT5AN6Xmw9x,ICICH69409656426,default,pay_f8qisTEyC4JOPb,order_xYN6zIgmWRBYkt,,card,RuPay,Kotak,debit,
pay_a0Eej9uF2mdnfC,payment,0.00,3177.00,3177.00,INR,0.00,0.00,false,true,2026-08-09T17:13:00,2026-08-11T11:00:00,setl_JmQjT5AN6Xmw9x,ICICH69409656426,default,pay_a0Eej9uF2mdnfC,order_04XRkYxEs2ele4,,upi,,,,
pay_VO7Lzd80WjFYDb,payment,0.00,138.00,138.00,INR,0.00,0.00,false,true,2026-08-09T10:05:00,2026-08-11T11:00:00,setl_JmQjT5AN6Xmw9x,ICICH69409656426,default,pay_VO7Lzd80WjFYDb,order_YFCCnkIdjTYWZv,,upi,,,,
pay_dRoILCXGGUtXnF,payment,0.00,34623.00,34623.00,INR,0.00,0.00,false,true,2026-08-09T19:35:00,2026-08-11T11:00:00,setl_JmQjT5AN6Xmw9x,ICICH69409656426,default,pay_dRoILCXGGUtXnF,order_vcrwqvxGswgfih,,upi,,,,
pay_ai4MCt9Fou9XYD,payment,0.00,735.00,735.00,INR,0.00,0.00,false,true,2026-08-09T07:01:00,2026-08-11T11:00:00,setl_JmQjT5AN6Xmw9x,ICICH69409656426,default,pay_ai4MCt9Fou9XYD,order_jG0xzPRjgjykkN,,upi,,,,
pay_DVbCrwJt38Z6TV,payment,0.00,1119.82,1140.00,INR,20.18,3.08,false,true,2026-08-09T14:19:00,2026-08-11T11:00:00,setl_JmQjT5AN6Xmw9x,ICICH69409656426,default,pay_DVbCrwJt38Z6TV,order_PpbO83O24xp1bv,,netbanking,,,,
pay_Dl7mNKrB5j68h3,payment,0.00,4614.00,4614.00,INR,0.00,0.00,false,true,2026-08-09T11:13:00,2026-08-11T11:00:00,setl_JmQjT5AN6Xmw9x,ICICH69409656426,default,pay_Dl7mNKrB5j68h3,order_osTjGZSfO6PIXe,,upi,,,,
pay_z07q4LTVcyHTMf,payment,0.00,3259.22,3338.00,INR,78.78,12.02,false,true,2026-08-09T21:14:00,2026-08-11T11:00:00,setl_JmQjT5AN6Xmw9x,ICICH69409656426,default,pay_z07q4LTVcyHTMf,order_KaE2ZDiLbRWffm,,card,Amex,Kotak,debit,
pay_5ZuSp4bpqATIhP,payment,0.00,9391.00,9391.00,INR,0.00,0.00,false,true,2026-08-09T08:14:00,2026-08-11T11:00:00,setl_JmQjT5AN6Xmw9x,ICICH69409656426,default,pay_5ZuSp4bpqATIhP,order_IxauA1B7jLZ6Nd,,upi,,,,
pay_QsLWCX3bI99oWN,payment,0.00,5879.00,5879.00,INR,0.00,0.00,false,true,2026-08-09T15:57:00,2026-08-11T11:00:00,setl_JmQjT5AN6Xmw9x,ICICH69409656426,default,pay_QsLWCX3bI99oWN,order_hFKG8d5PzBjWOa,,upi,,,,
pay_XHiHfNnohtkUJF,payment,0.00,776.00,776.00,INR,0.00,0.00,false,true,2026-08-09T10:15:00,2026-08-11T11:00:00,setl_JmQjT5AN6Xmw9x,ICICH69409656426,default,pay_XHiHfNnohtkUJF,order_nevPS2gLfVpMUV,,upi,,,,
pay_T5cyNrcwHe2yis,payment,0.00,3974.39,4046.00,INR,71.61,10.92,false,true,2026-08-09T11:46:00,2026-08-11T11:00:00,setl_JmQjT5AN6Xmw9x,ICICH69409656426,default,pay_T5cyNrcwHe2yis,order_qyeZdHhZMQWmhK,,netbanking,,,,
pay_SblXpAzwZTTenx,payment,0.00,27662.00,27662.00,INR,0.00,0.00,false,true,2026-08-09T07:11:00,2026-08-11T11:00:00,setl_JmQjT5AN6Xmw9x,ICICH69409656426,default,pay_SblXpAzwZTTenx,order_O5HmegoE1CkMUQ,,upi,,,,
pay_3guSvIJa88frzi,payment,0.00,3510.00,3510.00,INR,0.00,0.00,false,true,2026-08-09T12:49:00,2026-08-11T11:00:00,setl_JmQjT5AN6Xmw9x,ICICH69409656426,default,pay_3guSvIJa88frzi,order_EtraausfvjAlay,,upi,,,,
pay_pwBrbBJ3Rk51VY,payment,0.00,767.45,786.00,INR,18.55,2.83,false,true,2026-08-09T13:12:00,2026-08-11T11:00:00,setl_JmQjT5AN6Xmw9x,ICICH69409656426,default,pay_pwBrbBJ3Rk51VY,order_vL8mFkkhyMO6E5,,card,MasterCard,SBI Cards,debit,
pay_BjUk01G9vycMC3,payment,0.00,962.00,962.00,INR,0.00,0.00,false,true,2026-08-09T17:24:00,2026-08-11T11:00:00,setl_JmQjT5AN6Xmw9x,ICICH69409656426,default,pay_BjUk01G9vycMC3,order_FuljSezPIN1XoO,,upi,,,,
pay_WsmyjVtQAaqh7u,payment,0.00,5219.83,5346.00,INR,126.17,19.25,false,true,2026-08-09T11:42:00,2026-08-11T11:00:00,setl_JmQjT5AN6Xmw9x,ICICH69409656426,default,pay_WsmyjVtQAaqh7u,order_VSd0AIuUWI8h0p,,card,Visa,HDFC Bank,credit,
pay_MoShcVhOIGrMQF,payment,0.00,638.00,638.00,INR,0.00,0.00,false,true,2026-08-09T20:56:00,2026-08-11T11:00:00,setl_JmQjT5AN6Xmw9x,ICICH69409656426,default,pay_MoShcVhOIGrMQF,order_j4PtV9rELudi28,,upi,,,,
pay_XOR96DDhfbTGiK,payment,0.00,3555.07,3641.00,INR,85.93,13.11,false,true,2026-08-09T14:20:00,2026-08-11T11:00:00,setl_JmQjT5AN6Xmw9x,ICICH69409656426,default,pay_XOR96DDhfbTGiK,order_kFLm4b3dYLjIYb,,card,MasterCard,HDFC Bank,debit,
pay_Zhsa7hPZXS18f5,payment,0.00,36083.00,36083.00,INR,0.00,0.00,false,true,2026-08-09T08:50:00,2026-08-11T11:00:00,setl_JmQjT5AN6Xmw9x,ICICH69409656426,default,pay_Zhsa7hPZXS18f5,order_d8RT971t0ozPko,,upi,,,,
pay_5oYiIBlaOiETd7,payment,0.00,4958.16,5078.00,INR,119.84,18.28,false,true,2026-08-09T17:10:00,2026-08-11T11:00:00,setl_JmQjT5AN6Xmw9x,ICICH69409656426,default,pay_5oYiIBlaOiETd7,order_7Hfs1qTShzMcZ2,,card,MasterCard,SBI Cards,credit,
pay_8Z63a06A7gejR7,payment,0.00,1213.00,1213.00,INR,0.00,0.00,false,true,2026-08-09T21:01:00,2026-08-11T11:00:00,setl_JmQjT5AN6Xmw9x,ICICH69409656426,default,pay_8Z63a06A7gejR7,order_BzlY1BvVGnEFJA,,upi,,,,
pay_yMcyVkUGAANetc,payment,0.00,4477.32,4558.00,INR,80.68,12.31,false,true,2026-08-09T18:20:00,2026-08-11T11:00:00,setl_JmQjT5AN6Xmw9x,ICICH69409656426,default,pay_yMcyVkUGAANetc,order_hZB6mfg4RHanaR,,netbanking,,,,
pay_zrRFjTJmtnGO6X,payment,0.00,1602.23,1637.00,INR,34.77,5.30,false,true,2026-08-09T15:44:00,2026-08-11T11:00:00,setl_JmQjT5AN6Xmw9x,ICICH69409656426,default,pay_zrRFjTJmtnGO6X,order_kFOv1n928UFpkG,,wallet,,,,
pay_To8x3KFznzpvTP,payment,0.00,32653.00,32653.00,INR,0.00,0.00,false,true,2026-08-09T07:28:00,2026-08-11T11:00:00,setl_JmQjT5AN6Xmw9x,ICICH69409656426,default,pay_To8x3KFznzpvTP,order_xFpEnCgITaAMVa,,upi,,,,
pay_4PmfSTNw05VvxQ,payment,0.00,38116.00,38116.00,INR,0.00,0.00,false,true,2026-08-09T09:30:00,2026-08-11T11:00:00,setl_JmQjT5AN6Xmw9x,ICICH69409656426,default,pay_4PmfSTNw05VvxQ,order_wHniQr2LJOkwVC,,upi,,,,
pay_QbZFWuDiPQSQao,payment,0.00,3533.00,3533.00,INR,0.00,0.00,false,true,2026-08-09T15:57:00,2026-08-11T11:00:00,setl_JmQjT5AN6Xmw9x,ICICH69409656426,default,pay_QbZFWuDiPQSQao,order_4JzQTaQusdfNAr,,upi,,,,
pay_LbfVhdNUVq5Tfi,payment,0.00,3022.00,3022.00,INR,0.00,0.00,false,true,2026-08-09T21:37:00,2026-08-11T11:00:00,setl_JmQjT5AN6Xmw9x,ICICH69409656426,default,pay_LbfVhdNUVq5Tfi,order_q2yiQF0CziSIhl,,upi,,,,
rfnd_NZ3jYxjeh0YzYb,refund,1159.00,0.00,1159.00,INR,0.00,0.00,false,true,2026-08-11T09:00:00,2026-08-11T11:00:00,setl_JmQjT5AN6Xmw9x,ICICH69409656426,default,pay_r6HUAt5nfJwHZu,order_i5K6oMvPf0Gwcs,,card,Visa,HDFC Bank,debit,
rfnd_jdCHyIc5BAOWTB,refund,1861.00,0.00,1861.00,INR,0.00,0.00,false,true,2026-08-11T09:00:00,2026-08-11T11:00:00,setl_JmQjT5AN6Xmw9x,ICICH69409656426,default,pay_5HvdrPkEby6U7o,,,upi,,,,
rfnd_56siwLTOXRXEYE,refund,1861.00,0.00,1861.00,INR,0.00,0.00,false,true,2026-08-11T09:00:00,2026-08-11T11:00:00,setl_JmQjT5AN6Xmw9x,ICICH69409656426,default,pay_4P8NBNpAmef6i0,,,upi,,,,
rfnd_L3FrH587eoDQ8n,refund,898.00,0.00,898.00,INR,0.00,0.00,false,true,2026-08-11T09:00:00,2026-08-11T11:00:00,setl_JmQjT5AN6Xmw9x,ICICH69409656426,default,pay_nIkmXgWdL8Sa6a,order_YgsSrgg5LASP11,,upi,,,,
rfnd_Ub78PQAgg63bNT,refund,351.00,0.00,351.00,INR,0.00,0.00,false,true,2026-08-11T09:00:00,2026-08-11T11:00:00,setl_JmQjT5AN6Xmw9x,ICICH69409656426,default,pay_pX0J9BbOPWy9iC,order_d6UNJxTwhUhTch,,card,Visa,HDFC Bank,credit,
rfnd_ulSXKykEYmB8AS,refund,352.00,0.00,352.00,INR,0.00,0.00,false,true,2026-08-11T09:00:00,2026-08-11T11:00:00,setl_JmQjT5AN6Xmw9x,ICICH69409656426,default,pay_pX0J9BbOPWy9iC,order_d6UNJxTwhUhTch,,card,RuPay,Kotak,debit,
rfnd_hZjOR2wUTVQteF,refund,22815.00,0.00,22815.00,INR,0.00,0.00,false,true,2026-08-11T09:00:00,2026-08-11T11:00:00,setl_JmQjT5AN6Xmw9x,ICICH69409656426,default,pay_CFMSPOUf1u78Eg,order_A1zoAM7nC9NAeu,,upi,,,,
rfnd_TIktgDi6tkFcgo,refund,6961.00,0.00,6961.00,INR,0.00,0.00,false,true,2026-08-11T09:00:00,2026-08-11T11:00:00,setl_JmQjT5AN6Xmw9x,ICICH69409656426,default,pay_st9XF93iN9Ltb7,,,upi,,,,
rfnd_oGqay6kB3d5CJQ,refund,1276.00,0.00,1276.00,INR,0.00,0.00,false,true,2026-08-11T09:00:00,2026-08-11T11:00:00,setl_JmQjT5AN6Xmw9x,ICICH69409656426,default,pay_FQpFAfvdk7mNTD,order_6E5C1BICoDJ1ih,,upi,,,,
pay_pILVkXBFVRvag8,payment,0.00,387.03,394.00,INR,6.97,1.06,false,true,2026-08-10T13:23:00,2026-08-12T11:00:00,setl_sn8dIxElrcdXiA,HDFCH56408365553,default,pay_pILVkXBFVRvag8,order_zrzw6gd1WT46Vs,,netbanking,,,,
pay_NmD8D4Ob1wkY97,payment,0.00,2808.00,2808.00,INR,0.00,0.00,false,true,2026-08-10T20:13:00,2026-08-12T11:00:00,setl_sn8dIxElrcdXiA,HDFCH56408365553,default,pay_NmD8D4Ob1wkY97,order_LzZQlwdPgzFZ3v,,upi,,,,
pay_Ip88DvXbB4d0aK,payment,0.00,37190.00,37190.00,INR,0.00,0.00,false,true,2026-08-10T16:38:00,2026-08-12T11:00:00,setl_sn8dIxElrcdXiA,HDFCH56408365553,default,pay_Ip88DvXbB4d0aK,order_elJETu36JsiP3u,,upi,,,,
pay_Ld0HSlsaf5cMVB,payment,0.00,1004.21,1026.00,INR,21.79,3.32,false,true,2026-08-10T12:25:00,2026-08-12T11:00:00,setl_sn8dIxElrcdXiA,HDFCH56408365553,default,pay_Ld0HSlsaf5cMVB,order_0ESqvEV7Kle6Mf,,wallet,,,,
pay_wzufJJ1WJGNuVs,payment,0.00,6799.65,6964.00,INR,164.35,25.07,false,true,2026-08-10T10:05:00,2026-08-12T11:00:00,setl_sn8dIxElrcdXiA,HDFCH56408365553,default,pay_wzufJJ1WJGNuVs,order_kLxdGGVyVSuD1I,,card,MasterCard,Kotak,credit,
pay_5cMAPoT2y1xjbO,payment,0.00,2350.64,2393.00,INR,42.36,6.46,false,true,2026-08-10T13:54:00,2026-08-12T11:00:00,setl_sn8dIxElrcdXiA,HDFCH56408365553,default,pay_5cMAPoT2y1xjbO,order_c39shvTwuoUOaM,,netbanking,,,,
pay_E6oP48hQMLjo0g,payment,0.00,42854.00,42854.00,INR,0.00,0.00,false,true,2026-08-10T13:03:00,2026-08-12T11:00:00,setl_sn8dIxElrcdXiA,HDFCH56408365553,default,pay_E6oP48hQMLjo0g,order_vn2WOMrxJkD9Fa,,upi,,,,
pay_lVa2svkPiIqHtP,payment,0.00,1226.00,1226.00,INR,0.00,0.00,false,true,2026-08-10T11:16:00,2026-08-12T11:00:00,setl_sn8dIxElrcdXiA,HDFCH56408365553,default,pay_lVa2svkPiIqHtP,order_0NUloop1PdM50g,,upi,,,,
pay_3goKuHYQLuw8xM,payment,0.00,4060.00,4060.00,INR,0.00,0.00,false,true,2026-08-10T14:41:00,2026-08-12T11:00:00,setl_sn8dIxElrcdXiA,HDFCH56408365553,default,pay_3goKuHYQLuw8xM,order_zbDUUje4tYEorm,,upi,,,,
pay_r3h5BLJnt3O7Xn,payment,0.00,1214.00,1214.00,INR,0.00,0.00,false,true,2026-08-10T14:42:00,2026-08-12T11:00:00,setl_sn8dIxElrcdXiA,HDFCH56408365553,default,pay_r3h5BLJnt3O7Xn,order_o60TWOKTIi4W5i,,upi,,,,
pay_qVAlrzpnv8EJwS,payment,0.00,1216.00,1216.00,INR,0.00,0.00,false,true,2026-08-10T22:48:00,2026-08-12T11:00:00,setl_sn8dIxElrcdXiA,HDFCH56408365553,default,pay_qVAlrzpnv8EJwS,order_u5DnrA7jXCV6ie,,upi,,,,
pay_PyrXnSxInztk4z,payment,0.00,2244.74,2299.00,INR,54.26,8.28,false,true,2026-08-10T10:45:00,2026-08-12T11:00:00,setl_sn8dIxElrcdXiA,HDFCH56408365553,default,pay_PyrXnSxInztk4z,order_9FqZ6Ozk0VwWnG,,card,Visa,SBI Cards,debit,
pay_1k81egOt6onpfI,payment,0.00,884.00,884.00,INR,0.00,0.00,false,true,2026-08-10T17:11:00,2026-08-12T11:00:00,setl_sn8dIxElrcdXiA,HDFCH56408365553,default,pay_1k81egOt6onpfI,order_O3UUbPSk6MupXG,,upi,,,,
pay_T8Ghhu5m2Qx3oz,payment,0.00,4838.00,4838.00,INR,0.00,0.00,false,true,2026-08-10T11:07:00,2026-08-12T11:00:00,setl_sn8dIxElrcdXiA,HDFCH56408365553,default,pay_T8Ghhu5m2Qx3oz,order_YmqHdM6VUSSPDt,,upi,,,,
pay_MqOPGap8PYi9FE,payment,0.00,1015.00,1015.00,INR,0.00,0.00,false,true,2026-08-10T10:39:00,2026-08-12T11:00:00,setl_sn8dIxElrcdXiA,HDFCH56408365553,default,pay_MqOPGap8PYi9FE,order_ISXm25aYxmj2Pf,,upi,,,,
pay_2o5UvPWQBbgb4b,payment,0.00,5260.84,5388.00,INR,127.16,19.40,false,true,2026-08-10T15:42:00,2026-08-12T11:00:00,setl_sn8dIxElrcdXiA,HDFCH56408365553,default,pay_2o5UvPWQBbgb4b,order_vIsfCWLiXF22ev,,card,Amex,Kotak,credit,
pay_FCtSwCBEfqHrCK,payment,0.00,3645.00,3645.00,INR,0.00,0.00,false,true,2026-08-10T22:18:00,2026-08-12T11:00:00,setl_sn8dIxElrcdXiA,HDFCH56408365553,default,pay_FCtSwCBEfqHrCK,order_BJGu6PrchGJwiK,,upi,,,,
pay_KlUtveRvooFNr1,payment,0.00,26172.00,26172.00,INR,0.00,0.00,false,true,2026-08-10T07:33:00,2026-08-12T11:00:00,setl_sn8dIxElrcdXiA,HDFCH56408365553,default,pay_KlUtveRvooFNr1,order_bu4FzWyN9IqBPZ,,upi,,,,
pay_Y09nX9mhS42YXt,payment,0.00,278.00,278.00,INR,0.00,0.00,false,true,2026-08-10T07:34:00,2026-08-12T11:00:00,setl_sn8dIxElrcdXiA,HDFCH56408365553,default,pay_Y09nX9mhS42YXt,order_YmAOodjjd9NATw,,upi,,,,
pay_l28WpPu9F2AyZh,payment,0.00,3255.00,3255.00,INR,0.00,0.00,false,true,2026-08-10T14:17:00,2026-08-12T11:00:00,setl_sn8dIxElrcdXiA,HDFCH56408365553,default,pay_l28WpPu9F2AyZh,order_mE6AaCMSZW4AHt,,upi,,,,
pay_r5ZZXBxzDitAPp,payment,0.00,16781.39,17187.00,INR,405.61,61.87,false,true,2026-08-10T10:18:00,2026-08-12T11:00:00,setl_sn8dIxElrcdXiA,HDFCH56408365553,default,pay_r5ZZXBxzDitAPp,order_AgcbaRVg2Zwfs7,,card,RuPay,Axis Bank,debit,
pay_EKD9YbfALraccH,payment,0.00,741.00,741.00,INR,0.00,0.00,false,true,2026-08-10T18:15:00,2026-08-12T11:00:00,setl_sn8dIxElrcdXiA,HDFCH56408365553,default,pay_EKD9YbfALraccH,order_UtskvNSjI600jQ,,upi,,,,
pay_sEnwhuuHYn9dEi,payment,0.00,16218.00,16610.00,INR,392.00,59.80,false,true,2026-08-10T19:10:00,2026-08-12T11:00:00,setl_sn8dIxElrcdXiA,HDFCH56408365553,default,pay_sEnwhuuHYn9dEi,order_AZoi8mMCNyATPU,,card,Visa,HDFC Bank,credit,
pay_42PyhVS66ueda5,payment,0.00,2799.34,2867.00,INR,67.66,10.32,false,true,2026-08-10T12:19:00,2026-08-12T11:00:00,setl_sn8dIxElrcdXiA,HDFCH56408365553,default,pay_42PyhVS66ueda5,order_CNMWjTPFjfqPfk,,card,Amex,HDFC Bank,debit,
pay_1vZUFSuLnR2sQF,payment,0.00,7562.00,7562.00,INR,0.00,0.00,false,true,2026-08-10T15:26:00,2026-08-12T11:00:00,setl_sn8dIxElrcdXiA,HDFCH56408365553,default,pay_1vZUFSuLnR2sQF,order_3T4QTjruG5b6Ru,,upi,,,,
pay_rRBTBT469wjek0,payment,0.00,2872.00,2872.00,INR,0.00,0.00,false,true,2026-08-10T22:33:00,2026-08-12T11:00:00,setl_sn8dIxElrcdXiA,HDFCH56408365553,default,pay_rRBTBT469wjek0,order_iCxsMRr2jFWefm,,upi,,,,
pay_QtzqzXkBSxTybv,payment,0.00,4793.15,4909.00,INR,115.85,17.67,false,true,2026-08-10T12:28:00,2026-08-12T11:00:00,setl_sn8dIxElrcdXiA,HDFCH56408365553,default,pay_QtzqzXkBSxTybv,order_VVFJzSvsRlPWJ2,,card,Visa,ICICI Bank,debit,
pay_sgIj66GFBOzpEn,payment,0.00,6112.00,6112.00,INR,0.00,0.00,false,true,2026-08-10T17:15:00,2026-08-12T11:00:00,setl_sn8dIxElrcdXiA,HDFCH56408365553,default,pay_sgIj66GFBOzpEn,order_f5aLZDlMZxHRdM,,upi,,,,
pay_E5QtB3DKDPXm6B,payment,0.00,33590.00,33590.00,INR,0.00,0.00,false,true,2026-08-10T12:44:00,2026-08-12T11:00:00,setl_sn8dIxElrcdXiA,HDFCH56408365553,default,pay_E5QtB3DKDPXm6B,order_WEj4fL3lL2SPYD,,upi,,,,
pay_dfR5dI08haCQ80,payment,0.00,2838.00,2838.00,INR,0.00,0.00,false,true,2026-08-10T07:14:00,2026-08-12T11:00:00,setl_sn8dIxElrcdXiA,HDFCH56408365553,default,pay_dfR5dI08haCQ80,order_8l9Ctb6Vih2azl,,upi,,,,
pay_nD3Z9h3cUrCP5V,payment,0.00,418.91,428.00,INR,9.09,1.39,false,true,2026-08-10T11:34:00,2026-08-12T11:00:00,setl_sn8dIxElrcdXiA,HDFCH56408365553,default,pay_nD3Z9h3cUrCP5V,order_k1fSgW1XC0II2S,,wallet,,,,
pay_dWc4vrMyWP2khw,payment,0.00,963.71,987.00,INR,23.29,3.55,false,true,2026-08-10T16:50:00,2026-08-12T11:00:00,setl_sn8dIxElrcdXiA,HDFCH56408365553,default,pay_dWc4vrMyWP2khw,order_ZwnHmWHdg7OTcK,,card,MasterCard,SBI Cards,credit,
pay_bZrj3fZH2kxdJC,payment,0.00,14414.00,14414.00,INR,0.00,0.00,false,true,2026-08-10T21:09:00,2026-08-12T11:00:00,setl_sn8dIxElrcdXiA,HDFCH56408365553,default,pay_bZrj3fZH2kxdJC,order_v1ZkxoMBh4i4lc,,upi,,,,
pay_xmPGYiBmVJvtDS,payment,0.00,1224.00,1224.00,INR,0.00,0.00,false,true,2026-08-10T09:51:00,2026-08-12T11:00:00,setl_sn8dIxElrcdXiA,HDFCH56408365553,default,pay_xmPGYiBmVJvtDS,order_GRNviTyXjCqjV2,,upi,,,,
pay_6m8hb4bV92gX8B,payment,0.00,891.45,913.00,INR,21.55,3.29,false,true,2026-08-10T08:55:00,2026-08-12T11:00:00,setl_sn8dIxElrcdXiA,HDFCH56408365553,default,pay_6m8hb4bV92gX8B,order_gOtNVXg2S4EGrJ,,card,Visa,Kotak,debit,
pay_NSuo2uqPqmXqp3,payment,0.00,13377.94,13619.00,INR,241.06,36.77,false,true,2026-08-10T15:47:00,2026-08-12T11:00:00,setl_sn8dIxElrcdXiA,HDFCH56408365553,default,pay_NSuo2uqPqmXqp3,order_ZYBw4Wg6p9PXqD,,netbanking,,,,
pay_0DglF3Ac3375s9,payment,0.00,3298.56,3358.00,INR,59.44,9.07,false,true,2026-08-10T19:17:00,2026-08-12T11:00:00,setl_sn8dIxElrcdXiA,HDFCH56408365553,default,pay_0DglF3Ac3375s9,order_VwAsVTrF4CgLC3,,netbanking,,,,
pay_pc0b8pmgdAoRW6,payment,0.00,996.00,996.00,INR,0.00,0.00,false,true,2026-08-10T14:22:00,2026-08-12T11:00:00,setl_sn8dIxElrcdXiA,HDFCH56408365553,default,pay_pc0b8pmgdAoRW6,order_SGYjTSdhs09rEc,,upi,,,,
pay_D22si3Ai6BzVoD,payment,0.00,2434.00,2434.00,INR,0.00,0.00,false,true,2026-08-10T19:19:00,2026-08-12T11:00:00,setl_sn8dIxElrcdXiA,HDFCH56408365553,default,pay_D22si3Ai6BzVoD,order_CYDzaflRyDBkKI,,upi,,,,
pay_NQKJCJF7KcjDcU,payment,0.00,41989.11,43004.00,INR,1014.89,154.81,false,true,2026-08-10T14:22:00,2026-08-12T11:00:00,setl_sn8dIxElrcdXiA,HDFCH56408365553,default,pay_NQKJCJF7KcjDcU,order_VOPe0FLqy34yO7,,card,Amex,SBI Cards,debit,
pay_3nAImQtEGlZELD,payment,0.00,3291.00,3291.00,INR,0.00,0.00,false,true,2026-08-10T16:03:00,2026-08-12T11:00:00,setl_sn8dIxElrcdXiA,HDFCH56408365553,default,pay_3nAImQtEGlZELD,order_jY0RdPBzSCe7xR,,upi,,,,
pay_11qnhleZUuSX3W,payment,0.00,1327.00,1327.00,INR,0.00,0.00,false,true,2026-08-10T14:33:00,2026-08-12T11:00:00,setl_sn8dIxElrcdXiA,HDFCH56408365553,default,pay_11qnhleZUuSX3W,order_EhcVsiSDqZgA6S,,upi,,,,
pay_8OLoo4z8fwR1QG,payment,0.00,6638.00,6638.00,INR,0.00,0.00,false,true,2026-08-10T22:11:00,2026-08-12T11:00:00,setl_sn8dIxElrcdXiA,HDFCH56408365553,default,pay_8OLoo4z8fwR1QG,order_s8T21wIERA0w4z,,upi,,,,
pay_fJ0PdsJozMnHv6,payment,0.00,41354.45,42354.00,INR,999.55,152.47,false,true,2026-08-10T09:58:00,2026-08-12T11:00:00,setl_sn8dIxElrcdXiA,HDFCH56408365553,default,pay_fJ0PdsJozMnHv6,order_3GQotHjLkmgP2a,,card,MasterCard,HDFC Bank,debit,
pay_ySsW6Hlr2jZfZ2,payment,0.00,2880.10,2932.00,INR,51.90,7.92,false,true,2026-08-10T11:53:00,2026-08-12T11:00:00,setl_sn8dIxElrcdXiA,HDFCH56408365553,default,pay_ySsW6Hlr2jZfZ2,order_8OX97uiLWGkPmW,,netbanking,,,,
pay_mPP5JGkJ1gLujA,payment,0.00,600.49,615.00,INR,14.51,2.21,false,true,2026-08-10T08:38:00,2026-08-12T11:00:00,setl_sn8dIxElrcdXiA,HDFCH56408365553,default,pay_mPP5JGkJ1gLujA,order_JfPlsNbEveBSLb,,card,Amex,SBI Cards,debit,
pay_NXrNDCOwL5E6LD,payment,0.00,6461.82,6618.00,INR,156.18,23.82,false,true,2026-08-10T19:13:00,2026-08-12T11:00:00,setl_sn8dIxElrcdXiA,HDFCH56408365553,default,pay_NXrNDCOwL5E6LD,order_CdvuHRywxA7hpP,,card,Visa,HDFC Bank,credit,
pay_NFQAbDiIEc0LXT,payment,0.00,15959.00,15959.00,INR,0.00,0.00,false,true,2026-08-10T18:00:00,2026-08-12T11:00:00,setl_sn8dIxElrcdXiA,HDFCH56408365553,default,pay_NFQAbDiIEc0LXT,order_fFf1zlPJ7VyHJR,,upi,,,,
pay_lzkVNQMkloCEzk,payment,0.00,31269.00,31269.00,INR,0.00,0.00,false,true,2026-08-10T21:12:00,2026-08-12T11:00:00,setl_sn8dIxElrcdXiA,HDFCH56408365553,default,pay_lzkVNQMkloCEzk,order_Ie9bUsDmOprDeN,,upi,,,,
pay_lBska8h5t5excI,payment,0.00,1165.82,1194.00,INR,28.18,4.30,false,true,2026-08-10T11:17:00,2026-08-12T11:00:00,setl_sn8dIxElrcdXiA,HDFCH56408365553,default,pay_lBska8h5t5excI,order_CnTnEXIP6c4nxE,,card,Amex,Axis Bank,credit,
pay_hDIF1viykIJQZG,payment,0.00,8100.00,8100.00,INR,0.00,0.00,false,true,2026-08-10T12:38:00,2026-08-12T11:00:00,setl_sn8dIxElrcdXiA,HDFCH56408365553,default,pay_hDIF1viykIJQZG,order_xRaE4pD9Zt690N,,upi,,,,
pay_a313lgtXmEK5aS,payment,0.00,1415.49,1441.00,INR,25.51,3.89,false,true,2026-08-10T18:42:00,2026-08-12T11:00:00,setl_sn8dIxElrcdXiA,HDFCH56408365553,default,pay_a313lgtXmEK5aS,order_5MOawzZru3kiCx,,netbanking,,,,
pay_14GAYshl1asiu7,payment,0.00,6108.00,6108.00,INR,0.00,0.00,false,true,2026-08-10T08:44:00,2026-08-12T11:00:00,setl_sn8dIxElrcdXiA,HDFCH56408365553,default,pay_14GAYshl1asiu7,order_znGk2mEoGLZfxK,,upi,,,,
pay_02TsUrQlEBkGai,payment,0.00,6961.00,6961.00,INR,0.00,0.00,false,true,2026-08-10T21:17:00,2026-08-12T11:00:00,setl_sn8dIxElrcdXiA,HDFCH56408365553,default,pay_02TsUrQlEBkGai,order_XfWpCp0IWWnv0l,,upi,,,,
pay_ZufyLbfbcHi5Tb,payment,0.00,4463.00,4463.00,INR,0.00,0.00,false,true,2026-08-10T19:48:00,2026-08-12T11:00:00,setl_sn8dIxElrcdXiA,HDFCH56408365553,default,pay_ZufyLbfbcHi5Tb,order_txdbJfBbbTwkoo,,upi,,,,
pay_3LDJk2ppT9xwLw,payment,0.00,4581.00,4581.00,INR,0.00,0.00,false,true,2026-08-10T07:20:00,2026-08-12T11:00:00,setl_sn8dIxElrcdXiA,HDFCH56408365553,default,pay_3LDJk2ppT9xwLw,order_dVxirIXp9F3vRL,,upi,,,,
pay_TredW8Lbjdb2RM,payment,0.00,2453.00,2453.00,INR,0.00,0.00,false,true,2026-08-10T15:16:00,2026-08-12T11:00:00,setl_sn8dIxElrcdXiA,HDFCH56408365553,default,pay_TredW8Lbjdb2RM,order_h9vY9M9txGalz5,,upi,,,,
pay_DR0dxm4c6K5doz,payment,0.00,759.00,759.00,INR,0.00,0.00,false,true,2026-08-10T14:13:00,2026-08-12T11:00:00,setl_sn8dIxElrcdXiA,HDFCH56408365553,default,pay_DR0dxm4c6K5doz,order_d6A13pjeg9Jmja,,upi,,,,
pay_71kFx1wpuAfPja,payment,0.00,37829.00,37829.00,INR,0.00,0.00,false,true,2026-08-10T14:07:00,2026-08-12T11:00:00,setl_sn8dIxElrcdXiA,HDFCH56408365553,default,pay_71kFx1wpuAfPja,order_c1qERQK7YexGj2,,upi,,,,
pay_2aG2Y5OciOa3VK,payment,0.00,1162.00,1162.00,INR,0.00,0.00,false,true,2026-08-10T08:23:00,2026-08-12T11:00:00,setl_sn8dIxElrcdXiA,HDFCH56408365553,default,pay_2aG2Y5OciOa3VK,order_4ZZgwmgUGaZn29,,upi,,,,
pay_S1Snx0i70Uh9fy,payment,0.00,1886.00,1886.00,INR,0.00,0.00,false,true,2026-08-10T14:27:00,2026-08-12T11:00:00,setl_sn8dIxElrcdXiA,HDFCH56408365553,default,pay_S1Snx0i70Uh9fy,order_W8VU8ZWHUY3jmi,,upi,,,,
pay_qWoqVrPQPqtark,payment,0.00,26329.00,26329.00,INR,0.00,0.00,false,true,2026-08-10T07:12:00,2026-08-12T11:00:00,setl_sn8dIxElrcdXiA,HDFCH56408365553,default,pay_qWoqVrPQPqtark,order_JPv61S5Yq8dkri,,upi,,,,
pay_cZJQPndtejXzuH,payment,0.00,1442.02,1468.00,INR,25.98,3.96,false,true,2026-08-10T16:13:00,2026-08-12T11:00:00,setl_sn8dIxElrcdXiA,HDFCH56408365553,default,pay_cZJQPndtejXzuH,order_t1i9K15HWV3gXS,,netbanking,,,,
pay_aQnPeVVf1KXxOX,payment,0.00,6194.28,6344.00,INR,149.72,22.84,false,true,2026-08-10T09:55:00,2026-08-12T11:00:00,setl_sn8dIxElrcdXiA,HDFCH56408365553,default,pay_aQnPeVVf1KXxOX,order_v1H45jEVI4P0fj,,card,RuPay,Kotak,debit,
pay_JK9hFEqKiPXap3,payment,0.00,7029.10,7199.00,INR,169.90,25.92,false,true,2026-08-10T07:19:00,2026-08-12T11:00:00,setl_sn8dIxElrcdXiA,HDFCH56408365553,default,pay_JK9hFEqKiPXap3,order_9vq6M3kDXkUXzv,,card,Amex,SBI Cards,credit,
pay_OwXk0xtTlWwpOh,payment,0.00,4318.62,4423.00,INR,104.38,15.92,false,true,2026-08-10T08:48:00,2026-08-12T11:00:00,setl_sn8dIxElrcdXiA,HDFCH56408365553,default,pay_OwXk0xtTlWwpOh,order_0uoUxzkJ1ONJS9,,card,MasterCard,HDFC Bank,credit,
pay_0vmZQy1tZslI5z,payment,0.00,1733.00,1733.00,INR,0.00,0.00,false,true,2026-08-10T16:29:00,2026-08-12T11:00:00,setl_sn8dIxElrcdXiA,HDFCH56408365553,default,pay_0vmZQy1tZslI5z,order_1Rf5MxXpnMwHXk,,upi,,,,
pay_KN4IsRejQbuqYn,payment,0.00,1861.00,1861.00,INR,0.00,0.00,false,true,2026-08-10T15:55:00,2026-08-12T11:00:00,setl_sn8dIxElrcdXiA,HDFCH56408365553,default,pay_KN4IsRejQbuqYn,order_bHHQjrRl2u1S53,,upi,,,,
pay_aluJvkeT0DkQym,payment,0.00,678.00,678.00,INR,0.00,0.00,false,true,2026-08-10T09:57:00,2026-08-12T11:00:00,setl_sn8dIxElrcdXiA,HDFCH56408365553,default,pay_aluJvkeT0DkQym,order_9klchlOyMMKDMj,,upi,,,,
pay_N6rXsbi5uk6Oa8,payment,0.00,991.13,1009.00,INR,17.87,2.73,false,true,2026-08-10T07:59:00,2026-08-12T11:00:00,setl_sn8dIxElrcdXiA,HDFCH56408365553,default,pay_N6rXsbi5uk6Oa8,order_KkuXKmv391qEZv,,netbanking,,,,
rfnd_ipVCb3MX9CAX3P,refund,11410.00,0.00,11410.00,INR,0.00,0.00,false,true,2026-08-12T09:00:00,2026-08-12T11:00:00,setl_sn8dIxElrcdXiA,HDFCH56408365553,default,pay_wLVCc1O6i98BFu,order_yfv2LYPxORTmZh,,upi,,,,
rfnd_EeYRzRV3uQLUFA,refund,20154.00,0.00,20154.00,INR,0.00,0.00,false,true,2026-08-12T09:00:00,2026-08-12T11:00:00,setl_sn8dIxElrcdXiA,HDFCH56408365553,default,pay_E5QtB3DKDPXm6B,order_WEj4fL3lL2SPYD,,upi,,,,
rfnd_uB6O8LJhxSdDq0,refund,1820.00,0.00,1820.00,INR,0.00,0.00,false,true,2026-08-12T09:00:00,2026-08-12T11:00:00,setl_sn8dIxElrcdXiA,HDFCH56408365553,default,pay_XOR96DDhfbTGiK,order_kFLm4b3dYLjIYb,,card,MasterCard,Axis Bank,debit,
rfnd_axfZu0FMkJimxm,refund,1821.00,0.00,1821.00,INR,0.00,0.00,false,true,2026-08-12T09:00:00,2026-08-12T11:00:00,setl_sn8dIxElrcdXiA,HDFCH56408365553,default,pay_XOR96DDhfbTGiK,order_kFLm4b3dYLjIYb,,card,Amex,Axis Bank,credit,
pay_VnOACmA5ozBEBQ,payment,0.00,14521.00,14521.00,INR,0.00,0.00,false,true,2026-08-11T14:40:00,2026-08-13T11:00:00,setl_JA3s7Iml89eBNJ,UTIBH42474184726,default,pay_VnOACmA5ozBEBQ,order_TpawZfwUkh1lUW,,upi,,,,
pay_NcSYw348AZYUJF,payment,0.00,2326.76,2383.00,INR,56.24,8.58,false,true,2026-08-11T15:12:00,2026-08-13T11:00:00,setl_JA3s7Iml89eBNJ,UTIBH42474184726,default,pay_NcSYw348AZYUJF,order_CRbut3T8MR7nLH,,card,Visa,SBI Cards,debit,
pay_lNaYoFA1FP5wVL,payment,0.00,1443.00,1443.00,INR,0.00,0.00,false,true,2026-08-11T16:06:00,2026-08-13T11:00:00,setl_JA3s7Iml89eBNJ,UTIBH42474184726,default,pay_lNaYoFA1FP5wVL,order_thZpNbVAyJCPyA,,upi,,,,
pay_i56au1hnPEn7gn,payment,0.00,529.00,529.00,INR,0.00,0.00,false,true,2026-08-11T07:02:00,2026-08-13T11:00:00,setl_JA3s7Iml89eBNJ,UTIBH42474184726,default,pay_i56au1hnPEn7gn,order_gCBK0zBGo9sNd5,,upi,,,,
pay_nrcouVAy2ElkEo,payment,0.00,27104.00,27104.00,INR,0.00,0.00,false,true,2026-08-11T15:34:00,2026-08-13T11:00:00,setl_JA3s7Iml89eBNJ,UTIBH42474184726,default,pay_nrcouVAy2ElkEo,order_nUpTEIspLuTsUm,,upi,,,,
pay_WpL0wMiKD9V6Pj,payment,0.00,497.00,497.00,INR,0.00,0.00,false,true,2026-08-11T07:09:00,2026-08-13T11:00:00,setl_JA3s7Iml89eBNJ,UTIBH42474184726,default,pay_WpL0wMiKD9V6Pj,order_tKKuAFheW4pwaK,,upi,,,,
pay_f7DmYZt27mdp3B,payment,0.00,728.00,728.00,INR,0.00,0.00,false,true,2026-08-11T19:44:00,2026-08-13T11:00:00,setl_JA3s7Iml89eBNJ,UTIBH42474184726,default,pay_f7DmYZt27mdp3B,order_QcG5ccc5UGfioz,,upi,,,,
pay_NO5Y8OqE8mrFLN,payment,0.00,1715.10,1746.00,INR,30.90,4.71,false,true,2026-08-11T17:38:00,2026-08-13T11:00:00,setl_JA3s7Iml89eBNJ,UTIBH42474184726,default,pay_NO5Y8OqE8mrFLN,order_8EYeG27czGAZ3x,,netbanking,,,,
pay_In2QsWJY8fOaYI,payment,0.00,26415.00,26415.00,INR,0.00,0.00,false,true,2026-08-11T17:42:00,2026-08-13T11:00:00,setl_JA3s7Iml89eBNJ,UTIBH42474184726,default,pay_In2QsWJY8fOaYI,order_qcXv0CzKs1n90f,,upi,,,,
pay_9oicviAdNZ28R6,payment,0.00,1363.00,1363.00,INR,0.00,0.00,false,true,2026-08-11T16:18:00,2026-08-13T11:00:00,setl_JA3s7Iml89eBNJ,UTIBH42474184726,default,pay_9oicviAdNZ28R6,order_MAUAj2QcFOshHH,,upi,,,,
pay_rcRDPekJJAVtwW,payment,0.00,28791.21,29310.00,INR,518.79,79.14,false,true,2026-08-11T10:49:00,2026-08-13T11:00:00,setl_JA3s7Iml89eBNJ,UTIBH42474184726,default,pay_rcRDPekJJAVtwW,order_A7LgjMjDrPPoUS,,netbanking,,,,
pay_gqdNdWtOIO5ly6,payment,0.00,6973.45,7142.00,INR,168.55,25.71,false,true,2026-08-11T13:39:00,2026-08-13T11:00:00,setl_JA3s7Iml89eBNJ,UTIBH42474184726,default,pay_gqdNdWtOIO5ly6,order_LQtdEVdsHGbI2N,,card,RuPay,Kotak,debit,
pay_Ls3Hl5EVkVIs5U,payment,0.00,40664.54,41547.00,INR,882.46,134.61,false,true,2026-08-11T20:31:00,2026-08-13T11:00:00,setl_JA3s7Iml89eBNJ,UTIBH42474184726,default,pay_Ls3Hl5EVkVIs5U,order_EBft0rBoIdUnDG,,wallet,,,,
pay_yUiV4wWggAHy1X,payment,0.00,33362.61,34169.00,INR,806.39,123.01,false,true,2026-08-11T14:02:00,2026-08-13T11:00:00,setl_JA3s7Iml89eBNJ,UTIBH42474184726,default,pay_yUiV4wWggAHy1X,order_w1xSi5nKHJsWys,,card,MasterCard,Kotak,debit,
pay_ZB77mMLlt5kxN0,payment,0.00,2798.00,2798.00,INR,0.00,0.00,false,true,2026-08-11T18:35:00,2026-08-13T11:00:00,setl_JA3s7Iml89eBNJ,UTIBH42474184726,default,pay_ZB77mMLlt5kxN0,order_h0Ys8zS5C7vNKE,,upi,,,,
pay_6NsgxuxHeDRrlL,payment,0.00,322.00,322.00,INR,0.00,0.00,false,true,2026-08-11T12:38:00,2026-08-13T11:00:00,setl_JA3s7Iml89eBNJ,UTIBH42474184726,default,pay_6NsgxuxHeDRrlL,order_zILN796KRfdZYN,,upi,,,,
pay_5DHX0wNu5o9vxN,payment,0.00,20549.31,21046.00,INR,496.69,75.77,false,true,2026-08-11T18:22:00,2026-08-13T11:00:00,setl_JA3s7Iml89eBNJ,UTIBH42474184726,default,pay_5DHX0wNu5o9vxN,order_OTbETFaKgN0OJs,,card,MasterCard,SBI Cards,credit,
pay_ziVNCC2z5sUbrC,payment,0.00,11143.65,11413.00,INR,269.35,41.09,false,true,2026-08-11T14:31:00,2026-08-13T11:00:00,setl_JA3s7Iml89eBNJ,UTIBH42474184726,default,pay_ziVNCC2z5sUbrC,order_4s6SHsf188kdto,,card,Visa,HDFC Bank,credit,
pay_x2Cp7FnCJQiy0O,payment,0.00,160.00,160.00,INR,0.00,0.00,false,true,2026-08-11T14:51:00,2026-08-13T11:00:00,setl_JA3s7Iml89eBNJ,UTIBH42474184726,default,pay_x2Cp7FnCJQiy0O,order_p0jkVPc347aW8D,,upi,,,,
pay_PI8E3ucOFtj4Qw,payment,0.00,245.00,245.00,INR,0.00,0.00,false,true,2026-08-11T08:31:00,2026-08-13T11:00:00,setl_JA3s7Iml89eBNJ,UTIBH42474184726,default,pay_PI8E3ucOFtj4Qw,order_4NATr8boE8SwAr,,upi,,,,
pay_QfENq5ICr58MfG,payment,0.00,1179.41,1205.00,INR,25.59,3.90,false,true,2026-08-11T07:38:00,2026-08-13T11:00:00,setl_JA3s7Iml89eBNJ,UTIBH42474184726,default,pay_QfENq5ICr58MfG,order_rvLYqZtBywZr78,,wallet,,,,
pay_LvYodIiGiSFpPd,payment,0.00,7170.00,7170.00,INR,0.00,0.00,false,true,2026-08-11T15:22:00,2026-08-13T11:00:00,setl_JA3s7Iml89eBNJ,UTIBH42474184726,default,pay_LvYodIiGiSFpPd,order_KRakjOCRkcNGWj,,upi,,,,
pay_dYluQabLsR8Pld,payment,0.00,986.00,986.00,INR,0.00,0.00,false,true,2026-08-11T17:23:00,2026-08-13T11:00:00,setl_JA3s7Iml89eBNJ,UTIBH42474184726,default,pay_dYluQabLsR8Pld,order_CmJ24YNFvhubYc,,upi,,,,
pay_KYrafPCo42DqxY,payment,0.00,710.20,723.00,INR,12.80,1.95,false,true,2026-08-11T15:47:00,2026-08-13T11:00:00,setl_JA3s7Iml89eBNJ,UTIBH42474184726,default,pay_KYrafPCo42DqxY,order_9RRCHzmYjRYH0f,,netbanking,,,,
pay_KEgX7AgIi3vsUp,payment,0.00,20092.00,20092.00,INR,0.00,0.00,false,true,2026-08-11T19:48:00,2026-08-13T11:00:00,setl_JA3s7Iml89eBNJ,UTIBH42474184726,default,pay_KEgX7AgIi3vsUp,order_Q5RIzTdGwJdLg6,,upi,,,,
pay_KwxkhHKLT10ov7,payment,0.00,7002.05,7154.00,INR,151.95,23.18,false,true,2026-08-11T12:58:00,2026-08-13T11:00:00,setl_JA3s7Iml89eBNJ,UTIBH42474184726,default,pay_KwxkhHKLT10ov7,order_e6WhyiuHvLtGlM,,wallet,,,,
pay_O3rExkGVi4gkEA,payment,0.00,1335.03,1364.00,INR,28.97,4.42,false,true,2026-08-11T22:49:00,2026-08-13T11:00:00,setl_JA3s7Iml89eBNJ,UTIBH42474184726,default,pay_O3rExkGVi4gkEA,order_iE78VdupP3aAp9,,wallet,,,,
pay_9g0UCNhS97dUFv,payment,0.00,10413.31,10665.00,INR,251.69,38.39,false,true,2026-08-11T09:21:00,2026-08-13T11:00:00,setl_JA3s7Iml89eBNJ,UTIBH42474184726,default,pay_9g0UCNhS97dUFv,order_2LXYmXrxhB3jVV,,card,Amex,Axis Bank,credit,
pay_m1SSyypTxo0xiw,payment,0.00,1183.40,1212.00,INR,28.60,4.36,false,true,2026-08-11T11:01:00,2026-08-13T11:00:00,setl_JA3s7Iml89eBNJ,UTIBH42474184726,default,pay_m1SSyypTxo0xiw,order_1G0YPZve8LCWzH,,card,RuPay,Axis Bank,debit,
pay_DuoVGLfd0STTyp,payment,0.00,734.00,734.00,INR,0.00,0.00,false,true,2026-08-11T20:28:00,2026-08-13T11:00:00,setl_JA3s7Iml89eBNJ,UTIBH42474184726,default,pay_DuoVGLfd0STTyp,order_PiIpOXeAHrQcLr,,upi,,,,
pay_s4uRjF4zXLmPIm,payment,0.00,99.00,99.00,INR,0.00,0.00,false,true,2026-08-11T21:21:00,2026-08-13T11:00:00,setl_JA3s7Iml89eBNJ,UTIBH42474184726,default,pay_s4uRjF4zXLmPIm,order_5nDlrSyH2MuJZD,,upi,,,,
pay_0CwR83GnEpdQAg,payment,0.00,1065.00,1065.00,INR,0.00,0.00,false,true,2026-08-11T16:10:00,2026-08-13T11:00:00,setl_JA3s7Iml89eBNJ,UTIBH42474184726,default,pay_0CwR83GnEpdQAg,order_owqGmaspPNg1wi,,upi,,,,
pay_Mnf1GqHEQE7WFE,payment,0.00,12689.00,12689.00,INR,0.00,0.00,false,true,2026-08-11T09:42:00,2026-08-13T11:00:00,setl_JA3s7Iml89eBNJ,UTIBH42474184726,default,pay_Mnf1GqHEQE7WFE,order_aK7d2kXfiLp0gV,,upi,,,,
pay_Id2LuAl1lpVo6U,payment,0.00,18044.00,18044.00,INR,0.00,0.00,false,true,2026-08-11T11:48:00,2026-08-13T11:00:00,setl_JA3s7Iml89eBNJ,UTIBH42474184726,default,pay_Id2LuAl1lpVo6U,order_GuqQsB3swGLJY7,,upi,,,,
pay_FMptdSM31K4XFc,payment,0.00,390.56,400.00,INR,9.44,1.44,false,true,2026-08-11T14:51:00,2026-08-13T11:00:00,setl_JA3s7Iml89eBNJ,UTIBH42474184726,default,pay_FMptdSM31K4XFc,order_kfPFeKy4PnQH7X,,card,Visa,Kotak,debit,
pay_Nyq9DOSnNkbrG2,payment,0.00,27542.00,27542.00,INR,0.00,0.00,false,true,2026-08-11T21:38:00,2026-08-13T11:00:00,setl_JA3s7Iml89eBNJ,UTIBH42474184726,default,pay_Nyq9DOSnNkbrG2,order_Qt1mC65bDrebX4,,upi,,,,
pay_hFJYF7DyIdDsMA,payment,0.00,717.65,735.00,INR,17.35,2.65,false,true,2026-08-11T11:35:00,2026-08-13T11:00:00,setl_JA3s7Iml89eBNJ,UTIBH42474184726,default,pay_hFJYF7DyIdDsMA,order_hXB17ZBAfssmsO,,card,MasterCard,SBI Cards,debit,
pay_TFiihFreCAykJd,payment,0.00,845.56,866.00,INR,20.44,3.12,false,true,2026-08-11T10:32:00,2026-08-13T11:00:00,setl_JA3s7Iml89eBNJ,UTIBH42474184726,default,pay_TFiihFreCAykJd,order_KOTHfiAPfjGiEP,,card,RuPay,SBI Cards,credit,
pay_RdHVL8bNoXWFKg,payment,0.00,816.00,816.00,INR,0.00,0.00,false,true,2026-08-11T11:51:00,2026-08-13T11:00:00,setl_JA3s7Iml89eBNJ,UTIBH42474184726,default,pay_RdHVL8bNoXWFKg,order_ciyJs9id7G2u4s,,upi,,,,
pay_Mh87q41CHslVrL,payment,0.00,10140.00,10140.00,INR,0.00,0.00,false,true,2026-08-11T13:52:00,2026-08-13T11:00:00,setl_JA3s7Iml89eBNJ,UTIBH42474184726,default,pay_Mh87q41CHslVrL,order_tTugNnrr1qei61,,upi,,,,
pay_roM3xnjHWCrqwK,payment,0.00,1032.05,1057.00,INR,24.95,3.81,false,true,2026-08-11T18:33:00,2026-08-13T11:00:00,setl_JA3s7Iml89eBNJ,UTIBH42474184726,default,pay_roM3xnjHWCrqwK,order_BzvpdDkcp2BSde,,card,RuPay,Kotak,debit,
pay_Fc5ysSFWKpx7hx,payment,0.00,392.00,392.00,INR,0.00,0.00,false,true,2026-08-11T18:22:00,2026-08-13T11:00:00,setl_JA3s7Iml89eBNJ,UTIBH42474184726,default,pay_Fc5ysSFWKpx7hx,order_O69BpTqe52Uclw,,upi,,,,
pay_CDRgLcuxIVsRXF,payment,0.00,1150.00,1150.00,INR,0.00,0.00,false,true,2026-08-11T10:01:00,2026-08-13T11:00:00,setl_JA3s7Iml89eBNJ,UTIBH42474184726,default,pay_CDRgLcuxIVsRXF,order_9PRcfN2BkBJfAH,,upi,,,,
pay_5ajUiycTPoHmxK,payment,0.00,43530.00,43530.00,INR,0.00,0.00,false,true,2026-08-11T19:03:00,2026-08-13T11:00:00,setl_JA3s7Iml89eBNJ,UTIBH42474184726,default,pay_5ajUiycTPoHmxK,order_obNmRyTU7N5P5j,,upi,,,,
pay_pKDmzsEJpbDPR5,payment,0.00,14019.39,14272.00,INR,252.61,38.53,false,true,2026-08-11T19:18:00,2026-08-13T11:00:00,setl_JA3s7Iml89eBNJ,UTIBH42474184726,default,pay_pKDmzsEJpbDPR5,order_pBTdo0FU84LHjD,,netbanking,,,,
pay_jDA0O410Hy30R1,payment,0.00,42025.23,43041.00,INR,1015.77,154.95,false,true,2026-08-11T09:16:00,2026-08-13T11:00:00,setl_JA3s7Iml89eBNJ,UTIBH42474184726,default,pay_jDA0O410Hy30R1,order_7ZETyN9bDWU2bh,,card,Amex,HDFC Bank,debit,
pay_S9l9aifgIdJTv4,payment,0.00,448.17,459.00,INR,10.83,1.65,false,true,2026-08-11T20:57:00,2026-08-13T11:00:00,setl_JA3s7Iml89eBNJ,UTIBH42474184726,default,pay_S9l9aifgIdJTv4,order_K2CsLj6w4YIofq,,card,Amex,Axis Bank,credit,
pay_LAPzoEcRChUcxo,payment,0.00,6694.00,6694.00,INR,0.00,0.00,false,true,2026-08-11T19:00:00,2026-08-13T11:00:00,setl_JA3s7Iml89eBNJ,UTIBH42474184726,default,pay_LAPzoEcRChUcxo,order_kCtE9my9gOOl7x,,upi,,,,
pay_LxaWWRy49ZjW4B,payment,0.00,1429.00,1429.00,INR,0.00,0.00,false,true,2026-08-11T22:24:00,2026-08-13T11:00:00,setl_JA3s7Iml89eBNJ,UTIBH42474184726,default,pay_LxaWWRy49ZjW4B,order_DWKCx62FsDS6dK,,upi,,,,
pay_fViqkMFyfiTAF2,payment,0.00,6241.53,6354.00,INR,112.47,17.16,false,true,2026-08-11T16:01:00,2026-08-13T11:00:00,setl_JA3s7Iml89eBNJ,UTIBH42474184726,default,pay_fViqkMFyfiTAF2,order_B28FWb6u3TuFzT,,netbanking,,,,
pay_n6wrTSjviI1uSi,payment,0.00,17667.96,18095.00,INR,427.04,65.14,false,true,2026-08-11T16:20:00,2026-08-13T11:00:00,setl_JA3s7Iml89eBNJ,UTIBH42474184726,default,pay_n6wrTSjviI1uSi,order_JcU43szj34zjuP,,card,Visa,Axis Bank,credit,
pay_eMd8aIkZMEAFBf,payment,0.00,644.00,644.00,INR,0.00,0.00,false,true,2026-08-11T12:22:00,2026-08-13T11:00:00,setl_JA3s7Iml89eBNJ,UTIBH42474184726,default,pay_eMd8aIkZMEAFBf,order_aFbxYCbfKFOGQK,,upi,,,,
pay_IodqaeTWnDaevE,payment,0.00,1249.00,1249.00,INR,0.00,0.00,false,true,2026-08-11T10:02:00,2026-08-13T11:00:00,setl_JA3s7Iml89eBNJ,UTIBH42474184726,default,pay_IodqaeTWnDaevE,order_EFMHlORDycsneN,,upi,,,,
rfnd_pwVbD9DXtvWGhA,refund,33739.00,0.00,33739.00,INR,0.00,0.00,false,true,2026-08-13T09:00:00,2026-08-13T11:00:00,setl_JA3s7Iml89eBNJ,UTIBH42474184726,default,pay_2HWsQcGqoKKnnI,,,upi,,,,
rfnd_y2lUlQt7blj3rR,refund,769.00,0.00,769.00,INR,0.00,0.00,false,true,2026-08-13T09:00:00,2026-08-13T11:00:00,setl_JA3s7Iml89eBNJ,UTIBH42474184726,default,pay_bFVF9Ja2tSNtBC,order_VTc14J8TCgsZpW,,upi,,,,
rfnd_lJzNyIcm7Zb7Ti,refund,5106.00,0.00,5106.00,INR,0.00,0.00,false,true,2026-08-13T09:00:00,2026-08-13T11:00:00,setl_JA3s7Iml89eBNJ,UTIBH42474184726,default,pay_9jjv9y8MoKyeLF,order_x1jpPZpcYRTj9z,,upi,,,,
rfnd_wsGpARM8PEhR69,refund,1212.00,0.00,1212.00,INR,0.00,0.00,false,true,2026-08-13T09:00:00,2026-08-13T11:00:00,setl_JA3s7Iml89eBNJ,UTIBH42474184726,default,pay_16XaMZhJGoxKEy,,,card,MasterCard,ICICI Bank,debit,
rfnd_QUoaZDIY46pBIL,refund,996.00,0.00,996.00,INR,0.00,0.00,false,true,2026-08-13T09:00:00,2026-08-13T11:00:00,setl_JA3s7Iml89eBNJ,UTIBH42474184726,default,pay_1idOWcvmEdkJMC,,,upi,,,,
rfnd_FEMG3RilPgZb0W,refund,9665.00,0.00,9665.00,INR,0.00,0.00,false,true,2026-08-13T09:00:00,2026-08-13T11:00:00,setl_JA3s7Iml89eBNJ,UTIBH42474184726,default,pay_exEK4b3yLFsbIf,order_VyotZ38v1fjX2F,,upi,,,,
rfnd_8Ok90pkZwFTMhp,refund,9665.00,0.00,9665.00,INR,0.00,0.00,false,true,2026-08-13T09:00:00,2026-08-13T11:00:00,setl_JA3s7Iml89eBNJ,UTIBH42474184726,default,pay_exEK4b3yLFsbIf,order_VyotZ38v1fjX2F,,upi,,,,
pay_vuS9sAgZDnKaqJ,payment,0.00,6678.58,6840.00,INR,161.42,24.62,false,true,2026-08-12T18:28:00,2026-08-14T11:00:00,setl_jo8QbtZx3MCw6d,HDFCH15134125313,default,pay_vuS9sAgZDnKaqJ,order_gRiKBRoh45VYHO,,card,RuPay,Kotak,credit,
pay_UhoYRJ3Nagaivl,payment,0.00,789.00,789.00,INR,0.00,0.00,false,true,2026-08-12T17:01:00,2026-08-14T11:00:00,setl_jo8QbtZx3MCw6d,HDFCH15134125313,default,pay_UhoYRJ3Nagaivl,order_gdpm74fuYD4hMJ,,upi,,,,
pay_LdPK03e70YYuU8,payment,0.00,29692.32,30410.00,INR,717.68,109.48,false,true,2026-08-12T14:42:00,2026-08-14T11:00:00,setl_jo8QbtZx3MCw6d,HDFCH15134125313,default,pay_LdPK03e70YYuU8,order_ac4QnHsQrCSa7i,,card,Visa,ICICI Bank,debit,
pay_IPvyKhVao8UqpP,payment,0.00,643.40,655.00,INR,11.60,1.77,false,true,2026-08-12T12:34:00,2026-08-14T11:00:00,setl_jo8QbtZx3MCw6d,HDFCH15134125313,default,pay_IPvyKhVao8UqpP,order_UDUQbZXYHxhimZ,,netbanking,,,,
pay_PjGDIjVzJJOuPm,payment,0.00,744.00,744.00,INR,0.00,0.00,false,true,2026-08-12T07:11:00,2026-08-14T11:00:00,setl_jo8QbtZx3MCw6d,HDFCH15134125313,default,pay_PjGDIjVzJJOuPm,order_roIIJxeWd1Pkio,,upi,,,,
pay_obRhZ1oJIR14o9,payment,0.00,6828.00,6828.00,INR,0.00,0.00,false,true,2026-08-12T16:06:00,2026-08-14T11:00:00,setl_jo8QbtZx3MCw6d,HDFCH15134125313,default,pay_obRhZ1oJIR14o9,order_IooLoK3IWhfcTm,,upi,,,,
pay_gEU4NO5zgD9ynO,payment,0.00,8844.00,8844.00,INR,0.00,0.00,false,true,2026-08-12T09:54:00,2026-08-14T11:00:00,setl_jo8QbtZx3MCw6d,HDFCH15134125313,default,pay_gEU4NO5zgD9ynO,order_Yo44SEHfVYyKNJ,,upi,,,,
pay_oxoIFthAnH27ez,payment,0.00,40378.05,41354.00,INR,975.95,148.87,false,true,2026-08-12T14:34:00,2026-08-14T11:00:00,setl_jo8QbtZx3MCw6d,HDFCH15134125313,default,pay_oxoIFthAnH27ez,order_39zZav3NcAPP3J,,card,RuPay,Axis Bank,credit,
pay_TlRlxSffDGZqwM,payment,0.00,24402.30,24842.00,INR,439.70,67.07,false,true,2026-08-12T08:35:00,2026-08-14T11:00:00,setl_jo8QbtZx3MCw6d,HDFCH15134125313,default,pay_TlRlxSffDGZqwM,order_oro9rooevZlnuN,,netbanking,,,,
pay_gkDoN74Qg639GE,payment,0.00,184.99,189.00,INR,4.01,0.61,false,true,2026-08-12T21:31:00,2026-08-14T11:00:00,setl_jo8QbtZx3MCw6d,HDFCH15134125313,default,pay_gkDoN74Qg639GE,order_OpjwLKibTigqI8,,wallet,,,,
pay_yUG7QdztCifpgz,payment,0.00,36224.00,36224.00,INR,0.00,0.00,false,true,2026-08-12T10:07:00,2026-08-14T11:00:00,setl_jo8QbtZx3MCw6d,HDFCH15134125313,default,pay_yUG7QdztCifpgz,order_is6ZkxF2EQ2SiD,,upi,,,,
pay_eNyXRV5TBKX3yi,payment,0.00,858.53,874.00,INR,15.47,2.36,false,true,2026-08-12T19:04:00,2026-08-14T11:00:00,setl_jo8QbtZx3MCw6d,HDFCH15134125313,default,pay_eNyXRV5TBKX3yi,order_2N2q6epcaW4zhv,,netbanking,,,,
pay_WTIsnbKMrGkHeU,payment,0.00,4147.00,4147.00,INR,0.00,0.00,false,true,2026-08-12T09:04:00,2026-08-14T11:00:00,setl_jo8QbtZx3MCw6d,HDFCH15134125313,default,pay_WTIsnbKMrGkHeU,order_crp4S9UWCKs1ir,,upi,,,,
pay_CE4kF1CLxjLYx0,payment,0.00,23732.00,23732.00,INR,0.00,0.00,false,true,2026-08-12T07:08:00,2026-08-14T11:00:00,setl_jo8QbtZx3MCw6d,HDFCH15134125313,default,pay_CE4kF1CLxjLYx0,order_wt5dgheN1Yqpuf,,upi,,,,
pay_cHf1WSRT6f886Y,payment,0.00,31209.00,31209.00,INR,0.00,0.00,false,true,2026-08-12T07:57:00,2026-08-14T11:00:00,setl_jo8QbtZx3MCw6d,HDFCH15134125313,default,pay_cHf1WSRT6f886Y,order_1EBpEBxgD2PXb1,,upi,,,,
pay_jHvLPLebAO44ay,payment,0.00,3813.82,3906.00,INR,92.18,14.06,false,true,2026-08-12T14:10:00,2026-08-14T11:00:00,setl_jo8QbtZx3MCw6d,HDFCH15134125313,default,pay_jHvLPLebAO44ay,order_WkA96vyOLtMG3M,,card,MasterCard,Kotak,credit,
pay_Azg7MaQLeWe9Zs,payment,0.00,4638.35,4739.00,INR,100.65,15.35,false,true,2026-08-12T16:07:00,2026-08-14T11:00:00,setl_jo8QbtZx3MCw6d,HDFCH15134125313,default,pay_Azg7MaQLeWe9Zs,order_8Hs1V9OD7NH0BE,,wallet,,,,
pay_RXzo8ys8DspWk5,payment,0.00,3768.00,3768.00,INR,0.00,0.00,false,true,2026-08-12T21:25:00,2026-08-14T11:00:00,setl_jo8QbtZx3MCw6d,HDFCH15134125313,default,pay_RXzo8ys8DspWk5,order_qwBulf1323IvpW,,upi,,,,
pay_0jwgLgjXZZXdJH,payment,0.00,162.47,166.00,INR,3.53,0.54,false,true,2026-08-12T22:32:00,2026-08-14T11:00:00,setl_jo8QbtZx3MCw6d,HDFCH15134125313,default,pay_0jwgLgjXZZXdJH,order_UE1Icc2vmWjGxF,,wallet,,,,
pay_MYeecuclrPqP8t,payment,0.00,2684.00,2684.00,INR,0.00,0.00,false,true,2026-08-12T21:05:00,2026-08-14T11:00:00,setl_jo8QbtZx3MCw6d,HDFCH15134125313,default,pay_MYeecuclrPqP8t,order_5B4mBE61rv8gwc,,upi,,,,
pay_7d595bPXXAKuBo,payment,0.00,615.13,630.00,INR,14.87,2.27,false,true,2026-08-12T07:43:00,2026-08-14T11:00:00,setl_jo8QbtZx3MCw6d,HDFCH15134125313,default,pay_7d595bPXXAKuBo,order_hbUJEngSYBpyto,,card,MasterCard,Kotak,credit,
pay_MhSVtFAPWkw5OD,payment,0.00,779.00,779.00,INR,0.00,0.00,false,true,2026-08-12T13:19:00,2026-08-14T11:00:00,setl_jo8QbtZx3MCw6d,HDFCH15134125313,default,pay_MhSVtFAPWkw5OD,order_inv7pwk53gp2IF,,upi,,,,
pay_EQROAMuu9STVEw,payment,0.00,43044.59,44085.00,INR,1040.41,158.71,false,true,2026-08-12T12:04:00,2026-08-14T11:00:00,setl_jo8QbtZx3MCw6d,HDFCH15134125313,default,pay_EQROAMuu9STVEw,order_Pwgm51j94toAKo,,card,Visa,HDFC Bank,credit,
pay_iPVOqXOaH76Mhb,payment,0.00,14683.00,14683.00,INR,0.00,0.00,false,true,2026-08-12T09:42:00,2026-08-14T11:00:00,setl_jo8QbtZx3MCw6d,HDFCH15134125313,default,pay_iPVOqXOaH76Mhb,order_GpKxXMH0MqBb4j,,upi,,,,
pay_bFVF9Ja2tSNtBC,payment,0.00,769.00,769.00,INR,0.00,0.00,false,true,2026-08-12T18:44:00,2026-08-14T11:00:00,setl_jo8QbtZx3MCw6d,HDFCH15134125313,default,pay_bFVF9Ja2tSNtBC,order_VTc14J8TCgsZpW,,upi,,,,
pay_QCUqhzna4RCWAN,payment,0.00,946.13,969.00,INR,22.87,3.49,false,true,2026-08-12T10:29:00,2026-08-14T11:00:00,setl_jo8QbtZx3MCw6d,HDFCH15134125313,default,pay_QCUqhzna4RCWAN,order_npPlwCQdSLvpoC,,card,RuPay,Kotak,debit,
pay_lSZq6RRt3QBt9W,payment,0.00,2436.10,2480.00,INR,43.90,6.70,false,true,2026-08-12T15:16:00,2026-08-14T11:00:00,setl_jo8QbtZx3MCw6d,HDFCH15134125313,default,pay_lSZq6RRt3QBt9W,order_EeTY5aIcxSp1ec,,netbanking,,,,
pay_4XcDydscZoSxeB,payment,0.00,9204.15,9370.00,INR,165.85,25.30,false,true,2026-08-12T08:29:00,2026-08-14T11:00:00,setl_jo8QbtZx3MCw6d,HDFCH15134125313,default,pay_4XcDydscZoSxeB,order_pYEP3gMtIJAn9e,,netbanking,,,,
pay_V3rpbTHLVtKXyq,payment,0.00,162.47,166.00,INR,3.53,0.54,false,true,2026-08-12T21:58:00,2026-08-14T11:00:00,setl_jo8QbtZx3MCw6d,HDFCH15134125313,default,pay_V3rpbTHLVtKXyq,order_wrizwJcgFgupii,,wallet,,,,
pay_ZRwGed3Ka87LA8,payment,0.00,11971.00,11971.00,INR,0.00,0.00,false,true,2026-08-12T15:37:00,2026-08-14T11:00:00,setl_jo8QbtZx3MCw6d,HDFCH15134125313,default,pay_ZRwGed3Ka87LA8,order_nhp3TSk8lxFw73,,upi,,,,
pay_SvVG4jORDZEO9p,payment,0.00,2702.00,2702.00,INR,0.00,0.00,false,true,2026-08-12T21:33:00,2026-08-14T11:00:00,setl_jo8QbtZx3MCw6d,HDFCH15134125313,default,pay_SvVG4jORDZEO9p,order_v3VtzZbD1pE719,,upi,,,,
pay_CMwOkKsskQ9UFl,payment,0.00,7075.00,7075.00,INR,0.00,0.00,false,true,2026-08-12T14:55:00,2026-08-14T11:00:00,setl_jo8QbtZx3MCw6d,HDFCH15134125313,default,pay_CMwOkKsskQ9UFl,order_hGWAfSF22aUmSk,,upi,,,,
pay_PRPAZSQLIsMyPK,payment,0.00,430.00,430.00,INR,0.00,0.00,false,true,2026-08-12T12:25:00,2026-08-14T11:00:00,setl_jo8QbtZx3MCw6d,HDFCH15134125313,default,pay_PRPAZSQLIsMyPK,order_g0ikOotxWNvq91,,upi,,,,
pay_eegPPVikleQtkY,payment,0.00,1049.10,1068.00,INR,18.90,2.88,false,true,2026-08-12T17:38:00,2026-08-14T11:00:00,setl_jo8QbtZx3MCw6d,HDFCH15134125313,default,pay_eegPPVikleQtkY,order_E6vMX96vXiAxxS,,netbanking,,,,
pay_qH0m9p0FNt59dl,payment,0.00,7019.00,7019.00,INR,0.00,0.00,false,true,2026-08-12T14:41:00,2026-08-14T11:00:00,setl_jo8QbtZx3MCw6d,HDFCH15134125313,default,pay_qH0m9p0FNt59dl,order_3Li1zSLJbXNYLA,,upi,,,,
pay_9jjv9y8MoKyeLF,payment,0.00,5106.00,5106.00,INR,0.00,0.00,false,true,2026-08-12T11:01:00,2026-08-14T11:00:00,setl_jo8QbtZx3MCw6d,HDFCH15134125313,default,pay_9jjv9y8MoKyeLF,order_x1jpPZpcYRTj9z,,upi,,,,
pay_xR0doRS5zue8Xy,payment,0.00,11128.00,11128.00,INR,0.00,0.00,false,true,2026-08-12T17:16:00,2026-08-14T11:00:00,setl_jo8QbtZx3MCw6d,HDFCH15134125313,default,pay_xR0doRS5zue8Xy,order_tnip92oq63Mkq6,,upi,,,,
pay_4YgYJaes7cMLnh,payment,0.00,8614.00,8614.00,INR,0.00,0.00,false,true,2026-08-12T13:36:00,2026-08-14T11:00:00,setl_jo8QbtZx3MCw6d,HDFCH15134125313,default,pay_4YgYJaes7cMLnh,order_121x4GRgxt2cQp,,upi,,,,
pay_SFGLXBQi22l9Sw,payment,0.00,26738.71,27385.00,INR,646.29,98.59,false,true,2026-08-12T11:13:00,2026-08-14T11:00:00,setl_jo8QbtZx3MCw6d,HDFCH15134125313,default,pay_SFGLXBQi22l9Sw,order_7nOnsUqi8knm6r,,card,Visa,HDFC Bank,debit,
pay_SzokOwqFV7Fjkd,payment,0.00,5426.00,5426.00,INR,0.00,0.00,false,true,2026-08-12T14:23:00,2026-08-14T11:00:00,setl_jo8QbtZx3MCw6d,HDFCH15134125313,default,pay_SzokOwqFV7Fjkd,order_CS6LPCEAhp5bBO,,upi,,,,
pay_kEZgAKygtUJbsT,payment,0.00,5577.20,5712.00,INR,134.80,20.56,false,true,2026-08-12T11:11:00,2026-08-14T11:00:00,setl_jo8QbtZx3MCw6d,HDFCH15134125313,default,pay_kEZgAKygtUJbsT,order_n27W9nvCczj6NW,,card,MasterCard,Kotak,credit,
pay_kqH6W5V3zAnzrT,payment,0.00,1433.36,1468.00,INR,34.64,5.28,false,true,2026-08-12T18:48:00,2026-08-14T11:00:00,setl_jo8QbtZx3MCw6d,HDFCH15134125313,default,pay_kqH6W5V3zAnzrT,order_pyUkRggIZH7J3N,,card,MasterCard,SBI Cards,debit,
pay_ZEKzbY6Hw69mrv,payment,0.00,21623.36,22013.00,INR,389.64,59.44,false,true,2026-08-12T09:17:00,2026-08-14T11:00:00,setl_jo8QbtZx3MCw6d,HDFCH15134125313,default,pay_ZEKzbY6Hw69mrv,order_hlHTHvKYC4zeiN,,netbanking,,,,
pay_524Wlu5P0WadYt,payment,0.00,38245.59,39170.00,INR,924.41,141.01,false,true,2026-08-12T21:21:00,2026-08-14T11:00:00,setl_jo8QbtZx3MCw6d,HDFCH15134125313,default,pay_524Wlu5P0WadYt,order_nzkMrgMphCsqfb,,card,Visa,HDFC Bank,debit,
pay_XG3zFOv9ID2LeL,payment,0.00,635.64,651.00,INR,15.36,2.34,false,true,2026-08-12T09:08:00,2026-08-14T11:00:00,setl_jo8QbtZx3MCw6d,HDFCH15134125313,default,pay_XG3zFOv9ID2LeL,order_vPbVAu6ys4C3UM,,card,Amex,Kotak,credit,
pay_cZieLV9nAguNgW,payment,0.00,996.90,1021.00,INR,24.10,3.68,false,true,2026-08-12T12:19:00,2026-08-14T11:00:00,setl_jo8QbtZx3MCw6d,HDFCH15134125313,default,pay_cZieLV9nAguNgW,order_5mBFS5v1b3gTGt,,card,RuPay,HDFC Bank,credit,
pay_7gs2Z5FjsYR1xp,payment,0.00,14672.00,14672.00,INR,0.00,0.00,false,true,2026-08-12T12:09:00,2026-08-14T11:00:00,setl_jo8QbtZx3MCw6d,HDFCH15134125313,default,pay_7gs2Z5FjsYR1xp,order_CFC1zcHim79ovt,,upi,,,,
pay_CHW7iruw1DUUKi,payment,0.00,2062.00,2062.00,INR,0.00,0.00,false,true,2026-08-12T18:17:00,2026-08-14T11:00:00,setl_jo8QbtZx3MCw6d,HDFCH15134125313,default,pay_CHW7iruw1DUUKi,order_IU4t29iT6qRihC,,upi,,,,
pay_xXatdPVfoS0Xmh,payment,0.00,2693.00,2693.00,INR,0.00,0.00,false,true,2026-08-12T11:55:00,2026-08-14T11:00:00,setl_jo8QbtZx3MCw6d,HDFCH15134125313,default,pay_xXatdPVfoS0Xmh,order_OFmlDO6swr3hXI,,upi,,,,
pay_3oHB4eD0h9OGiV,payment,0.00,3498.00,3498.00,INR,0.00,0.00,false,true,2026-08-12T18:15:00,2026-08-14T11:00:00,setl_jo8QbtZx3MCw6d,HDFCH15134125313,default,pay_3oHB4eD0h9OGiV,order_h0v7uS5JOyrhqN,,upi,,,,
pay_rtyTXcfFk2TdFe,payment,0.00,18698.06,19150.00,INR,451.94,68.94,false,true,2026-08-12T12:24:00,2026-08-14T11:00:00,setl_jo8QbtZx3MCw6d,HDFCH15134125313,default,pay_rtyTXcfFk2TdFe,order_4LA1NuP2oPR9MV,,card,Visa,SBI Cards,credit,
pay_VQHOa6VdkhxjOJ,payment,0.00,8165.98,8323.00,INR,157.02,23.95,false,true,2026-08-12T10:48:00,2026-08-14T11:00:00,setl_jo8QbtZx3MCw6d,HDFCH15134125313,default,pay_VQHOa6VdkhxjOJ,order_ugXcCNDR7EtkcW,,netbanking,,,,
pay_2QAkgk1RtYD3tS,payment,0.00,438.60,458.00,INR,19.40,2.96,false,true,2026-08-12T07:08:00,2026-08-14T11:00:00,setl_jo8QbtZx3MCw6d,HDFCH15134125313,default,pay_2QAkgk1RtYD3tS,order_5mCm5j0B4VTBm0,,card,RuPay,Kotak,credit,
pay_1kmtUbQy93WZpd,payment,0.00,38300.27,39226.00,INR,925.73,141.21,false,true,2026-08-12T07:59:00,2026-08-14T11:00:00,setl_jo8QbtZx3MCw6d,HDFCH15134125313,default,pay_1kmtUbQy93WZpd,order_YDUfDHByOkDMGE,,card,Amex,ICICI Bank,credit,
pay_btfiuX50IHasaw,payment,0.00,25958.57,26586.00,INR,627.43,95.71,false,true,2026-08-12T14:29:00,2026-08-14T11:00:00,setl_jo8QbtZx3MCw6d,HDFCH15134125313,default,pay_btfiuX50IHasaw,order_6JAA9xwdPuWq2n,,card,Amex,ICICI Bank,debit,
pay_GngVqYMJ2ZaFK6,payment,0.00,1283.00,1283.00,INR,0.00,0.00,false,true,2026-08-12T16:20:00,2026-08-14T11:00:00,setl_jo8QbtZx3MCw6d,HDFCH15134125313,default,pay_GngVqYMJ2ZaFK6,order_eVFwjkOPfK8Gpo,,upi,,,,
pay_cEy3Cu0X4iqD3X,payment,0.00,11177.00,11177.00,INR,0.00,0.00,false,true,2026-08-12T12:10:00,2026-08-14T11:00:00,setl_jo8QbtZx3MCw6d,HDFCH15134125313,default,pay_cEy3Cu0X4iqD3X,order_drfRAl3FOVGmqH,,upi,,,,
pay_tqeYIReTNIJT4G,payment,0.00,848.14,873.00,INR,24.86,3.79,false,true,2026-08-12T17:46:00,2026-08-14T11:00:00,setl_jo8QbtZx3MCw6d,HDFCH15134125313,default,pay_tqeYIReTNIJT4G,order_F5B43Dyb004wYg,,card,RuPay,Kotak,debit,
pay_AZrd3jd81sKGDp,payment,0.00,12783.00,12783.00,INR,0.00,0.00,false,true,2026-08-12T07:01:00,2026-08-14T11:00:00,setl_jo8QbtZx3MCw6d,HDFCH15134125313,default,pay_AZrd3jd81sKGDp,order_Ir797AXpNcRVjG,,upi,,,,
pay_MQCUbWlhLvQBSA,payment,0.00,959.18,980.00,INR,20.82,3.18,false,true,2026-08-12T16:28:00,2026-08-14T11:00:00,setl_jo8QbtZx3MCw6d,HDFCH15134125313,default,pay_MQCUbWlhLvQBSA,order_ItqGHjmtZGWRbB,,wallet,,,,
pay_F7eXodCFRdoXXz,payment,0.00,43296.00,43296.00,INR,0.00,0.00,false,true,2026-08-12T11:21:00,2026-08-14T11:00:00,setl_jo8QbtZx3MCw6d,HDFCH15134125313,default,pay_F7eXodCFRdoXXz,order_oJ9gfan8RdfAXp,,upi,,,,
pay_exEK4b3yLFsbIf,payment,0.00,27615.00,27615.00,INR,0.00,0.00,false,true,2026-08-12T07:03:00,2026-08-14T11:00:00,setl_jo8QbtZx3MCw6d,HDFCH15134125313,default,pay_exEK4b3yLFsbIf,order_VyotZ38v1fjX2F,,upi,,,,
pay_N80fdteU5unZgP,payment,0.00,21950.00,21950.00,INR,0.00,0.00,false,true,2026-08-12T07:27:00,2026-08-14T11:00:00,setl_jo8QbtZx3MCw6d,HDFCH15134125313,default,pay_N80fdteU5unZgP,order_hEze7sTLZMaiEl,,upi,,,,
pay_sc6i5ioSpGBq6S,payment,0.00,30603.31,31343.00,INR,739.69,112.83,false,true,2026-08-12T14:59:00,2026-08-14T11:00:00,setl_jo8QbtZx3MCw6d,HDFCH15134125313,default,pay_sc6i5ioSpGBq6S,order_gVoBPVRfdevjKE,,card,RuPay,Kotak,credit,
pay_SRWauRymdGzl3r,payment,0.00,5052.00,5052.00,INR,0.00,0.00,false,true,2026-08-12T22:57:00,2026-08-14T11:00:00,setl_jo8QbtZx3MCw6d,HDFCH15134125313,default,pay_SRWauRymdGzl3r,order_0QUH2S904Qtdzk,,upi,,,,
pay_oanpBD1uoLMDZi,payment,0.00,37935.00,37935.00,INR,0.00,0.00,false,true,2026-08-12T09:25:00,2026-08-14T11:00:00,setl_jo8QbtZx3MCw6d,HDFCH15134125313,default,pay_oanpBD1uoLMDZi,order_l56oSbAsM8zP4a,,upi,,,,
rfnd_KYmavCoA7p1HE6,refund,5356.00,0.00,5356.00,INR,0.00,0.00,false,true,2026-08-14T09:00:00,2026-08-14T11:00:00,setl_jo8QbtZx3MCw6d,HDFCH15134125313,default,pay_E6oP48hQMLjo0g,order_vn2WOMrxJkD9Fa,,upi,,,,
rfnd_Z6ZNfEz2nRiOzn,refund,5357.00,0.00,5357.00,INR,0.00,0.00,false,true,2026-08-14T09:00:00,2026-08-14T11:00:00,setl_jo8QbtZx3MCw6d,HDFCH15134125313,default,pay_E6oP48hQMLjo0g,order_vn2WOMrxJkD9Fa,,upi,,,,
rfnd_Cp1P4aBAfN0mhr,refund,5462.00,0.00,5462.00,INR,0.00,0.00,false,true,2026-08-14T09:00:00,2026-08-14T11:00:00,setl_jo8QbtZx3MCw6d,HDFCH15134125313,default,pay_hJii0Wbo0pyLPi,order_5rUyw0feyv5plr,,netbanking,,,,
rfnd_MmsqLDuVPzH3vJ,refund,1292.00,0.00,1292.00,INR,0.00,0.00,false,true,2026-08-14T09:00:00,2026-08-14T11:00:00,setl_jo8QbtZx3MCw6d,HDFCH15134125313,default,pay_rRBTBT469wjek0,order_iCxsMRr2jFWefm,,upi,,,,
rfnd_Y5GUoZoVT2o0Ei,refund,311.00,0.00,311.00,INR,0.00,0.00,false,true,2026-08-14T09:00:00,2026-08-14T11:00:00,setl_jo8QbtZx3MCw6d,HDFCH15134125313,default,pay_lhISBO5T6dKaKc,,,upi,,,,
pay_gqP7THnH0G3rFk,payment,0.00,1409.41,1440.00,INR,30.59,4.67,false,true,2026-08-13T17:47:00,2026-08-15T11:00:00,setl_X03H3LRrAXrVHk,HDFCH20736425222,default,pay_gqP7THnH0G3rFk,order_E1CM1F16zybf0b,,wallet,,,,
pay_X1bzCXgdkwUeKi,payment,0.00,29489.06,30129.00,INR,639.94,97.62,false,true,2026-08-13T14:07:00,2026-08-15T11:00:00,setl_X03H3LRrAXrVHk,HDFCH20736425222,default,pay_X1bzCXgdkwUeKi,order_1H6Nz6EQnaUhIY,,wallet,,,,
pay_v2Djyro2j77e94,payment,0.00,1393.88,1419.00,INR,25.12,3.83,false,true,2026-08-13T17:48:00,2026-08-15T11:00:00,setl_X03H3LRrAXrVHk,HDFCH20736425222,default,pay_v2Djyro2j77e94,order_EAw4ra6H9N8jE9,,netbanking,,,,
pay_8ov7YvoNGLqRIl,payment,0.00,437.00,437.00,INR,0.00,0.00,false,true,2026-08-13T16:30:00,2026-08-15T11:00:00,setl_X03H3LRrAXrVHk,HDFCH20736425222,default,pay_8ov7YvoNGLqRIl,order_jYjLP5zKleiZaA,,upi,,,,
pay_O4wsy0aUSMmEGo,payment,0.00,26382.00,26382.00,INR,0.00,0.00,false,true,2026-08-13T21:16:00,2026-08-15T11:00:00,setl_X03H3LRrAXrVHk,HDFCH20736425222,default,pay_O4wsy0aUSMmEGo,order_7BjczscRykAhvN,,upi,,,,
pay_qFYuJ4cyvDG3DJ,payment,0.00,5947.00,5947.00,INR,0.00,0.00,false,true,2026-08-13T19:43:00,2026-08-15T11:00:00,setl_X03H3LRrAXrVHk,HDFCH20736425222,default,pay_qFYuJ4cyvDG3DJ,order_aMVphdJ0g4Nqem,,upi,,,,
pay_Fcpllc8xcZ2sD4,payment,0.00,1437.00,1437.00,INR,0.00,0.00,false,true,2026-08-13T09:35:00,2026-08-15T11:00:00,setl_X03H3LRrAXrVHk,HDFCH20736425222,default,pay_Fcpllc8xcZ2sD4,order_10XLvzAIJruslH,,upi,,,,
pay_h4scTuOnvYnstR,payment,0.00,8956.00,8956.00,INR,0.00,0.00,false,true,2026-08-13T19:05:00,2026-08-15T11:00:00,setl_X03H3LRrAXrVHk,HDFCH20736425222,default,pay_h4scTuOnvYnstR,order_ZBlPv5p726o1uW,,upi,,,,
pay_FBh06Hohfur0YV,payment,0.00,38873.00,38873.00,INR,0.00,0.00,false,true,2026-08-13T16:02:00,2026-08-15T11:00:00,setl_X03H3LRrAXrVHk,HDFCH20736425222,default,pay_FBh06Hohfur0YV,order_ZmBFunLl4cW636,,upi,,,,
pay_WxdV1XG5weUpeH,payment,0.00,703.73,719.00,INR,15.27,2.33,false,true,2026-08-13T08:43:00,2026-08-15T11:00:00,setl_X03H3LRrAXrVHk,HDFCH20736425222,default,pay_WxdV1XG5weUpeH,order_0MgNch5witRydP,,wallet,,,,
pay_hJii0Wbo0pyLPi,payment,0.00,5365.32,5462.00,INR,96.68,14.75,false,true,2026-08-13T11:54:00,2026-08-15T11:00:00,setl_X03H3LRrAXrVHk,HDFCH20736425222,default,pay_hJii0Wbo0pyLPi,order_5rUyw0feyv5plr,,netbanking,,,,
pay_AHXRcghQLLdV0D,payment,0.00,6194.28,6344.00,INR,149.72,22.84,false,true,2026-08-13T09:03:00,2026-08-15T11:00:00,setl_X03H3LRrAXrVHk,HDFCH20736425222,default,pay_AHXRcghQLLdV0D,order_gBZupEPPyaJyUA,,card,Amex,SBI Cards,credit,
pay_N2UdujwWffxw0g,payment,0.00,4133.10,4233.00,INR,99.90,15.24,false,true,2026-08-13T18:23:00,2026-08-15T11:00:00,setl_X03H3LRrAXrVHk,HDFCH20736425222,default,pay_N2UdujwWffxw0g,order_BgAZ1aduoTphF5,,card,Visa,Kotak,debit,
pay_Ve7XK6BgCXpZ3P,payment,0.00,17159.00,17159.00,INR,0.00,0.00,false,true,2026-08-13T22:00:00,2026-08-15T11:00:00,setl_X03H3LRrAXrVHk,HDFCH20736425222,default,pay_Ve7XK6BgCXpZ3P,order_HYDlQB4Vr7RVxt,,upi,,,,
pay_1UT35Fz0Y8Uz2S,payment,0.00,2829.61,2898.00,INR,68.39,10.43,false,true,2026-08-13T09:21:00,2026-08-15T11:00:00,setl_X03H3LRrAXrVHk,HDFCH20736425222,default,pay_1UT35Fz0Y8Uz2S,order_y2Q19YTFpQ7qNm,,card,Amex,SBI Cards,credit,
pay_kA4NftqsGjOzsw,payment,0.00,6937.00,6937.00,INR,0.00,0.00,false,true,2026-08-13T20:31:00,2026-08-15T11:00:00,setl_X03H3LRrAXrVHk,HDFCH20736425222,default,pay_kA4NftqsGjOzsw,order_Qhm4ZrB7QfWE4a,,upi,,,,
pay_1dauY0Javfs15n,payment,0.00,2764.19,2831.00,INR,66.81,10.19,false,true,2026-08-13T18:15:00,2026-08-15T11:00:00,setl_X03H3LRrAXrVHk,HDFCH20736425222,default,pay_1dauY0Javfs15n,order_TPiOj0KSwiZfx0,,card,MasterCard,Kotak,debit,
pay_CFzgJCGqqxWjcb,payment,0.00,516.00,516.00,INR,0.00,0.00,false,true,2026-08-13T13:35:00,2026-08-15T11:00:00,setl_X03H3LRrAXrVHk,HDFCH20736425222,default,pay_CFzgJCGqqxWjcb,order_Qx9Ksb5jxngCVp,,upi,,,,
pay_yCET4LtXc7eqZj,payment,0.00,1328.00,1328.00,INR,0.00,0.00,false,true,2026-08-13T09:38:00,2026-08-15T11:00:00,setl_X03H3LRrAXrVHk,HDFCH20736425222,default,pay_yCET4LtXc7eqZj,order_89YzSIfOPMlnin,,upi,,,,
pay_bua7ofbOPqWrEf,payment,0.00,1014.00,1014.00,INR,0.00,0.00,false,true,2026-08-13T08:54:00,2026-08-15T11:00:00,setl_X03H3LRrAXrVHk,HDFCH20736425222,default,pay_bua7ofbOPqWrEf,order_ZMGsMBydFzvNno,,upi,,,,
pay_Cn0IxAu6qCt0EQ,payment,0.00,36464.00,36464.00,INR,0.00,0.00,false,true,2026-08-13T07:17:00,2026-08-15T11:00:00,setl_X03H3LRrAXrVHk,HDFCH20736425222,default,pay_Cn0IxAu6qCt0EQ,order_FlfsfAykwj9pyZ,,upi,,,,
pay_rYOgpQqqByKFll,payment,0.00,848.49,869.00,INR,20.51,3.13,false,true,2026-08-13T19:21:00,2026-08-15T11:00:00,setl_X03H3LRrAXrVHk,HDFCH20736425222,default,pay_rYOgpQqqByKFll,order_sekoNXMVwAlG4q,,card,Amex,Axis Bank,debit,
pay_rRXjI7DuWShlbC,payment,0.00,655.00,655.00,INR,0.00,0.00,false,true,2026-08-13T13:48:00,2026-08-15T11:00:00,setl_X03H3LRrAXrVHk,HDFCH20736425222,default,pay_rRXjI7DuWShlbC,order_imG72N5FlPgleB,,upi,,,,
pay_5VKllrRTfsuVan,payment,0.00,13366.92,13690.00,INR,323.08,49.28,false,true,2026-08-13T18:10:00,2026-08-15T11:00:00,setl_X03H3LRrAXrVHk,HDFCH20736425222,default,pay_5VKllrRTfsuVan,order_7Jx0R9wksa5TyF,,card,Amex,HDFC Bank,debit,
pay_IaYX5Tt9GbMcY4,payment,0.00,1173.63,1202.00,INR,28.37,4.33,false,true,2026-08-13T22:11:00,2026-08-15T11:00:00,setl_X03H3LRrAXrVHk,HDFCH20736425222,default,pay_IaYX5Tt9GbMcY4,order_H0qS7ZlHyjMGv5,,card,Amex,ICICI Bank,debit,
pay_c0p1hn9ZFhPjuJ,payment,0.00,36753.00,36753.00,INR,0.00,0.00,false,true,2026-08-13T18:57:00,2026-08-15T11:00:00,setl_X03H3LRrAXrVHk,HDFCH20736425222,default,pay_c0p1hn9ZFhPjuJ,order_QkmAJEXtHnF9Yb,,upi,,,,
pay_eKS7vgOevVRLEh,payment,0.00,2602.00,2602.00,INR,0.00,0.00,false,true,2026-08-13T16:04:00,2026-08-15T11:00:00,setl_X03H3LRrAXrVHk,HDFCH20736425222,default,pay_eKS7vgOevVRLEh,order_Kcs4uwJaYycYTn,,upi,,,,
pay_mtQbsTbRx97SKx,payment,0.00,30045.00,30045.00,INR,0.00,0.00,false,true,2026-08-13T16:07:00,2026-08-15T11:00:00,setl_X03H3LRrAXrVHk,HDFCH20736425222,default,pay_mtQbsTbRx97SKx,order_5Q8qZGhgGOzFdU,,upi,,,,
pay_VH9OsnWEGiQg9Z,payment,0.00,4918.00,4918.00,INR,0.00,0.00,false,true,2026-08-13T11:26:00,2026-08-15T11:00:00,setl_X03H3LRrAXrVHk,HDFCH20736425222,default,pay_VH9OsnWEGiQg9Z,order_XrVyrkqwuY2uSu,,upi,,,,
pay_t1hTzX7Qiho1o9,payment,0.00,5786.00,5786.00,INR,0.00,0.00,false,true,2026-08-13T19:52:00,2026-08-15T11:00:00,setl_X03H3LRrAXrVHk,HDFCH20736425222,default,pay_t1hTzX7Qiho1o9,order_dRfV8pfNjAUJJj,,upi,,,,
pay_4PwkZtaxnkPI8p,payment,0.00,30907.00,30907.00,INR,0.00,0.00,false,true,2026-08-13T10:49:00,2026-08-15T11:00:00,setl_X03H3LRrAXrVHk,HDFCH20736425222,default,pay_4PwkZtaxnkPI8p,order_YLJDfRWBR5TC4h,,upi,,,,
pay_9TfDI54y8Cfsni,payment,0.00,21457.37,21976.00,INR,518.63,79.11,false,true,2026-08-13T22:07:00,2026-08-15T11:00:00,setl_X03H3LRrAXrVHk,HDFCH20736425222,default,pay_9TfDI54y8Cfsni,order_EBKj4UUtR37rT6,,card,Visa,SBI Cards,debit,
pay_zeqoLuQKLQzO5y,payment,0.00,429.26,437.00,INR,7.74,1.18,false,true,2026-08-13T17:16:00,2026-08-15T11:00:00,setl_X03H3LRrAXrVHk,HDFCH20736425222,default,pay_zeqoLuQKLQzO5y,order_IZkpM5tfIsT9Gc,,netbanking,,,,
pay_fkDYEyIzeHQhdB,payment,0.00,1753.00,1753.00,INR,0.00,0.00,false,true,2026-08-13T17:02:00,2026-08-15T11:00:00,setl_X03H3LRrAXrVHk,HDFCH20736425222,default,pay_fkDYEyIzeHQhdB,order_suFWW6EMNvgokK,,upi,,,,
pay_3IQj1KD12KztYv,payment,0.00,34678.13,35303.00,INR,624.87,95.32,false,true,2026-08-13T09:53:00,2026-08-15T11:00:00,setl_X03H3LRrAXrVHk,HDFCH20736425222,default,pay_3IQj1KD12KztYv,order_17ZdEjgRFxXi5m,,netbanking,,,,
pay_YN1mOVqCG9zWw0,payment,0.00,7052.54,7223.00,INR,170.46,26.00,false,true,2026-08-13T10:51:00,2026-08-15T11:00:00,setl_X03H3LRrAXrVHk,HDFCH20736425222,default,pay_YN1mOVqCG9zWw0,order_wi8Uvw3DE9mZwK,,card,RuPay,ICICI Bank,debit,
pay_jUoSQ9ZBMbJN0t,payment,0.00,3332.45,3413.00,INR,80.55,12.29,false,true,2026-08-13T08:48:00,2026-08-15T11:00:00,setl_X03H3LRrAXrVHk,HDFCH20736425222,default,pay_jUoSQ9ZBMbJN0t,order_XlwwI6hW3lr5NN,,card,Amex,Kotak,credit,
pay_9Y6oL6Hwn8MAjy,payment,0.00,8906.72,9122.00,INR,215.28,32.84,false,true,2026-08-13T11:17:00,2026-08-15T11:00:00,setl_X03H3LRrAXrVHk,HDFCH20736425222,default,pay_9Y6oL6Hwn8MAjy,order_g2wh2TvhMCD41l,,card,Visa,ICICI Bank,credit,
pay_gWTiFwC51KTmMJ,payment,0.00,306.00,306.00,INR,0.00,0.00,false,true,2026-08-13T20:19:00,2026-08-15T11:00:00,setl_X03H3LRrAXrVHk,HDFCH20736425222,default,pay_gWTiFwC51KTmMJ,order_DNImmJAjFMPfM7,,upi,,,,
pay_lncngLUHIAedCc,payment,0.00,1448.00,1483.00,INR,35.00,5.34,false,true,2026-08-13T07:44:00,2026-08-15T11:00:00,setl_X03H3LRrAXrVHk,HDFCH20736425222,default,pay_lncngLUHIAedCc,order_3Yr0BPm1Ol6UAD,,card,RuPay,HDFC Bank,debit,
pay_ovLE50J7nZCGz0,payment,0.00,13052.00,13052.00,INR,0.00,0.00,false,true,2026-08-13T17:10:00,2026-08-15T11:00:00,setl_X03H3LRrAXrVHk,HDFCH20736425222,default,pay_ovLE50J7nZCGz0,order_QrIlpmmqLxez0T,,upi,,,,
pay_UVr3kWDwIaLcTk,payment,0.00,35729.00,35729.00,INR,0.00,0.00,false,true,2026-08-13T07:07:00,2026-08-15T11:00:00,setl_X03H3LRrAXrVHk,HDFCH20736425222,default,pay_UVr3kWDwIaLcTk,order_L8KgI2iXh1pfNt,,upi,,,,
pay_KYcsVeefN5yxvb,payment,0.00,1870.00,1870.00,INR,0.00,0.00,false,true,2026-08-13T18:37:00,2026-08-15T11:00:00,setl_X03H3LRrAXrVHk,HDFCH20736425222,default,pay_KYcsVeefN5yxvb,order_GP7RnrdFIX52tv,,upi,,,,
pay_mpHj05BBUEmDAf,payment,0.00,1857.00,1857.00,INR,0.00,0.00,false,true,2026-08-13T07:14:00,2026-08-15T11:00:00,setl_X03H3LRrAXrVHk,HDFCH20736425222,default,pay_mpHj05BBUEmDAf,order_ET6vGUOB3J9rs1,,upi,,,,
pay_ZmxJSHNbwM4JRp,payment,0.00,7240.00,7240.00,INR,0.00,0.00,false,true,2026-08-13T08:03:00,2026-08-15T11:00:00,setl_X03H3LRrAXrVHk,HDFCH20736425222,default,pay_ZmxJSHNbwM4JRp,order_TxXRYKiNJjgWYa,,upi,,,,
pay_RleZPQAlCOCONZ,payment,0.00,1410.00,1410.00,INR,0.00,0.00,false,true,2026-08-13T20:42:00,2026-08-15T11:00:00,setl_X03H3LRrAXrVHk,HDFCH20736425222,default,pay_RleZPQAlCOCONZ,order_6EdpWV1QQ002ex,,upi,,,,
pay_nPG82Dxm8CJj91,payment,0.00,22321.00,22321.00,INR,0.00,0.00,false,true,2026-08-13T18:08:00,2026-08-15T11:00:00,setl_X03H3LRrAXrVHk,HDFCH20736425222,default,pay_nPG82Dxm8CJj91,order_8jV4SIRsCfUFC3,,upi,,,,
pay_D6Q8aYzXr3hJrY,payment,0.00,4016.00,4016.00,INR,0.00,0.00,false,true,2026-08-13T15:57:00,2026-08-15T11:00:00,setl_X03H3LRrAXrVHk,HDFCH20736425222,default,pay_D6Q8aYzXr3hJrY,order_hA1vM8L4pvg4tv,,upi,,,,
pay_QN9Lg3Z4EUZiCy,payment,0.00,1375.00,1375.00,INR,0.00,0.00,false,true,2026-08-13T19:39:00,2026-08-15T11:00:00,setl_X03H3LRrAXrVHk,HDFCH20736425222,default,pay_QN9Lg3Z4EUZiCy,order_MtJwqSSHJNHTAG,,upi,,,,
pay_ie7VZlmSt7oiFJ,payment,0.00,2889.00,2889.00,INR,0.00,0.00,false,true,2026-08-13T22:11:00,2026-08-15T11:00:00,setl_X03H3LRrAXrVHk,HDFCH20736425222,default,pay_ie7VZlmSt7oiFJ,order_GfVscF1zZgKr90,,upi,,,,
pay_8T9M6ma0NElRkM,payment,0.00,3447.67,3531.00,INR,83.33,12.71,false,true,2026-08-13T11:47:00,2026-08-15T11:00:00,setl_X03H3LRrAXrVHk,HDFCH20736425222,default,pay_8T9M6ma0NElRkM,order_fISjTZet9stuTD,,card,Visa,SBI Cards,debit,
pay_NKth6wuepoyVXN,payment,0.00,6004.69,6135.00,INR,130.31,19.88,false,true,2026-08-13T21:30:00,2026-08-15T11:00:00,setl_X03H3LRrAXrVHk,HDFCH20736425222,default,pay_NKth6wuepoyVXN,order_FTcyKyKP7ZW0oX,,wallet,,,,
pay_P33OxVyevS9sk5,payment,0.00,22969.00,22969.00,INR,0.00,0.00,false,true,2026-08-13T18:30:00,2026-08-15T11:00:00,setl_X03H3LRrAXrVHk,HDFCH20736425222,default,pay_P33OxVyevS9sk5,order_NwvdYoateHZdY9,,upi,,,,
pay_XAKvypk0xWpwcs,payment,0.00,3446.00,3446.00,INR,0.00,0.00,false,true,2026-08-13T18:37:00,2026-08-15T11:00:00,setl_X03H3LRrAXrVHk,HDFCH20736425222,default,pay_XAKvypk0xWpwcs,order_zVYkLOooTTEwFD,,upi,,,,
pay_BVvgylpURitmtI,payment,0.00,7113.00,7113.00,INR,0.00,0.00,false,true,2026-08-13T19:26:00,2026-08-15T11:00:00,setl_X03H3LRrAXrVHk,HDFCH20736425222,default,pay_BVvgylpURitmtI,order_ofWJXng4ZUFeKa,,upi,,,,
pay_eSNzp3HuGAx0Kr,payment,0.00,36617.00,36617.00,INR,0.00,0.00,false,true,2026-08-13T22:08:00,2026-08-15T11:00:00,setl_X03H3LRrAXrVHk,HDFCH20736425222,default,pay_eSNzp3HuGAx0Kr,order_8QI78hdFXWpTLS,,upi,,,,
pay_aa66uA1UKNRuwv,payment,0.00,5796.00,5796.00,INR,0.00,0.00,false,true,2026-08-13T17:24:00,2026-08-15T11:00:00,setl_X03H3LRrAXrVHk,HDFCH20736425222,default,pay_aa66uA1UKNRuwv,order_ERk3eGBtwxZ7wd,,upi,,,,
pay_GjPNimpG0t0uu2,payment,0.00,1002.76,1027.00,INR,24.24,3.70,false,true,2026-08-13T16:38:00,2026-08-15T11:00:00,setl_X03H3LRrAXrVHk,HDFCH20736425222,default,pay_GjPNimpG0t0uu2,order_tjHztFuxwzaVpV,,card,Amex,Axis Bank,debit,
pay_qd7tU6lUoEF1E2,payment,0.00,6582.89,6742.00,INR,159.11,24.27,false,true,2026-08-13T11:14:00,2026-08-15T11:00:00,setl_X03H3LRrAXrVHk,HDFCH20736425222,default,pay_qd7tU6lUoEF1E2,order_WIYPZsLjYZTAjt,,card,MasterCard,HDFC Bank,debit,
pay_1eLJHHXj4dPA8l,payment,0.00,1272.07,1295.00,INR,22.93,3.50,false,true,2026-08-13T15:24:00,2026-08-15T11:00:00,setl_X03H3LRrAXrVHk,HDFCH20736425222,default,pay_1eLJHHXj4dPA8l,order_2VtreE2MTtB60D,,netbanking,,,,
pay_9IaSiuBjCPSDII,payment,0.00,3417.00,3417.00,INR,0.00,0.00,false,true,2026-08-13T11:33:00,2026-08-15T11:00:00,setl_X03H3LRrAXrVHk,HDFCH20736425222,default,pay_9IaSiuBjCPSDII,order_WxW8h6I9y8GsV1,,upi,,,,
pay_frNAXdFv2vn2aP,payment,0.00,5285.75,5381.00,INR,95.25,14.53,false,true,2026-08-13T11:58:00,2026-08-15T11:00:00,setl_X03H3LRrAXrVHk,HDFCH20736425222,default,pay_frNAXdFv2vn2aP,order_mCbjE3BsMGo5Ox,,netbanking,,,,
pay_HXfaEnhUTvU1Ru,payment,0.00,39582.00,39582.00,INR,0.00,0.00,false,true,2026-08-13T15:56:00,2026-08-15T11:00:00,setl_X03H3LRrAXrVHk,HDFCH20736425222,default,pay_HXfaEnhUTvU1Ru,order_GwWMSlbroMszMN,,upi,,,,
pay_wx0DMDOZxIwRG9,payment,0.00,2220.33,2274.00,INR,53.67,8.19,false,true,2026-08-13T18:13:00,2026-08-15T11:00:00,setl_X03H3LRrAXrVHk,HDFCH20736425222,default,pay_wx0DMDOZxIwRG9,order_lnzA7E8wSrXRii,,card,Visa,SBI Cards,debit,
pay_CA9PM5hEM3XuMU,payment,0.00,4758.00,4758.00,INR,0.00,0.00,false,true,2026-08-13T12:58:00,2026-08-15T11:00:00,setl_X03H3LRrAXrVHk,HDFCH20736425222,default,pay_CA9PM5hEM3XuMU,order_O2SEuGV2fXYO1G,,upi,,,,
pay_DY64V7gZuA0qqm,payment,0.00,489.29,504.00,INR,14.71,2.24,false,true,2026-08-13T21:00:00,2026-08-15T11:00:00,setl_X03H3LRrAXrVHk,HDFCH20736425222,default,pay_DY64V7gZuA0qqm,order_YaLxTRA3wtXZBB,,card,MasterCard,HDFC Bank,debit,
pay_ZuqDjpkfcPM4Ka,payment,0.00,18279.00,18279.00,INR,0.00,0.00,false,true,2026-08-13T22:02:00,2026-08-15T11:00:00,setl_X03H3LRrAXrVHk,HDFCH20736425222,default,pay_ZuqDjpkfcPM4Ka,order_nBRpixuf7KWgPN,,upi,,,,
pay_TqvLqnJ48QjoUg,payment,0.00,32266.00,32266.00,INR,0.00,0.00,false,true,2026-08-13T16:22:00,2026-08-15T11:00:00,setl_X03H3LRrAXrVHk,HDFCH20736425222,default,pay_TqvLqnJ48QjoUg,order_8KJQ81ZwHwGiKZ,,upi,,,,
pay_WpVZoaXYBim6f7,payment,0.00,36953.00,36953.00,INR,0.00,0.00,false,true,2026-08-13T09:38:00,2026-08-15T11:00:00,setl_X03H3LRrAXrVHk,HDFCH20736425222,default,pay_WpVZoaXYBim6f7,order_W5bYgwtMiSAmwO,,upi,,,,
pay_eTPd4xUe5QoSyk,payment,0.00,205.00,205.00,INR,0.00,0.00,false,true,2026-08-13T15:56:00,2026-08-15T11:00:00,setl_X03H3LRrAXrVHk,HDFCH20736425222,default,pay_eTPd4xUe5QoSyk,order_S716G3k75DqPpO,,upi,,,,
pay_y8XOTlEScPfCq0,payment,0.00,1118.00,1118.00,INR,0.00,0.00,false,true,2026-08-13T11:58:00,2026-08-15T11:00:00,setl_X03H3LRrAXrVHk,HDFCH20736425222,default,pay_y8XOTlEScPfCq0,order_p4fIXfKg0HMrGH,,upi,,,,
pay_EW7e3oQskbWZ2R,payment,0.00,977.00,977.00,INR,0.00,0.00,false,true,2026-08-13T18:29:00,2026-08-15T11:00:00,setl_X03H3LRrAXrVHk,HDFCH20736425222,default,pay_EW7e3oQskbWZ2R,order_pMr8f4QbCwNHWt,,upi,,,,
pay_zEkGRDlCyUMxdl,payment,0.00,36192.00,36192.00,INR,0.00,0.00,false,true,2026-08-13T13:14:00,2026-08-15T11:00:00,setl_X03H3LRrAXrVHk,HDFCH20736425222,default,pay_zEkGRDlCyUMxdl,order_BC6nB7oq7qvmLP,,upi,,,,
rfnd_kYokub01l2BH5C,refund,1328.00,0.00,1328.00,INR,0.00,0.00,false,true,2026-08-15T09:00:00,2026-08-15T11:00:00,setl_X03H3LRrAXrVHk,HDFCH20736425222,default,pay_yCET4LtXc7eqZj,order_89YzSIfOPMlnin,,upi,,,,
disp_zK3GmV3hqwMRj2,dispute,3628.20,0.00,2932.00,INR,696.20,106.20,false,true,2026-08-15T09:00:00,2026-08-15T11:00:00,setl_X03H3LRrAXrVHk,HDFCH20736425222,default,pay_ySsW6Hlr2jZfZ2,order_8OX97uiLWGkPmW,disp_zK3GmV3hqwMRj2,netbanking,,,,
pay_TCS0wg5EeUkTBN,payment,0.00,1048.65,1074.00,INR,25.35,3.87,false,true,2026-08-14T08:26:00,2026-08-16T11:00:00,setl_h1WtzHwKHTV5yc,ICICH29372944150,default,pay_TCS0wg5EeUkTBN,order_HZap1JEuHp3nNm,,card,Visa,Kotak,debit,
pay_tB2pcAW2LisdL5,payment,0.00,6910.96,7078.00,INR,167.04,25.48,false,true,2026-08-14T21:18:00,2026-08-16T11:00:00,setl_h1WtzHwKHTV5yc,ICICH29372944150,default,pay_tB2pcAW2LisdL5,order_p8j7fEWRKDFHN3,,card,Amex,ICICI Bank,debit,
pay_Th54Z7k1KWzbRf,payment,0.00,13851.21,14186.00,INR,334.79,51.07,false,true,2026-08-14T19:58:00,2026-08-16T11:00:00,setl_h1WtzHwKHTV5yc,ICICH29372944150,default,pay_Th54Z7k1KWzbRf,order_U4w8hcubwlyoci,,card,Visa,Kotak,credit,
pay_9iuRlmQe3lcCpS,payment,0.00,992.00,992.00,INR,0.00,0.00,false,true,2026-08-14T20:35:00,2026-08-16T11:00:00,setl_h1WtzHwKHTV5yc,ICICH29372944150,default,pay_9iuRlmQe3lcCpS,order_FN1F61WvKY014N,,upi,,,,
pay_O3q5XK7qv4F44h,payment,0.00,1603.00,1603.00,INR,0.00,0.00,false,true,2026-08-14T20:11:00,2026-08-16T11:00:00,setl_h1WtzHwKHTV5yc,ICICH29372944150,default,pay_O3q5XK7qv4F44h,order_bDczJjywo7Cf1E,,upi,,,,
pay_X3rR55zhTnCQCX,payment,0.00,36315.00,36315.00,INR,0.00,0.00,false,true,2026-08-14T11:14:00,2026-08-16T11:00:00,setl_h1WtzHwKHTV5yc,ICICH29372944150,default,pay_X3rR55zhTnCQCX,order_aDYFeXT4rpYFPw,,upi,,,,
pay_OzZFmIiehMksTg,payment,0.00,7777.22,7946.00,INR,168.78,25.75,false,true,2026-08-14T15:45:00,2026-08-16T11:00:00,setl_h1WtzHwKHTV5yc,ICICH29372944150,default,pay_OzZFmIiehMksTg,order_zpNBF3ZfyD4UXm,,wallet,,,,
pay_KOU1LhZNtTsOQs,payment,0.00,4935.70,5055.00,INR,119.30,18.20,false,true,2026-08-14T15:54:00,2026-08-16T11:00:00,setl_h1WtzHwKHTV5yc,ICICH29372944150,default,pay_KOU1LhZNtTsOQs,order_hkRQYqP3yAS40p,,card,RuPay,SBI Cards,credit,
pay_VoBxXx2RSe2fdb,payment,0.00,1705.77,1747.00,INR,41.23,6.29,false,true,2026-08-14T19:19:00,2026-08-16T11:00:00,setl_h1WtzHwKHTV5yc,ICICH29372944150,default,pay_VoBxXx2RSe2fdb,order_S3wRYjIvXmNvvp,,card,RuPay,ICICI Bank,credit,
pay_kjOFtvTOi8RgRh,payment,0.00,20660.00,20660.00,INR,0.00,0.00,false,true,2026-08-14T19:48:00,2026-08-16T11:00:00,setl_h1WtzHwKHTV5yc,ICICH29372944150,default,pay_kjOFtvTOi8RgRh,order_jDP8hwMnsKkfGE,,upi,,,,
pay_04Bm1IH3EeUc05,payment,0.00,5063.00,5063.00,INR,0.00,0.00,false,true,2026-08-14T20:19:00,2026-08-16T11:00:00,setl_h1WtzHwKHTV5yc,ICICH29372944150,default,pay_04Bm1IH3EeUc05,order_Gy2Wu2SdwJUDfJ,,upi,,,,
pay_OVOgzCQZNrqmGo,payment,0.00,765.00,765.00,INR,0.00,0.00,false,true,2026-08-14T08:50:00,2026-08-16T11:00:00,setl_h1WtzHwKHTV5yc,ICICH29372944150,default,pay_OVOgzCQZNrqmGo,order_bsTZyvun7nqi9q,,upi,,,,
pay_DqtWkkPvqFkKNI,payment,0.00,25717.40,26339.00,INR,621.60,94.82,false,true,2026-08-14T13:03:00,2026-08-16T11:00:00,setl_h1WtzHwKHTV5yc,ICICH29372944150,default,pay_DqtWkkPvqFkKNI,order_w7rE862qv1dvW5,,card,Amex,Axis Bank,debit,
pay_MvAiB7PS2MRDjC,payment,0.00,1280.06,1311.00,INR,30.94,4.72,false,true,2026-08-14T10:51:00,2026-08-16T11:00:00,setl_h1WtzHwKHTV5yc,ICICH29372944150,default,pay_MvAiB7PS2MRDjC,order_qLEwzcdcVG0YkW,,card,Amex,Axis Bank,debit,
pay_e0Rr5FlHozKhlQ,payment,0.00,1032.00,1032.00,INR,0.00,0.00,false,true,2026-08-14T11:51:00,2026-08-16T11:00:00,setl_h1WtzHwKHTV5yc,ICICH29372944150,default,pay_e0Rr5FlHozKhlQ,order_pwFYmTvpq8hrYs,,upi,,,,
pay_6OEXnpMyIKsTUv,payment,0.00,4937.00,4937.00,INR,0.00,0.00,false,true,2026-08-14T09:42:00,2026-08-16T11:00:00,setl_h1WtzHwKHTV5yc,ICICH29372944150,default,pay_6OEXnpMyIKsTUv,order_aUazIhzg7WkO2t,,upi,,,,
pay_vkYQS8cJ8Ceu4o,payment,0.00,31560.00,31560.00,INR,0.00,0.00,false,true,2026-08-14T12:35:00,2026-08-16T11:00:00,setl_h1WtzHwKHTV5yc,ICICH29372944150,default,pay_vkYQS8cJ8Ceu4o,order_ShaMcsBAjTDiW3,,upi,,,,
pay_IEqtzUB351sdy8,payment,0.00,7741.88,7929.00,INR,187.12,28.54,false,true,2026-08-14T14:20:00,2026-08-16T11:00:00,setl_h1WtzHwKHTV5yc,ICICH29372944150,default,pay_IEqtzUB351sdy8,order_SfabrIdCW6pMxR,,card,Visa,Axis Bank,credit,
pay_DHqKc0B868yVHV,payment,0.00,14334.53,14681.00,INR,346.47,52.85,false,true,2026-08-14T11:54:00,2026-08-16T11:00:00,setl_h1WtzHwKHTV5yc,ICICH29372944150,default,pay_DHqKc0B868yVHV,order_6mb398A2gQhXeS,,card,Visa,SBI Cards,credit,
pay_IC09OCybhQYPZN,payment,0.00,1472.00,1472.00,INR,0.00,0.00,false,true,2026-08-14T18:05:00,2026-08-16T11:00:00,setl_h1WtzHwKHTV5yc,ICICH29372944150,default,pay_IC09OCybhQYPZN,order_bAXkQfEK1ZhOcf,,upi,,,,
pay_TmInkmroGuQaA3,payment,0.00,4571.62,4654.00,INR,82.38,12.57,false,true,2026-08-14T10:58:00,2026-08-16T11:00:00,setl_h1WtzHwKHTV5yc,ICICH29372944150,default,pay_TmInkmroGuQaA3,order_38TznfWYPPC4sW,,netbanking,,,,
pay_xEa3IvahN8nCtG,payment,0.00,35443.35,36082.00,INR,638.65,97.42,false,true,2026-08-14T20:23:00,2026-08-16T11:00:00,setl_h1WtzHwKHTV5yc,ICICH29372944150,default,pay_xEa3IvahN8nCtG,order_lrOjlyUHZZ02E8,,netbanking,,,,
pay_5XI3B0u8Bxo3s7,payment,0.00,6503.00,6503.00,INR,0.00,0.00,false,true,2026-08-14T11:09:00,2026-08-16T11:00:00,setl_h1WtzHwKHTV5yc,ICICH29372944150,default,pay_5XI3B0u8Bxo3s7,order_InAO8UWdvphhNN,,upi,,,,
pay_L5z3azPCQiLtmG,payment,0.00,38889.04,39829.00,INR,939.96,143.38,false,true,2026-08-14T08:52:00,2026-08-16T11:00:00,setl_h1WtzHwKHTV5yc,ICICH29372944150,default,pay_L5z3azPCQiLtmG,order_hkz9LrgFNn8kRp,,card,MasterCard,Kotak,debit,
pay_H3FLvMIJzdzLiO,payment,0.00,11955.04,12244.00,INR,288.96,44.08,false,true,2026-08-14T21:14:00,2026-08-16T11:00:00,setl_h1WtzHwKHTV5yc,ICICH29372944150,default,pay_H3FLvMIJzdzLiO,order_4pOczp0dzZIPzG,,card,MasterCard,HDFC Bank,debit,
pay_IKm5Yl8hE7R8Kt,payment,0.00,1236.00,1236.00,INR,0.00,0.00,false,true,2026-08-14T19:32:00,2026-08-16T11:00:00,setl_h1WtzHwKHTV5yc,ICICH29372944150,default,pay_IKm5Yl8hE7R8Kt,order_MWYVr2yzkxCInc,,upi,,,,
pay_hqH582NJlbUWDL,payment,0.00,29129.92,29834.00,INR,704.08,107.40,false,true,2026-08-14T13:44:00,2026-08-16T11:00:00,setl_h1WtzHwKHTV5yc,ICICH29372944150,default,pay_hqH582NJlbUWDL,order_akPmtHcJVODmUW,,card,Visa,Axis Bank,credit,
pay_PTSiLn58Lxa3wg,payment,0.00,3990.55,4087.00,INR,96.45,14.71,false,true,2026-08-14T15:56:00,2026-08-16T11:00:00,setl_h1WtzHwKHTV5yc,ICICH29372944150,default,pay_PTSiLn58Lxa3wg,order_sdFtEfHlsf452i,,card,RuPay,HDFC Bank,credit,
pay_QZ8gCOtjAZV7QN,payment,0.00,6170.85,6320.00,INR,149.15,22.75,false,true,2026-08-14T14:05:00,2026-08-16T11:00:00,setl_h1WtzHwKHTV5yc,ICICH29372944150,default,pay_QZ8gCOtjAZV7QN,order_9iJG5hicVljrBl,,card,Amex,Kotak,debit,
pay_NqNq54SClXT1Tg,payment,0.00,1024.24,1049.00,INR,24.76,3.78,false,true,2026-08-14T07:13:00,2026-08-16T11:00:00,setl_h1WtzHwKHTV5yc,ICICH29372944150,default,pay_NqNq54SClXT1Tg,order_tpcrBck3kpwWgX,,card,Amex,Kotak,debit,
pay_yWhUqFmaKaej6f,payment,0.00,42980.15,44019.00,INR,1038.85,158.47,false,true,2026-08-14T17:44:00,2026-08-16T11:00:00,setl_h1WtzHwKHTV5yc,ICICH29372944150,default,pay_yWhUqFmaKaej6f,order_rN6w4FZt6txF0f,,card,Visa,Axis Bank,debit,
pay_feq02ZWdZlGIxE,payment,0.00,16229.56,16522.00,INR,292.44,44.61,false,true,2026-08-14T10:01:00,2026-08-16T11:00:00,setl_h1WtzHwKHTV5yc,ICICH29372944150,default,pay_feq02ZWdZlGIxE,order_PzrgT91yBOoxM1,,netbanking,,,,
pay_qpq8KPn5Lb3XJy,payment,0.00,1414.00,1414.00,INR,0.00,0.00,false,true,2026-08-14T08:45:00,2026-08-16T11:00:00,setl_h1WtzHwKHTV5yc,ICICH29372944150,default,pay_qpq8KPn5Lb3XJy,order_zdhO1Whtg7kXDV,,upi,,,,
pay_aPOhsI6eEonFlh,payment,0.00,5367.00,5367.00,INR,0.00,0.00,false,true,2026-08-14T20:38:00,2026-08-16T11:00:00,setl_h1WtzHwKHTV5yc,ICICH29372944150,default,pay_aPOhsI6eEonFlh,order_LE9ozqsPnYOrm2,,upi,,,,
pay_PUjyuoyxzhwMKF,payment,0.00,20698.70,21199.00,INR,500.30,76.32,false,true,2026-08-14T17:59:00,2026-08-16T11:00:00,setl_h1WtzHwKHTV5yc,ICICH29372944150,default,pay_PUjyuoyxzhwMKF,order_dwIGcjuBDO6KCi,,card,MasterCard,HDFC Bank,credit,
pay_jbid5vaWltcu2Y,payment,0.00,16835.00,16835.00,INR,0.00,0.00,false,true,2026-08-14T21:21:00,2026-08-16T11:00:00,setl_h1WtzHwKHTV5yc,ICICH29372944150,default,pay_jbid5vaWltcu2Y,order_gtd8EWsOg4lY0X,,upi,,,,
pay_dRkLekBz7Jiynp,payment,0.00,2377.00,2377.00,INR,0.00,0.00,false,true,2026-08-14T07:08:00,2026-08-16T11:00:00,setl_h1WtzHwKHTV5yc,ICICH29372944150,default,pay_dRkLekBz7Jiynp,order_1vnlsU14CfOXS0,,upi,,,,
pay_W7ddD9CZ3ooWFm,payment,0.00,1410.58,1436.00,INR,25.42,3.88,false,true,2026-08-14T17:06:00,2026-08-16T11:00:00,setl_h1WtzHwKHTV5yc,ICICH29372944150,default,pay_W7ddD9CZ3ooWFm,order_EyQJUhm1tPSoRW,,netbanking,,,,
pay_NC4ZOhlQV4ny0j,payment,0.00,16028.00,16028.00,INR,0.00,0.00,false,true,2026-08-14T22:27:00,2026-08-16T11:00:00,setl_h1WtzHwKHTV5yc,ICICH29372944150,default,pay_NC4ZOhlQV4ny0j,order_nimfgKRaMowukE,,upi,,,,
pay_MUxxkfCWH3h0H9,payment,0.00,1064.00,1064.00,INR,0.00,0.00,false,true,2026-08-14T22:59:00,2026-08-16T11:00:00,setl_h1WtzHwKHTV5yc,ICICH29372944150,default,pay_MUxxkfCWH3h0H9,order_0MrT91u7dfr93s,,upi,,,,
pay_AEiBCaEjjxOa4f,payment,0.00,27983.00,27983.00,INR,0.00,0.00,false,true,2026-08-14T07:18:00,2026-08-16T11:00:00,setl_h1WtzHwKHTV5yc,ICICH29372944150,default,pay_AEiBCaEjjxOa4f,order_3wfXCbdEDvuIOk,,upi,,,,
pay_SOGksSk1qiANqJ,payment,0.00,828.00,828.00,INR,0.00,0.00,false,true,2026-08-14T09:53:00,2026-08-16T11:00:00,setl_h1WtzHwKHTV5yc,ICICH29372944150,default,pay_SOGksSk1qiANqJ,order_WAJVWhxkCDdoYK,,upi,,,,
pay_DMBFBc6SFTIvEa,payment,0.00,7321.00,7321.00,INR,0.00,0.00,false,true,2026-08-14T15:05:00,2026-08-16T11:00:00,setl_h1WtzHwKHTV5yc,ICICH29372944150,default,pay_DMBFBc6SFTIvEa,order_jFC9woB81BhbIm,,upi,,,,
pay_NYPCJ2DYShB5u4,payment,0.00,7653.00,7653.00,INR,0.00,0.00,false,true,2026-08-14T17:37:00,2026-08-16T11:00:00,setl_h1WtzHwKHTV5yc,ICICH29372944150,default,pay_NYPCJ2DYShB5u4,order_JDsuRFUABLbfwJ,,upi,,,,
pay_opvF9MFzixNFeD,payment,0.00,7063.00,7063.00,INR,0.00,0.00,false,true,2026-08-14T08:45:00,2026-08-16T11:00:00,setl_h1WtzHwKHTV5yc,ICICH29372944150,default,pay_opvF9MFzixNFeD,order_mde5DRz7w9k412,,upi,,,,
pay_88WymfNLJxctvf,payment,0.00,12098.00,12098.00,INR,0.00,0.00,false,true,2026-08-14T07:21:00,2026-08-16T11:00:00,setl_h1WtzHwKHTV5yc,ICICH29372944150,default,pay_88WymfNLJxctvf,order_FpbXCUIUljF9se,,upi,,,,
pay_OVz0m4yimt2O80,payment,0.00,4120.41,4220.00,INR,99.59,15.19,false,true,2026-08-14T15:51:00,2026-08-16T11:00:00,setl_h1WtzHwKHTV5yc,ICICH29372944150,default,pay_OVz0m4yimt2O80,order_gjJEHr3EuPHF2q,,card,MasterCard,HDFC Bank,debit,
pay_yfe7gb4eLIPoAc,payment,0.00,3110.81,3186.00,INR,75.19,11.47,false,true,2026-08-14T08:20:00,2026-08-16T11:00:00,setl_h1WtzHwKHTV5yc,ICICH29372944150,default,pay_yfe7gb4eLIPoAc,order_cKl7ymQlSRUMfC,,card,RuPay,HDFC Bank,debit,
pay_bKSAX8euekGgjO,payment,0.00,42112.18,42871.00,INR,758.82,115.75,false,true,2026-08-14T13:20:00,2026-08-16T11:00:00,setl_h1WtzHwKHTV5yc,ICICH29372944150,default,pay_bKSAX8euekGgjO,order_PLT9ndnv0jPs8v,,netbanking,,,,
pay_iXe9ItXS8ngsRj,payment,0.00,587.00,587.00,INR,0.00,0.00,false,true,2026-08-14T20:52:00,2026-08-16T11:00:00,setl_h1WtzHwKHTV5yc,ICICH29372944150,default,pay_iXe9ItXS8ngsRj,order_OgyuCzzALwFkCG,,upi,,,,
pay_mxjnlPymuzwK1K,payment,0.00,2872.25,2924.00,INR,51.75,7.89,false,true,2026-08-14T21:38:00,2026-08-16T11:00:00,setl_h1WtzHwKHTV5yc,ICICH29372944150,default,pay_mxjnlPymuzwK1K,order_AE2Nh924WbzUDw,,netbanking,,,,
pay_3vYkRlI1y0vJZ1,payment,0.00,11500.04,11778.00,INR,277.96,42.40,false,true,2026-08-14T10:56:00,2026-08-16T11:00:00,setl_h1WtzHwKHTV5yc,ICICH29372944150,default,pay_3vYkRlI1y0vJZ1,order_wa0HbNAB5vg3VU,,card,Visa,SBI Cards,debit,
pay_f5LDw90molNSCz,payment,0.00,6580.00,6580.00,INR,0.00,0.00,false,true,2026-08-14T08:49:00,2026-08-16T11:00:00,setl_h1WtzHwKHTV5yc,ICICH29372944150,default,pay_f5LDw90molNSCz,order_BYF4AFAgpGFj07,,upi,,,,
pay_lP9z3Wc6CgeAqZ,payment,0.00,1204.88,1234.00,INR,29.12,4.44,false,true,2026-08-14T13:20:00,2026-08-16T11:00:00,setl_h1WtzHwKHTV5yc,ICICH29372944150,default,pay_lP9z3Wc6CgeAqZ,order_Kn6trUSjULFgV9,,card,Amex,Axis Bank,debit,
pay_WATHcmSUTeaQfp,payment,0.00,358.34,367.00,INR,8.66,1.32,false,true,2026-08-14T20:53:00,2026-08-16T11:00:00,setl_h1WtzHwKHTV5yc,ICICH29372944150,default,pay_WATHcmSUTeaQfp,order_dAGuycYZDnaU9s,,card,RuPay,HDFC Bank,debit,
pay_fa9X0lmQzmqLeJ,payment,0.00,3502.00,3502.00,INR,0.00,0.00,false,true,2026-08-14T15:06:00,2026-08-16T11:00:00,setl_h1WtzHwKHTV5yc,ICICH29372944150,default,pay_fa9X0lmQzmqLeJ,order_yCSuV3uPTUo8Ft,,upi,,,,
pay_RoQDVL1gt4KfZh,payment,0.00,212.39,217.00,INR,4.61,0.70,false,true,2026-08-14T21:20:00,2026-08-16T11:00:00,setl_h1WtzHwKHTV5yc,ICICH29372944150,default,pay_RoQDVL1gt4KfZh,order_EIquGaVc4wRvEb,,wallet,,,,
pay_sG5d0m2bpBJ0Rw,payment,0.00,24611.00,24611.00,INR,0.00,0.00,false,true,2026-08-14T20:52:00,2026-08-16T11:00:00,setl_h1WtzHwKHTV5yc,ICICH29372944150,default,pay_sG5d0m2bpBJ0Rw,order_4fw6xelHLxaVvC,,upi,,,,
pay_N7CFX409t3lI8s,payment,0.00,149.00,149.00,INR,0.00,0.00,false,true,2026-08-14T09:44:00,2026-08-16T11:00:00,setl_h1WtzHwKHTV5yc,ICICH29372944150,default,pay_N7CFX409t3lI8s,order_klsDS1g64Fw6js,,upi,,,,
pay_1Fm3CsZPAhEBmg,payment,0.00,1041.82,1067.00,INR,25.18,3.84,false,true,2026-08-14T11:27:00,2026-08-16T11:00:00,setl_h1WtzHwKHTV5yc,ICICH29372944150,default,pay_1Fm3CsZPAhEBmg,order_0TxSXDnAa0mjhv,,card,Visa,Axis Bank,credit,
pay_uMcRomLGBkEsfY,payment,0.00,21922.00,21922.00,INR,0.00,0.00,false,true,2026-08-14T18:54:00,2026-08-16T11:00:00,setl_h1WtzHwKHTV5yc,ICICH29372944150,default,pay_uMcRomLGBkEsfY,order_IbNzqfcv64N0l2,,upi,,,,
pay_lq68pvodVRaBhR,payment,0.00,917.00,917.00,INR,0.00,0.00,false,true,2026-08-14T09:29:00,2026-08-16T11:00:00,setl_h1WtzHwKHTV5yc,ICICH29372944150,default,pay_lq68pvodVRaBhR,order_7CyqhxJIhQDtmf,,upi,,,,
pay_ESSYilvhBJt2Zo,payment,0.00,34943.35,35573.00,INR,629.65,96.05,false,true,2026-08-14T07:28:00,2026-08-16T11:00:00,setl_h1WtzHwKHTV5yc,ICICH29372944150,default,pay_ESSYilvhBJt2Zo,order_mbQGsNjAVLR5Tg,,netbanking,,,,
pay_UvR1PfWY5fTBqn,payment,0.00,5626.00,5626.00,INR,0.00,0.00,false,true,2026-08-14T14:43:00,2026-08-16T11:00:00,setl_h1WtzHwKHTV5yc,ICICH29372944150,default,pay_UvR1PfWY5fTBqn,order_V3gqrA29JL9kXv,,upi,,,,
pay_hhYo9L54nnfIo7,payment,0.00,461.84,473.00,INR,11.16,1.70,false,true,2026-08-14T10:19:00,2026-08-16T11:00:00,setl_h1WtzHwKHTV5yc,ICICH29372944150,default,pay_hhYo9L54nnfIo7,order_cct2SniCcwTOtq,,card,Amex,HDFC Bank,debit,
pay_WZtpgxcBuJfcf2,payment,0.00,1494.00,1494.00,INR,0.00,0.00,false,true,2026-08-14T18:58:00,2026-08-16T11:00:00,setl_h1WtzHwKHTV5yc,ICICH29372944150,default,pay_WZtpgxcBuJfcf2,order_GHwsMe0AzxSYhL,,upi,,,,
pay_MriBnJwV8ox7pi,payment,0.00,8976.00,8976.00,INR,0.00,0.00,false,true,2026-08-14T15:39:00,2026-08-16T11:00:00,setl_h1WtzHwKHTV5yc,ICICH29372944150,default,pay_MriBnJwV8ox7pi,order_UpCcBW6BNOujLk,,upi,,,,
pay_bD5I2lMhNQC9Jm,payment,0.00,6291.00,6291.00,INR,0.00,0.00,false,true,2026-08-14T22:19:00,2026-08-16T11:00:00,setl_h1WtzHwKHTV5yc,ICICH29372944150,default,pay_bD5I2lMhNQC9Jm,order_VCYBCsDsfBMT3J,,upi,,,,
pay_cNTEIDNUSMGco1,payment,0.00,4956.21,5076.00,INR,119.79,18.27,false,true,2026-08-14T18:17:00,2026-08-16T11:00:00,setl_h1WtzHwKHTV5yc,ICICH29372944150,default,pay_cNTEIDNUSMGco1,order_ZE9fmNpgMGQyDl,,card,RuPay,Axis Bank,credit,
pay_520lQCHg3Ejkrd,payment,0.00,8457.00,8457.00,INR,0.00,0.00,false,true,2026-08-14T18:35:00,2026-08-16T11:00:00,setl_h1WtzHwKHTV5yc,ICICH29372944150,default,pay_520lQCHg3Ejkrd,order_RGZUQgh5ANugIQ,,upi,,,,
pay_33FY8KeQ2lcuaA,payment,0.00,1374.00,1374.00,INR,0.00,0.00,false,true,2026-08-14T14:55:00,2026-08-16T11:00:00,setl_h1WtzHwKHTV5yc,ICICH29372944150,default,pay_33FY8KeQ2lcuaA,order_79nSBCQg9tHOFn,,upi,,,,
pay_pFn91ZJE8w46tU,payment,0.00,609.00,609.00,INR,0.00,0.00,false,true,2026-08-14T12:42:00,2026-08-16T11:00:00,setl_h1WtzHwKHTV5yc,ICICH29372944150,default,pay_pFn91ZJE8w46tU,order_LfGJm1XFlX3rC7,,upi,,,,
pay_mBzLChedVelUgv,payment,0.00,5624.06,5760.00,INR,135.94,20.74,false,true,2026-08-14T09:03:00,2026-08-16T11:00:00,setl_h1WtzHwKHTV5yc,ICICH29372944150,default,pay_mBzLChedVelUgv,order_weGaIRoNM9Mlny,,card,MasterCard,Axis Bank,debit,
pay_D0HVKavxKo1Sdc,payment,0.00,5340.00,5340.00,INR,0.00,0.00,false,true,2026-08-14T07:04:00,2026-08-16T11:00:00,setl_h1WtzHwKHTV5yc,ICICH29372944150,default,pay_D0HVKavxKo1Sdc,order_mgvoO2ofIyh295,,upi,,,,
pay_S8EEQvs2n5430c,payment,0.00,34171.26,34787.00,INR,615.74,93.93,false,true,2026-08-14T17:28:00,2026-08-16T11:00:00,setl_h1WtzHwKHTV5yc,ICICH29372944150,default,pay_S8EEQvs2n5430c,order_Hxp2LQtH68N9QX,,netbanking,,,,
disp_X2KNxph2ls7CUm,dispute,2115.20,0.00,1419.00,INR,696.20,106.20,false,true,2026-08-16T09:00:00,2026-08-16T11:00:00,setl_h1WtzHwKHTV5yc,ICICH29372944150,default,pay_v2Djyro2j77e94,order_EAw4ra6H9N8jE9,disp_X2KNxph2ls7CUm,netbanking,,,,
rfnd_zmnVKrDRiH5kVd,refund,3768.00,0.00,3768.00,INR,0.00,0.00,false,true,2026-08-16T09:00:00,2026-08-16T11:00:00,setl_h1WtzHwKHTV5yc,ICICH29372944150,default,pay_r3XBDY7pTYKRF0,,,upi,,,,
rfnd_JpnyfQfOBkFeZs,refund,1414.00,0.00,1414.00,INR,0.00,0.00,false,true,2026-08-16T09:00:00,2026-08-16T11:00:00,setl_h1WtzHwKHTV5yc,ICICH29372944150,default,pay_qpq8KPn5Lb3XJy,order_zdhO1Whtg7kXDV,,upi,,,,
rfnd_hZmdTHIxguL8s7,refund,2896.00,0.00,2896.00,INR,0.00,0.00,false,true,2026-08-16T09:00:00,2026-08-16T11:00:00,setl_h1WtzHwKHTV5yc,ICICH29372944150,default,pay_EbhvNlKYiYDGlS,order_ObcAWwxwpbV8ko,,upi,,,,
rfnd_70ey8NRa3XNtHc,refund,9983.00,0.00,9983.00,INR,0.00,0.00,false,true,2026-08-16T09:00:00,2026-08-16T11:00:00,setl_h1WtzHwKHTV5yc,ICICH29372944150,default,pay_9zFHFRlsX9U908,order_CkDMUx23k31dzg,,upi,,,,
rfnd_899eh6AWB9QojN,refund,15532.00,0.00,15532.00,INR,0.00,0.00,false,true,2026-08-16T09:00:00,2026-08-16T11:00:00,setl_h1WtzHwKHTV5yc,ICICH29372944150,default,pay_VkvfwYjuU463xk,order_ACcwSz252dgKOS,,card,MasterCard,SBI Cards,debit,
rfnd_N9zlK2QP8a7glw,refund,3620.00,0.00,3620.00,INR,0.00,0.00,false,true,2026-08-16T09:00:00,2026-08-16T11:00:00,setl_h1WtzHwKHTV5yc,ICICH29372944150,default,pay_rqO40AF5uhiS8V,,,upi,,,,
rfnd_wZ72PQzUlts5gf,refund,3620.00,0.00,3620.00,INR,0.00,0.00,false,true,2026-08-16T09:00:00,2026-08-16T11:00:00,setl_h1WtzHwKHTV5yc,ICICH29372944150,default,pay_vJUCNNrZUxQN0S,,,upi,,,,
rfnd_11x1UNZup7XNl2,refund,26586.00,0.00,26586.00,INR,0.00,0.00,false,true,2026-08-16T09:00:00,2026-08-16T11:00:00,setl_h1WtzHwKHTV5yc,ICICH29372944150,default,pay_btfiuX50IHasaw,order_6JAA9xwdPuWq2n,,card,MasterCard,Kotak,credit,
rfnd_qydLhMyq1m2XJR,refund,646.00,0.00,646.00,INR,0.00,0.00,false,true,2026-08-16T09:00:00,2026-08-16T11:00:00,setl_h1WtzHwKHTV5yc,ICICH29372944150,default,pay_tqeYIReTNIJT4G,order_F5B43Dyb004wYg,,card,MasterCard,ICICI Bank,debit,
pay_ihwAJsyY6vmSaG,payment,0.00,4254.00,4254.00,INR,0.00,0.00,false,true,2026-08-15T17:55:00,2026-08-17T11:00:00,setl_dAgKC6Mi3IWtGw,KKBKH22330992712,default,pay_ihwAJsyY6vmSaG,order_2YaGA42zCyhPmH,,upi,,,,
pay_1F1qx94OurWIQ3,payment,0.00,1367.00,1367.00,INR,0.00,0.00,false,true,2026-08-15T12:37:00,2026-08-17T11:00:00,setl_dAgKC6Mi3IWtGw,KKBKH22330992712,default,pay_1F1qx94OurWIQ3,order_ggtIfvjYVpqd2J,,upi,,,,
pay_2nqPyX97XC6G4M,payment,0.00,380.80,390.00,INR,9.20,1.40,false,true,2026-08-15T08:49:00,2026-08-17T11:00:00,setl_dAgKC6Mi3IWtGw,KKBKH22330992712,default,pay_2nqPyX97XC6G4M,order_FfhGPBY12wjlGC,,card,RuPay,Kotak,debit,
pay_aYaKwbPezZVCUk,payment,0.00,886.00,886.00,INR,0.00,0.00,false,true,2026-08-15T18:14:00,2026-08-17T11:00:00,setl_dAgKC6Mi3IWtGw,KKBKH22330992712,default,pay_aYaKwbPezZVCUk,order_izLjE6k8mUW0G3,,upi,,,,
pay_ArsFtHM0jl6RRY,payment,0.00,29300.00,29300.00,INR,0.00,0.00,false,true,2026-08-15T07:25:00,2026-08-17T11:00:00,setl_dAgKC6Mi3IWtGw,KKBKH22330992712,default,pay_ArsFtHM0jl6RRY,order_NT3wxIfiwtEEXG,,upi,,,,
pay_90GkoCXH0TwBWG,payment,0.00,1376.00,1376.00,INR,0.00,0.00,false,true,2026-08-15T15:55:00,2026-08-17T11:00:00,setl_dAgKC6Mi3IWtGw,KKBKH22330992712,default,pay_90GkoCXH0TwBWG,order_AvVyA9Njm6wUt5,,upi,,,,
pay_Up6EZRhvLNpEu0,payment,0.00,7770.19,7958.00,INR,187.81,28.65,false,true,2026-08-15T11:46:00,2026-08-17T11:00:00,setl_dAgKC6Mi3IWtGw,KKBKH22330992712,default,pay_Up6EZRhvLNpEu0,order_1TXcCPnabu9Pqh,,card,MasterCard,SBI Cards,credit,
pay_n0weIi60TeCMYB,payment,0.00,914.00,914.00,INR,0.00,0.00,false,true,2026-08-15T10:35:00,2026-08-17T11:00:00,setl_dAgKC6Mi3IWtGw,KKBKH22330992712,default,pay_n0weIi60TeCMYB,order_G60ZDF1NVDwWSa,,upi,,,,
pay_kBeHQoFkv2P2Zv,payment,0.00,11152.44,11422.00,INR,269.56,41.12,false,true,2026-08-15T22:46:00,2026-08-17T11:00:00,setl_dAgKC6Mi3IWtGw,KKBKH22330992712,default,pay_kBeHQoFkv2P2Zv,order_V3Bfp7xi6m1mqN,,card,Visa,ICICI Bank,debit,
pay_S4PcYjTGYeepL5,payment,0.00,9324.00,9324.00,INR,0.00,0.00,false,true,2026-08-15T16:58:00,2026-08-17T11:00:00,setl_dAgKC6Mi3IWtGw,KKBKH22330992712,default,pay_S4PcYjTGYeepL5,order_DztOP2ew6pQLhz,,upi,,,,
pay_Oz8hTsU1LkUzlD,payment,0.00,2896.00,2896.00,INR,0.00,0.00,false,true,2026-08-15T18:33:00,2026-08-17T11:00:00,setl_dAgKC6Mi3IWtGw,KKBKH22330992712,default,pay_Oz8hTsU1LkUzlD,order_BPdarqx9kruG40,,upi,,,,
pay_VWUS7rznDwYuw3,payment,0.00,16251.33,16604.00,INR,352.67,53.80,false,true,2026-08-15T08:26:00,2026-08-17T11:00:00,setl_dAgKC6Mi3IWtGw,KKBKH22330992712,default,pay_VWUS7rznDwYuw3,order_Kq9u2KoPQH4R64,,wallet,,,,
pay_oyfu6LyCCW0wP1,payment,0.00,11658.00,11658.00,INR,0.00,0.00,false,true,2026-08-15T10:31:00,2026-08-17T11:00:00,setl_dAgKC6Mi3IWtGw,KKBKH22330992712,default,pay_oyfu6LyCCW0wP1,order_Uy8gKw5TpVKsO4,,upi,,,,
pay_ujhsCFS2a8munp,payment,0.00,39918.00,39918.00,INR,0.00,0.00,false,true,2026-08-15T19:34:00,2026-08-17T11:00:00,setl_dAgKC6Mi3IWtGw,KKBKH22330992712,default,pay_ujhsCFS2a8munp,order_rFJIUarEbsDc6W,,upi,,,,
pay_0YBnhlS4PCP2dd,payment,0.00,9121.00,9121.00,INR,0.00,0.00,false,true,2026-08-15T19:45:00,2026-08-17T11:00:00,setl_dAgKC6Mi3IWtGw,KKBKH22330992712,default,pay_0YBnhlS4PCP2dd,order_505kQTJAyAt1UB,,upi,,,,
pay_Jz3MidQ9MajM0U,payment,0.00,306.59,314.00,INR,7.41,1.13,false,true,2026-08-15T19:32:00,2026-08-17T11:00:00,setl_dAgKC6Mi3IWtGw,KKBKH22330992712,default,pay_Jz3MidQ9MajM0U,order_UWskOwVu4h8nxr,,card,Visa,Kotak,credit,
pay_IdL2gOMgptP55f,payment,0.00,30438.00,30438.00,INR,0.00,0.00,false,true,2026-08-15T21:28:00,2026-08-17T11:00:00,setl_dAgKC6Mi3IWtGw,KKBKH22330992712,default,pay_IdL2gOMgptP55f,order_xXSTpCOCggzaZe,,upi,,,,
pay_NMlPZnhFyx8jpt,payment,0.00,28139.85,28820.00,INR,680.15,103.75,false,true,2026-08-15T09:47:00,2026-08-17T11:00:00,setl_dAgKC6Mi3IWtGw,KKBKH22330992712,default,pay_NMlPZnhFyx8jpt,order_HrQA8qmK1BQmDR,,card,Visa,Kotak,credit,
pay_I2iZPfQ41bUxE5,payment,0.00,1298.00,1298.00,INR,0.00,0.00,false,true,2026-08-15T16:19:00,2026-08-17T11:00:00,setl_dAgKC6Mi3IWtGw,KKBKH22330992712,default,pay_I2iZPfQ41bUxE5,order_2afDS7V6dcPX0S,,upi,,,,
pay_4bQuOLDlSYcvhU,payment,0.00,928.00,928.00,INR,0.00,0.00,false,true,2026-08-15T21:47:00,2026-08-17T11:00:00,setl_dAgKC6Mi3IWtGw,KKBKH22330992712,default,pay_4bQuOLDlSYcvhU,order_WITlbbGRkDOIhx,,upi,,,,
pay_ZOM9INI0D3RG2Z,payment,0.00,753.00,753.00,INR,0.00,0.00,false,true,2026-08-15T11:25:00,2026-08-17T11:00:00,setl_dAgKC6Mi3IWtGw,KKBKH22330992712,default,pay_ZOM9INI0D3RG2Z,order_xWWa42jwiaXOf7,,upi,,,,
pay_ok0FQtHtbvPcmZ,payment,0.00,10595.89,10852.00,INR,256.11,39.07,false,true,2026-08-15T10:10:00,2026-08-17T11:00:00,setl_dAgKC6Mi3IWtGw,KKBKH22330992712,default,pay_ok0FQtHtbvPcmZ,order_Rl8md05Y28UOOV,,card,RuPay,Kotak,debit,
pay_2iaArY5HVYFKlZ,payment,0.00,618.00,618.00,INR,0.00,0.00,false,true,2026-08-15T21:03:00,2026-08-17T11:00:00,setl_dAgKC6Mi3IWtGw,KKBKH22330992712,default,pay_2iaArY5HVYFKlZ,order_WQ3lnrJ9qGqEWQ,,upi,,,,
pay_JNeyQTi264ExN9,payment,0.00,42746.00,42746.00,INR,0.00,0.00,false,true,2026-08-15T13:48:00,2026-08-17T11:00:00,setl_dAgKC6Mi3IWtGw,KKBKH22330992712,default,pay_JNeyQTi264ExN9,order_8QbwP2EsafzhdU,,upi,,,,
pay_9fGUqj9UbZIbwH,payment,0.00,15215.83,15490.00,INR,274.17,41.82,false,true,2026-08-15T11:13:00,2026-08-17T11:00:00,setl_dAgKC6Mi3IWtGw,KKBKH22330992712,default,pay_9fGUqj9UbZIbwH,order_8ai5XUcu7G8UxM,,netbanking,,,,
pay_EaF0IqFaQX5zlj,payment,0.00,228.48,234.00,INR,5.52,0.84,false,true,2026-08-15T10:50:00,2026-08-17T11:00:00,setl_dAgKC6Mi3IWtGw,KKBKH22330992712,default,pay_EaF0IqFaQX5zlj,order_9nl1atMiLfja0a,,card,MasterCard,ICICI Bank,debit,
pay_1zhJ0ChJeaRcY4,payment,0.00,17232.00,17232.00,INR,0.00,0.00,false,true,2026-08-15T10:54:00,2026-08-17T11:00:00,setl_dAgKC6Mi3IWtGw,KKBKH22330992712,default,pay_1zhJ0ChJeaRcY4,order_T1nkY55TncS6DL,,upi,,,,
pay_4CKAk9NQEK3i0m,payment,0.00,2866.71,2936.00,INR,69.29,10.57,false,true,2026-08-15T15:49:00,2026-08-17T11:00:00,setl_dAgKC6Mi3IWtGw,KKBKH22330992712,default,pay_4CKAk9NQEK3i0m,order_l6YPGI7vv9jjK6,,card,Visa,ICICI Bank,credit,
pay_JXkQaxgNSXh4EA,payment,0.00,817.00,817.00,INR,0.00,0.00,false,true,2026-08-15T16:05:00,2026-08-17T11:00:00,setl_dAgKC6Mi3IWtGw,KKBKH22330992712,default,pay_JXkQaxgNSXh4EA,order_6UinvCH9n820HG,,upi,,,,
pay_DhiuCHAMAPNIc0,payment,0.00,33469.00,33469.00,INR,0.00,0.00,false,true,2026-08-15T09:40:00,2026-08-17T11:00:00,setl_dAgKC6Mi3IWtGw,KKBKH22330992712,default,pay_DhiuCHAMAPNIc0,order_8Hjf5FgyOYzqsQ,,upi,,,,
pay_trwEqmYtdjxSGL,payment,0.00,1615.94,1655.00,INR,39.06,5.96,false,true,2026-08-15T22:28:00,2026-08-17T11:00:00,setl_dAgKC6Mi3IWtGw,KKBKH22330992712,default,pay_trwEqmYtdjxSGL,order_VOkvOOOr6j9qQZ,,card,RuPay,Kotak,debit,
pay_EbhvNlKYiYDGlS,payment,0.00,2896.00,2896.00,INR,0.00,0.00,false,true,2026-08-15T15:12:00,2026-08-17T11:00:00,setl_dAgKC6Mi3IWtGw,KKBKH22330992712,default,pay_EbhvNlKYiYDGlS,order_ObcAWwxwpbV8ko,,upi,,,,
pay_9zFHFRlsX9U908,payment,0.00,41596.00,41596.00,INR,0.00,0.00,false,true,2026-08-15T17:26:00,2026-08-17T11:00:00,setl_dAgKC6Mi3IWtGw,KKBKH22330992712,default,pay_9zFHFRlsX9U908,order_CkDMUx23k31dzg,,upi,,,,
pay_NxFcxnxsK41cdH,payment,0.00,455.00,455.00,INR,0.00,0.00,false,true,2026-08-15T19:12:00,2026-08-17T11:00:00,setl_dAgKC6Mi3IWtGw,KKBKH22330992712,default,pay_NxFcxnxsK41cdH,order_ARcDnCDElRY2ME,,upi,,,,
pay_UN6xYiTdcxjtbZ,payment,0.00,1256.00,1256.00,INR,0.00,0.00,false,true,2026-08-15T13:11:00,2026-08-17T11:00:00,setl_dAgKC6Mi3IWtGw,KKBKH22330992712,default,pay_UN6xYiTdcxjtbZ,order_axLCcCsUuTit6i,,upi,,,,
pay_NZRVr3aR5lImSC,payment,0.00,267.00,267.00,INR,0.00,0.00,false,true,2026-08-15T19:26:00,2026-08-17T11:00:00,setl_dAgKC6Mi3IWtGw,KKBKH22330992712,default,pay_NZRVr3aR5lImSC,order_N163Gt94EHSoIJ,,upi,,,,
pay_w2fyDLLEarpG6o,payment,0.00,5633.83,5770.00,INR,136.17,20.77,false,true,2026-08-15T16:14:00,2026-08-17T11:00:00,setl_dAgKC6Mi3IWtGw,KKBKH22330992712,default,pay_w2fyDLLEarpG6o,order_y6XxuQHhTFE4pE,,card,Visa,ICICI Bank,debit,
pay_RuWBvsJSO7i89m,payment,0.00,41799.00,41799.00,INR,0.00,0.00,false,true,2026-08-15T14:52:00,2026-08-17T11:00:00,setl_dAgKC6Mi3IWtGw,KKBKH22330992712,default,pay_RuWBvsJSO7i89m,order_DKdLoIzVALJZn6,,upi,,,,
pay_vornlizipWg3ke,payment,0.00,4077.00,4077.00,INR,0.00,0.00,false,true,2026-08-15T07:28:00,2026-08-17T11:00:00,setl_dAgKC6Mi3IWtGw,KKBKH22330992712,default,pay_vornlizipWg3ke,order_DPUpXHmJJRkwHf,,upi,,,,
pay_4FW13ECGtaaJnZ,payment,0.00,1265.20,1288.00,INR,22.80,3.48,false,true,2026-08-15T14:57:00,2026-08-17T11:00:00,setl_dAgKC6Mi3IWtGw,KKBKH22330992712,default,pay_4FW13ECGtaaJnZ,order_GbWcV5rJWzcdK0,,netbanking,,,,
pay_0Y3OAYwBUlMHuT,payment,0.00,34992.00,34992.00,INR,0.00,0.00,false,true,2026-08-15T20:40:00,2026-08-17T11:00:00,setl_dAgKC6Mi3IWtGw,KKBKH22330992712,default,pay_0Y3OAYwBUlMHuT,order_SZ3u7f99LjvFRs,,upi,,,,
pay_ANJl0oUYYtM7Zw,payment,0.00,32981.82,33779.00,INR,797.18,121.60,false,true,2026-08-15T09:28:00,2026-08-17T11:00:00,setl_dAgKC6Mi3IWtGw,KKBKH22330992712,default,pay_ANJl0oUYYtM7Zw,order_EePSOR5ozB0wZW,,card,MasterCard,Axis Bank,credit,
pay_96wtArjsZAq1Y7,payment,0.00,6970.52,7139.00,INR,168.48,25.70,false,true,2026-08-15T13:23:00,2026-08-17T11:00:00,setl_dAgKC6Mi3IWtGw,KKBKH22330992712,default,pay_96wtArjsZAq1Y7,order_zyx9zMC7SjqTjH,,card,Visa,SBI Cards,credit,
pay_NgqjdkXmWt4WDL,payment,0.00,4741.00,4741.00,INR,0.00,0.00,false,true,2026-08-15T17:07:00,2026-08-17T11:00:00,setl_dAgKC6Mi3IWtGw,KKBKH22330992712,default,pay_NgqjdkXmWt4WDL,order_xRBqBjKMRhjIpt,,upi,,,,
pay_VkvfwYjuU463xk,payment,0.00,29166.04,29871.00,INR,704.96,107.54,false,true,2026-08-15T11:13:00,2026-08-17T11:00:00,setl_dAgKC6Mi3IWtGw,KKBKH22330992712,default,pay_VkvfwYjuU463xk,order_ACcwSz252dgKOS,,card,RuPay,SBI Cards,credit,
pay_AsJ9BqcHNHyq0S,payment,0.00,7253.68,7429.00,INR,175.32,26.74,false,true,2026-08-15T22:06:00,2026-08-17T11:00:00,setl_dAgKC6Mi3IWtGw,KKBKH22330992712,default,pay_AsJ9BqcHNHyq0S,order_SvXmXry9Xrp7n0,,card,Visa,Axis Bank,credit,
pay_Oq5kjAZwmpYMeJ,payment,0.00,1114.00,1114.00,INR,0.00,0.00,false,true,2026-08-15T08:26:00,2026-08-17T11:00:00,setl_dAgKC6Mi3IWtGw,KKBKH22330992712,default,pay_Oq5kjAZwmpYMeJ,order_WFCDH4UPL4Aar9,,upi,,,,
pay_za9IFfHo5s0LYm,payment,0.00,625.00,625.00,INR,0.00,0.00,false,true,2026-08-15T10:08:00,2026-08-17T11:00:00,setl_dAgKC6Mi3IWtGw,KKBKH22330992712,default,pay_za9IFfHo5s0LYm,order_HtbnA1KyeBQvuv,,upi,,,,
pay_WvQdqqqTt75L0A,payment,0.00,9467.00,9467.00,INR,0.00,0.00,false,true,2026-08-15T21:07:00,2026-08-17T11:00:00,setl_dAgKC6Mi3IWtGw,KKBKH22330992712,default,pay_WvQdqqqTt75L0A,order_uLFps7wsrm7Mwo,,upi,,,,
pay_zu1bsPGhYYIQug,payment,0.00,7900.00,7900.00,INR,0.00,0.00,false,true,2026-08-15T14:39:00,2026-08-17T11:00:00,setl_dAgKC6Mi3IWtGw,KKBKH22330992712,default,pay_zu1bsPGhYYIQug,order_WhleWDToPN7FGe,,upi,,,,
pay_nuwNmHiIedpIds,payment,0.00,3752.31,3843.00,INR,90.69,13.83,false,true,2026-08-15T08:08:00,2026-08-17T11:00:00,setl_dAgKC6Mi3IWtGw,KKBKH22330992712,default,pay_nuwNmHiIedpIds,order_2815LD5XCKPngD,,card,Amex,Kotak,credit,
pay_SkSRMj1mPrk08p,payment,0.00,5086.00,5086.00,INR,0.00,0.00,false,true,2026-08-15T21:22:00,2026-08-17T11:00:00,setl_dAgKC6Mi3IWtGw,KKBKH22330992712,default,pay_SkSRMj1mPrk08p,order_6axWwafxU1X9Dd,,upi,,,,
pay_iVcsWrJJEPgReR,payment,0.00,656.18,668.00,INR,11.82,1.80,false,true,2026-08-15T18:34:00,2026-08-17T11:00:00,setl_dAgKC6Mi3IWtGw,KKBKH22330992712,default,pay_iVcsWrJJEPgReR,order_tU4mtGJmnhngi7,,netbanking,,,,
pay_VBlhuQDFsqYiLv,payment,0.00,33757.08,34573.00,INR,815.92,124.46,false,true,2026-08-15T22:07:00,2026-08-17T11:00:00,setl_dAgKC6Mi3IWtGw,KKBKH22330992712,default,pay_VBlhuQDFsqYiLv,order_T1qS703W7lpJZG,,card,Visa,Kotak,debit,
pay_omwBmvFxrA0hYY,payment,0.00,502.00,502.00,INR,0.00,0.00,false,true,2026-08-15T15:44:00,2026-08-17T11:00:00,setl_dAgKC6Mi3IWtGw,KKBKH22330992712,default,pay_omwBmvFxrA0hYY,order_AwQyJoBiOhSZFR,,upi,,,,
pay_SSlDWcOofwwB3M,payment,0.00,9125.43,9346.00,INR,220.57,33.65,false,true,2026-08-15T16:49:00,2026-08-17T11:00:00,setl_dAgKC6Mi3IWtGw,KKBKH22330992712,default,pay_SSlDWcOofwwB3M,order_4yZdFDyhbmuu8Q,,card,Amex,Kotak,credit,
pay_b2U0W3ZZ9afv8A,payment,0.00,19844.35,20324.00,INR,479.65,73.17,false,true,2026-08-15T09:23:00,2026-08-17T11:00:00,setl_dAgKC6Mi3IWtGw,KKBKH22330992712,default,pay_b2U0W3ZZ9afv8A,order_vyPMI6FKuFVHHf,,card,MasterCard,Kotak,debit,
pay_ieiOCsDQ7XGcuy,payment,0.00,43987.00,43987.00,INR,0.00,0.00,false,true,2026-08-15T12:22:00,2026-08-17T11:00:00,setl_dAgKC6Mi3IWtGw,KKBKH22330992712,default,pay_ieiOCsDQ7XGcuy,order_tYVFQe8DHNrU6t,,upi,,,,
pay_GdFFwF0rLrwWTx,payment,0.00,1313.00,1313.00,INR,0.00,0.00,false,true,2026-08-15T08:25:00,2026-08-17T11:00:00,setl_dAgKC6Mi3IWtGw,KKBKH22330992712,default,pay_GdFFwF0rLrwWTx,order_2KenjqNPhsw0Bm,,upi,,,,
pay_PWiWtz2YfY0eDG,payment,0.00,12751.78,13060.00,INR,308.22,47.02,false,true,2026-08-15T20:52:00,2026-08-17T11:00:00,setl_dAgKC6Mi3IWtGw,KKBKH22330992712,default,pay_PWiWtz2YfY0eDG,order_gvcISBVXXxEoms,,card,RuPay,ICICI Bank,credit,
pay_0fLpgSe6KEJTGK,payment,0.00,3785.00,3785.00,INR,0.00,0.00,false,true,2026-08-15T18:27:00,2026-08-17T11:00:00,setl_dAgKC6Mi3IWtGw,KKBKH22330992712,default,pay_0fLpgSe6KEJTGK,order_L2wbt2Wt57uxl6,,upi,,,,
pay_ld5ofimYtxjMjz,payment,0.00,699.00,699.00,INR,0.00,0.00,false,true,2026-08-15T17:41:00,2026-08-17T11:00:00,setl_dAgKC6Mi3IWtGw,KKBKH22330992712,default,pay_ld5ofimYtxjMjz,order_lXIFg2BsLe15li,,upi,,,,
pay_ntaYB97tBimXHu,payment,0.00,17489.85,17805.00,INR,315.15,48.07,false,true,2026-08-15T22:11:00,2026-08-17T11:00:00,setl_dAgKC6Mi3IWtGw,KKBKH22330992712,default,pay_ntaYB97tBimXHu,order_CTFOPqvAqLzR7e,,netbanking,,,,
pay_CglDpwbIDLVJ0K,payment,0.00,2651.00,2651.00,INR,0.00,0.00,false,true,2026-08-15T07:08:00,2026-08-17T11:00:00,setl_dAgKC6Mi3IWtGw,KKBKH22330992712,default,pay_CglDpwbIDLVJ0K,order_vooPGnrhXaPt03,,upi,,,,
pay_cpf2cRviwSPvPr,payment,0.00,1403.09,1437.00,INR,33.91,5.17,false,true,2026-08-15T19:20:00,2026-08-17T11:00:00,setl_dAgKC6Mi3IWtGw,KKBKH22330992712,default,pay_cpf2cRviwSPvPr,order_wBAjMxZLls369l,,card,Visa,ICICI Bank,credit,
pay_wbSXATRVfIbKb5,payment,0.00,780.00,780.00,INR,0.00,0.00,false,true,2026-08-15T22:51:00,2026-08-17T11:00:00,setl_dAgKC6Mi3IWtGw,KKBKH22330992712,default,pay_wbSXATRVfIbKb5,order_Vh1jduGgKbn8PD,,upi,,,,
pay_TnoGUvuFiqhWOA,payment,0.00,680.00,680.00,INR,0.00,0.00,false,true,2026-08-15T09:36:00,2026-08-17T11:00:00,setl_dAgKC6Mi3IWtGw,KKBKH22330992712,default,pay_TnoGUvuFiqhWOA,order_7ou0YfUeBIORZS,,upi,,,,
pay_F7pmZ9prOOxucx,payment,0.00,990.00,990.00,INR,0.00,0.00,false,true,2026-08-15T21:02:00,2026-08-17T11:00:00,setl_dAgKC6Mi3IWtGw,KKBKH22330992712,default,pay_F7pmZ9prOOxucx,order_YBmEEMCefZcC0d,,upi,,,,
pay_jx78AurV3Cp8gm,payment,0.00,6800.63,6965.00,INR,164.37,25.07,false,true,2026-08-15T12:15:00,2026-08-17T11:00:00,setl_dAgKC6Mi3IWtGw,KKBKH22330992712,default,pay_jx78AurV3Cp8gm,order_koi9f7GXCBMPXP,,card,Visa,SBI Cards,credit,
pay_uUPuEpnWnVaZlg,payment,0.00,664.03,676.00,INR,11.97,1.83,false,true,2026-08-15T07:48:00,2026-08-17T11:00:00,setl_dAgKC6Mi3IWtGw,KKBKH22330992712,default,pay_uUPuEpnWnVaZlg,order_ADPBTGJLjr7R2z,,netbanking,,,,
pay_C0hWjfZvOJCzQ6,payment,0.00,690.31,707.00,INR,16.69,2.55,false,true,2026-08-15T07:58:00,2026-08-17T11:00:00,setl_dAgKC6Mi3IWtGw,KKBKH22330992712,default,pay_C0hWjfZvOJCzQ6,order_DSjo4G3IPkOWOV,,card,Visa,ICICI Bank,credit,
pay_JjrtZEdMTy2Up4,payment,0.00,810.42,828.00,INR,17.58,2.68,false,true,2026-08-15T17:37:00,2026-08-17T11:00:00,setl_dAgKC6Mi3IWtGw,KKBKH22330992712,default,pay_JjrtZEdMTy2Up4,order_AcqjUODugLGYA4,,wallet,,,,
rfnd_OoWbyG9Oxgv9f5,refund,496.00,0.00,496.00,INR,0.00,0.00,false,true,2026-08-17T09:00:00,2026-08-17T11:00:00,setl_dAgKC6Mi3IWtGw,KKBKH22330992712,default,pay_9iuRlmQe3lcCpS,order_FN1F61WvKY014N,,upi,,,,
rfnd_lC7w611WeOPYA2,refund,496.00,0.00,496.00,INR,0.00,0.00,false,true,2026-08-17T09:00:00,2026-08-17T11:00:00,setl_dAgKC6Mi3IWtGw,KKBKH22330992712,default,pay_9iuRlmQe3lcCpS,order_FN1F61WvKY014N,,upi,,,,
rfnd_UvMBdeHxPXSLd0,refund,2466.00,0.00,2466.00,INR,0.00,0.00,false,true,2026-08-17T09:00:00,2026-08-17T11:00:00,setl_dAgKC6Mi3IWtGw,KKBKH22330992712,default,pay_8RaBamgYr153Ky,order_p0Z89ddG7ZkQct,,upi,,,,
pay_NNwQRYkl7zDTS9,payment,0.00,722.00,722.00,INR,0.00,0.00,false,true,2026-08-16T10:13:00,2026-08-18T11:00:00,setl_CGzmnuWsqHw9IQ,SBINH87495775324,default,pay_NNwQRYkl7zDTS9,order_p5l9QpHOuHwUDR,,upi,,,,
pay_2FOZZ2cX9pl4xW,payment,0.00,4912.27,5031.00,INR,118.73,18.11,false,true,2026-08-16T17:42:00,2026-08-18T11:00:00,setl_CGzmnuWsqHw9IQ,SBINH87495775324,default,pay_2FOZZ2cX9pl4xW,order_dZsKr679llLV1g,,card,MasterCard,HDFC Bank,credit,
pay_tYfzx8bj1uNZeF,payment,0.00,169.93,173.00,INR,3.07,0.47,false,true,2026-08-16T10:02:00,2026-08-18T11:00:00,setl_CGzmnuWsqHw9IQ,SBINH87495775324,default,pay_tYfzx8bj1uNZeF,order_MzF5Tl8aqi3kwL,,netbanking,,,,
pay_9qzfOfgsqtmqrU,payment,0.00,18038.00,18038.00,INR,0.00,0.00,false,true,2026-08-16T12:27:00,2026-08-18T11:00:00,setl_CGzmnuWsqHw9IQ,SBINH87495775324,default,pay_9qzfOfgsqtmqrU,order_wZnjTuBi31saRI,,upi,,,,
pay_WMoXhFVcaW6GbD,payment,0.00,31463.00,31463.00,INR,0.00,0.00,false,true,2026-08-16T16:36:00,2026-08-18T11:00:00,setl_CGzmnuWsqHw9IQ,SBINH87495775324,default,pay_WMoXhFVcaW6GbD,order_rl3NcUKxQIKfV3,,upi,,,,
pay_fM6sTB5IgOY0Sw,payment,0.00,40166.00,40166.00,INR,0.00,0.00,false,true,2026-08-16T21:05:00,2026-08-18T11:00:00,setl_CGzmnuWsqHw9IQ,SBINH87495775324,default,pay_fM6sTB5IgOY0Sw,order_mTbC51WxfrB0it,,upi,,,,
pay_hNUaePAHR0Vsml,payment,0.00,28418.00,28418.00,INR,0.00,0.00,false,true,2026-08-16T21:04:00,2026-08-18T11:00:00,setl_CGzmnuWsqHw9IQ,SBINH87495775324,default,pay_hNUaePAHR0Vsml,order_Amq67sH0FnxPbm,,upi,,,,
pay_UrsSKO3zNp32q4,payment,0.00,6127.00,6127.00,INR,0.00,0.00,false,true,2026-08-16T21:09:00,2026-08-18T11:00:00,setl_CGzmnuWsqHw9IQ,SBINH87495775324,default,pay_UrsSKO3zNp32q4,order_SaCJHcb4GZOWkK,,upi,,,,
pay_bfn5ifaDWwGB4x,payment,0.00,8371.34,8553.00,INR,181.66,27.71,false,true,2026-08-16T14:09:00,2026-08-18T11:00:00,setl_CGzmnuWsqHw9IQ,SBINH87495775324,default,pay_bfn5ifaDWwGB4x,order_x90MkcAMEFSIKJ,,wallet,,,,
pay_7Q2UVT86NizzUO,payment,0.00,259.00,259.00,INR,0.00,0.00,false,true,2026-08-16T18:28:00,2026-08-18T11:00:00,setl_CGzmnuWsqHw9IQ,SBINH87495775324,default,pay_7Q2UVT86NizzUO,order_07gLtzcfaXOORv,,upi,,,,
pay_I2FiA2r7Z7uVbO,payment,0.00,24467.61,25059.00,INR,591.39,90.21,false,true,2026-08-16T15:57:00,2026-08-18T11:00:00,setl_CGzmnuWsqHw9IQ,SBINH87495775324,default,pay_I2FiA2r7Z7uVbO,order_fsZ4oQEqTnTGzW,,card,Visa,Kotak,debit,
pay_ggnQ18oUWuMunV,payment,0.00,304.64,312.00,INR,7.36,1.12,false,true,2026-08-16T14:38:00,2026-08-18T11:00:00,setl_CGzmnuWsqHw9IQ,SBINH87495775324,default,pay_ggnQ18oUWuMunV,order_TkeJlRXs8oljiP,,card,RuPay,HDFC Bank,debit,
pay_UV1aCvJv23wXy1,payment,0.00,39343.21,40197.00,INR,853.79,130.24,false,true,2026-08-16T17:51:00,2026-08-18T11:00:00,setl_CGzmnuWsqHw9IQ,SBINH87495775324,default,pay_UV1aCvJv23wXy1,order_vkjgn5mvfA7k1D,,wallet,,,,
pay_o7gFrOGYsndS23,payment,0.00,860.00,860.00,INR,0.00,0.00,false,true,2026-08-16T11:17:00,2026-08-18T11:00:00,setl_CGzmnuWsqHw9IQ,SBINH87495775324,default,pay_o7gFrOGYsndS23,order_5BCT8SUTymtgcR,,upi,,,,
pay_HNBawsEHByeXTf,payment,0.00,842.00,842.00,INR,0.00,0.00,false,true,2026-08-16T14:38:00,2026-08-18T11:00:00,setl_CGzmnuWsqHw9IQ,SBINH87495775324,default,pay_HNBawsEHByeXTf,order_jHQxqwYSzQNgJq,,upi,,,,
pay_NLbGr7oJoaejPF,payment,0.00,5996.00,5996.00,INR,0.00,0.00,false,true,2026-08-16T07:28:00,2026-08-18T11:00:00,setl_CGzmnuWsqHw9IQ,SBINH87495775324,default,pay_NLbGr7oJoaejPF,order_rTU2EoJ6bVOopg,,upi,,,,
pay_WWwQtcgPoO4bHA,payment,0.00,1401.58,1432.00,INR,30.42,4.64,false,true,2026-08-16T21:11:00,2026-08-18T11:00:00,setl_CGzmnuWsqHw9IQ,SBINH87495775324,default,pay_WWwQtcgPoO4bHA,order_sACvQlPZWxTmsw,,wallet,,,,
pay_8Aw8D1v2Hjn36G,payment,0.00,41176.00,41176.00,INR,0.00,0.00,false,true,2026-08-16T09:32:00,2026-08-18T11:00:00,setl_CGzmnuWsqHw9IQ,SBINH87495775324,default,pay_8Aw8D1v2Hjn36G,order_yp5XiFelw0lNIe,,upi,,,,
pay_1tJG4rpCNUH4ik,payment,0.00,29260.76,29968.00,INR,707.24,107.88,false,true,2026-08-16T20:29:00,2026-08-18T11:00:00,setl_CGzmnuWsqHw9IQ,SBINH87495775324,default,pay_1tJG4rpCNUH4ik,order_B3drvPjjF1GDXm,,card,Visa,ICICI Bank,debit,
pay_zGD41bqg3IBiUx,payment,0.00,3464.27,3548.00,INR,83.73,12.77,false,true,2026-08-16T18:14:00,2026-08-18T11:00:00,setl_CGzmnuWsqHw9IQ,SBINH87495775324,default,pay_zGD41bqg3IBiUx,order_8QuzB0x0wfNZ55,,card,Amex,HDFC Bank,credit,
pay_ktajJ2duKR6ZDQ,payment,0.00,4659.00,4659.00,INR,0.00,0.00,false,true,2026-08-16T11:29:00,2026-08-18T11:00:00,setl_CGzmnuWsqHw9IQ,SBINH87495775324,default,pay_ktajJ2duKR6ZDQ,order_UhWPs5DwJYmLD7,,upi,,,,
pay_NoDh0pJKBKjEJR,payment,0.00,5570.00,5570.00,INR,0.00,0.00,false,true,2026-08-16T15:46:00,2026-08-18T11:00:00,setl_CGzmnuWsqHw9IQ,SBINH87495775324,default,pay_NoDh0pJKBKjEJR,order_te3ZPwWqM0iUyL,,upi,,,,
pay_hGIvD2LREjNUrA,payment,0.00,5804.70,5945.00,INR,140.30,21.40,false,true,2026-08-16T18:56:00,2026-08-18T11:00:00,setl_CGzmnuWsqHw9IQ,SBINH87495775324,default,pay_hGIvD2LREjNUrA,order_vMgfzVkh3fw6oK,,card,RuPay,Kotak,credit,
pay_Y5urdNSFHt2mHW,payment,0.00,313.00,313.00,INR,0.00,0.00,false,true,2026-08-16T12:41:00,2026-08-18T11:00:00,setl_CGzmnuWsqHw9IQ,SBINH87495775324,default,pay_Y5urdNSFHt2mHW,order_9TCqgLamKnGcS2,,upi,,,,
pay_ZXXbGb3AO1ZdIp,payment,0.00,2242.00,2242.00,INR,0.00,0.00,false,true,2026-08-16T18:46:00,2026-08-18T11:00:00,setl_CGzmnuWsqHw9IQ,SBINH87495775324,default,pay_ZXXbGb3AO1ZdIp,order_bjG6xnY0QLZhEQ,,upi,,,,
pay_1A1x6kMVzvkRS7,payment,0.00,6647.00,6647.00,INR,0.00,0.00,false,true,2026-08-16T16:34:00,2026-08-18T11:00:00,setl_CGzmnuWsqHw9IQ,SBINH87495775324,default,pay_1A1x6kMVzvkRS7,order_37DKW4qPhxmlmy,,upi,,,,
pay_mQTNQ6OYrvN6lh,payment,0.00,6679.00,6679.00,INR,0.00,0.00,false,true,2026-08-16T10:29:00,2026-08-18T11:00:00,setl_CGzmnuWsqHw9IQ,SBINH87495775324,default,pay_mQTNQ6OYrvN6lh,order_k3Wv7AHmxIsOHL,,upi,,,,
pay_JVGrPWrAaKQeTr,payment,0.00,481.00,481.00,INR,0.00,0.00,false,true,2026-08-16T13:20:00,2026-08-18T11:00:00,setl_CGzmnuWsqHw9IQ,SBINH87495775324,default,pay_JVGrPWrAaKQeTr,order_AGYO0tFX24DxJI,,upi,,,,
pay_XRbeDHUqaiorl1,payment,0.00,22425.00,22425.00,INR,0.00,0.00,false,true,2026-08-16T08:46:00,2026-08-18T11:00:00,setl_CGzmnuWsqHw9IQ,SBINH87495775324,default,pay_XRbeDHUqaiorl1,order_skM8Uq62t7FR4k,,upi,,,,
pay_Ij3nO92hy3puWR,payment,0.00,5663.00,5663.00,INR,0.00,0.00,false,true,2026-08-16T17:19:00,2026-08-18T11:00:00,setl_CGzmnuWsqHw9IQ,SBINH87495775324,default,pay_Ij3nO92hy3puWR,order_DBdlwtfiyKvTHb,,upi,,,,
pay_sWkLPAELPFvYKW,payment,0.00,5862.77,5990.00,INR,127.23,19.41,false,true,2026-08-16T18:06:00,2026-08-18T11:00:00,setl_CGzmnuWsqHw9IQ,SBINH87495775324,default,pay_sWkLPAELPFvYKW,order_QnedD1vZ0AZ3LB,,wallet,,,,
pay_UlF3GCoUD0BIY2,payment,0.00,3378.67,3452.00,INR,73.33,11.19,false,true,2026-08-16T13:17:00,2026-08-18T11:00:00,setl_CGzmnuWsqHw9IQ,SBINH87495775324,default,pay_UlF3GCoUD0BIY2,order_VqUUXkud56Q7mF,,wallet,,,,
pay_qdhbe5XrbNPsPx,payment,0.00,1455.00,1455.00,INR,0.00,0.00,false,true,2026-08-16T16:09:00,2026-08-18T11:00:00,setl_CGzmnuWsqHw9IQ,SBINH87495775324,default,pay_qdhbe5XrbNPsPx,order_VRC7QfOrrxRCNA,,upi,,,,
pay_DKA3nIYskOejRh,payment,0.00,557.00,557.00,INR,0.00,0.00,false,true,2026-08-16T15:55:00,2026-08-18T11:00:00,setl_CGzmnuWsqHw9IQ,SBINH87495775324,default,pay_DKA3nIYskOejRh,order_2mKty39za5Szzw,,upi,,,,
pay_WstsJfgAg0Tur7,payment,0.00,14353.37,14612.00,INR,258.63,39.45,false,true,2026-08-16T09:08:00,2026-08-18T11:00:00,setl_CGzmnuWsqHw9IQ,SBINH87495775324,default,pay_WstsJfgAg0Tur7,order_FdCOA26wppUeBH,,netbanking,,,,
pay_DM8lDZnI4jojPD,payment,0.00,35927.61,36796.00,INR,868.39,132.47,false,true,2026-08-16T09:02:00,2026-08-18T11:00:00,setl_CGzmnuWsqHw9IQ,SBINH87495775324,default,pay_DM8lDZnI4jojPD,order_QvWzv3wUcCiXkw,,card,MasterCard,Axis Bank,credit,
pay_dWqY481Z8Nl7qC,payment,0.00,40539.00,40539.00,INR,0.00,0.00,false,true,2026-08-16T08:19:00,2026-08-18T11:00:00,setl_CGzmnuWsqHw9IQ,SBINH87495775324,default,pay_dWqY481Z8Nl7qC,order_kiKRBXKeX4iPp4,,upi,,,,
pay_X9QcEvfLYiPYOb,payment,0.00,38299.00,38299.00,INR,0.00,0.00,false,true,2026-08-16T16:34:00,2026-08-18T11:00:00,setl_CGzmnuWsqHw9IQ,SBINH87495775324,default,pay_X9QcEvfLYiPYOb,order_mfj8frSmcHlZv7,,upi,,,,
pay_Hxl5KbZ9opKa6M,payment,0.00,14866.67,15226.00,INR,359.33,54.81,false,true,2026-08-16T12:40:00,2026-08-18T11:00:00,setl_CGzmnuWsqHw9IQ,SBINH87495775324,default,pay_Hxl5KbZ9opKa6M,order_Z1REnUwTrrJ1tX,,card,MasterCard,Axis Bank,credit,
pay_UV4fZEEe3GdzCY,payment,0.00,6482.00,6482.00,INR,0.00,0.00,false,true,2026-08-16T12:30:00,2026-08-18T11:00:00,setl_CGzmnuWsqHw9IQ,SBINH87495775324,default,pay_UV4fZEEe3GdzCY,order_fFv8DDAz5nq9K5,,upi,,,,
pay_47YWz0hT9P59WX,payment,0.00,505.00,505.00,INR,0.00,0.00,false,true,2026-08-16T20:00:00,2026-08-18T11:00:00,setl_CGzmnuWsqHw9IQ,SBINH87495775324,default,pay_47YWz0hT9P59WX,order_Mysx4MfBjTUOVE,,upi,,,,
pay_YOr3FkVyy6G4T2,payment,0.00,31494.54,32178.00,INR,683.46,104.26,false,true,2026-08-16T19:25:00,2026-08-18T11:00:00,setl_CGzmnuWsqHw9IQ,SBINH87495775324,default,pay_YOr3FkVyy6G4T2,order_jdsZK8VdVUKddY,,wallet,,,,
pay_xmhVSAyIOKnci4,payment,0.00,7091.22,7219.00,INR,127.78,19.49,false,true,2026-08-16T10:11:00,2026-08-18T11:00:00,setl_CGzmnuWsqHw9IQ,SBINH87495775324,default,pay_xmhVSAyIOKnci4,order_9p3G9viEnshgf0,,netbanking,,,,
pay_LLfpR28CnYiYHf,payment,0.00,7541.35,7705.00,INR,163.65,24.96,false,true,2026-08-16T13:42:00,2026-08-18T11:00:00,setl_CGzmnuWsqHw9IQ,SBINH87495775324,default,pay_LLfpR28CnYiYHf,order_PXx0CoOFLYmrTV,,wallet,,,,
pay_U8IbZdSxpKpQ6m,payment,0.00,1287.00,1287.00,INR,0.00,0.00,false,true,2026-08-16T10:33:00,2026-08-18T11:00:00,setl_CGzmnuWsqHw9IQ,SBINH87495775324,default,pay_U8IbZdSxpKpQ6m,order_YD4yEblWjWQE5Z,,upi,,,,
pay_HxU15WTEfihota,payment,0.00,1214.26,1241.00,INR,26.74,4.40,false,true,2026-08-16T10:47:00,2026-08-18T11:00:00,setl_CGzmnuWsqHw9IQ,SBINH87495775324,default,pay_HxU15WTEfihota,order_wvtMQX3Fn6LnAJ,,wallet,,,,
pay_BPlB0hi7NuVnjD,payment,0.00,5312.59,5441.00,INR,128.41,19.59,false,true,2026-08-16T13:33:00,2026-08-18T11:00:00,setl_CGzmnuWsqHw9IQ,SBINH87495775324,default,pay_BPlB0hi7NuVnjD,order_1YFpXZhvVJCcrV,,card,Visa,SBI Cards,credit,
pay_aCw7ndSrxwcY6R,payment,0.00,7550.00,7550.00,INR,0.00,0.00,false,true,2026-08-16T19:45:00,2026-08-18T11:00:00,setl_CGzmnuWsqHw9IQ,SBINH87495775324,default,pay_aCw7ndSrxwcY6R,order_K0gjZqIELjX2U2,,upi,,,,
pay_2Z4fdeckuqBRhZ,payment,0.00,21188.21,21570.00,INR,381.79,58.24,false,true,2026-08-16T07:22:00,2026-08-18T11:00:00,setl_CGzmnuWsqHw9IQ,SBINH87495775324,default,pay_2Z4fdeckuqBRhZ,order_LKsAyi2gPusdLp,,netbanking,,,,
pay_ah05jxrkywsn7Y,payment,0.00,16711.86,17013.00,INR,301.14,45.94,false,true,2026-08-16T20:06:00,2026-08-18T11:00:00,setl_CGzmnuWsqHw9IQ,SBINH87495775324,default,pay_ah05jxrkywsn7Y,order_DUctWeUpmHusHE,,netbanking,,,,
pay_cGqfx9eMzc5opw,payment,0.00,7551.00,7551.00,INR,0.00,0.00,false,true,2026-08-16T08:39:00,2026-08-18T11:00:00,setl_CGzmnuWsqHw9IQ,SBINH87495775324,default,pay_cGqfx9eMzc5opw,order_8kPElKKxnNKelY,,upi,,,,
pay_8RaBamgYr153Ky,payment,0.00,7254.00,7254.00,INR,0.00,0.00,false,true,2026-08-16T18:19:00,2026-08-18T11:00:00,setl_CGzmnuWsqHw9IQ,SBINH87495775324,default,pay_8RaBamgYr153Ky,order_p0Z89ddG7ZkQct,,upi,,,,
pay_q50SBrLSnSuQw8,payment,0.00,356.00,356.00,INR,0.00,0.00,false,true,2026-08-16T20:54:00,2026-08-18T11:00:00,setl_CGzmnuWsqHw9IQ,SBINH87495775324,default,pay_q50SBrLSnSuQw8,order_j8mzcKmeGNYtFt,,upi,,,,
pay_gI3MT0epIwzyQn,payment,0.00,6980.51,7132.00,INR,151.49,23.11,false,true,2026-08-16T12:15:00,2026-08-18T11:00:00,setl_CGzmnuWsqHw9IQ,SBINH87495775324,default,pay_gI3MT0epIwzyQn,order_Mrgme50GPPSIQT,,wallet,,,,
pay_Z2ofAcENBjU6yA,payment,0.00,3354.00,3354.00,INR,0.00,0.00,false,true,2026-08-16T19:38:00,2026-08-18T11:00:00,setl_CGzmnuWsqHw9IQ,SBINH87495775324,default,pay_Z2ofAcENBjU6yA,order_R0l173nbkS0wid,,upi,,,,
pay_TPAx9garBlLjf4,payment,0.00,880.00,880.00,INR,0.00,0.00,false,true,2026-08-16T10:16:00,2026-08-18T11:00:00,setl_CGzmnuWsqHw9IQ,SBINH87495775324,default,pay_TPAx9garBlLjf4,order_KjQKpUzVOnxuBx,,upi,,,,
pay_6z57E987uD4gKH,payment,0.00,809.00,809.00,INR,0.00,0.00,false,true,2026-08-16T09:20:00,2026-08-18T11:00:00,setl_CGzmnuWsqHw9IQ,SBINH87495775324,default,pay_6z57E987uD4gKH,order_Nu1x44PKBfWWgA,,upi,,,,
pay_ZHZCy09lXOfpEW,payment,0.00,16297.00,16297.00,INR,0.00,0.00,false,true,2026-08-16T13:13:00,2026-08-18T11:00:00,setl_CGzmnuWsqHw9IQ,SBINH87495775324,default,pay_ZHZCy09lXOfpEW,order_a254W9hNKkGpud,,upi,,,,
pay_kHvrnggJfXcPpi,payment,0.00,5696.32,5834.00,INR,137.68,21.00,false,true,2026-08-16T22:53:00,2026-08-18T11:00:00,setl_CGzmnuWsqHw9IQ,SBINH87495775324,default,pay_kHvrnggJfXcPpi,order_WRRfDSWTbs30bT,,card,RuPay,HDFC Bank,debit,
pay_K1ezXqrhZIy6eI,payment,0.00,37439.00,37439.00,INR,0.00,0.00,false,true,2026-08-16T08:06:00,2026-08-18T11:00:00,setl_CGzmnuWsqHw9IQ,SBINH87495775324,default,pay_K1ezXqrhZIy6eI,order_vuDHXOX2wTXNg1,,upi,,,,
pay_VimeeLldTvNEK4,payment,0.00,303.00,303.00,INR,0.00,0.00,false,true,2026-08-16T15:45:00,2026-08-18T11:00:00,setl_CGzmnuWsqHw9IQ,SBINH87495775324,default,pay_VimeeLldTvNEK4,order_L9R07EDDCGaQ0A,,upi,,,,
pay_2nRQcOlO4bztXc,payment,0.00,4422.00,4422.00,INR,0.00,0.00,false,true,2026-08-16T15:33:00,2026-08-18T11:00:00,setl_CGzmnuWsqHw9IQ,SBINH87495775324,default,pay_2nRQcOlO4bztXc,order_9vgZd01TxLGALI,,upi,,,,
pay_a2SGg1JUTh3Ii7,payment,0.00,3379.00,3379.00,INR,0.00,0.00,false,true,2026-08-16T19:28:00,2026-08-18T11:00:00,setl_CGzmnuWsqHw9IQ,SBINH87495775324,default,pay_a2SGg1JUTh3Ii7,order_UBALVkuhfD9Av4,,upi,,,,
pay_DQKbK3ISpDyFMX,payment,0.00,7058.40,7229.00,INR,170.60,26.02,false,true,2026-08-16T07:35:00,2026-08-18T11:00:00,setl_CGzmnuWsqHw9IQ,SBINH87495775324,default,pay_DQKbK3ISpDyFMX,order_uv9IuE69IMIWJb,,card,RuPay,SBI Cards,debit,
pay_2k4aXZXlm05soo,payment,0.00,25607.00,25607.00,INR,0.00,0.00,false,true,2026-08-16T15:21:00,2026-08-18T11:00:00,setl_CGzmnuWsqHw9IQ,SBINH87495775324,default,pay_2k4aXZXlm05soo,order_vxMgIzkOfkbIe2,,upi,,,,
pay_QNzTFNpaY35q6b,payment,0.00,43942.21,44734.00,INR,791.79,120.78,false,true,2026-08-16T21:45:00,2026-08-18T11:00:00,setl_CGzmnuWsqHw9IQ,SBINH87495775324,default,pay_QNzTFNpaY35q6b,order_TM0HpGISsU8RGj,,netbanking,,,,
pay_T9JPBrd6oEjwEB,payment,0.00,359.00,359.00,INR,0.00,0.00,false,true,2026-08-16T20:23:00,2026-08-18T11:00:00,setl_CGzmnuWsqHw9IQ,SBINH87495775324,default,pay_T9JPBrd6oEjwEB,order_NDV28lfg6hLRjq,,upi,,,,
pay_YHwpFYbkxcMOu3,payment,0.00,6319.85,6457.00,INR,137.15,20.92,false,true,2026-08-16T12:47:00,2026-08-18T11:00:00,setl_CGzmnuWsqHw9IQ,SBINH87495775324,default,pay_YHwpFYbkxcMOu3,order_iKrKs1F3dOEGln,,wallet,,,,
pay_DlnoUqwxt98aLQ,payment,0.00,1892.00,1892.00,INR,0.00,0.00,false,true,2026-08-16T11:48:00,2026-08-18T11:00:00,setl_CGzmnuWsqHw9IQ,SBINH87495775324,default,pay_DlnoUqwxt98aLQ,order_5jMrFeLnKtI3wp,,upi,,,,
pay_3R7SSB6lpiXAEA,payment,0.00,29990.00,29990.00,INR,0.00,0.00,false,true,2026-08-16T10:44:00,2026-08-18T11:00:00,setl_CGzmnuWsqHw9IQ,SBINH87495775324,default,pay_3R7SSB6lpiXAEA,order_NLEmJ4MOWz3LZm,,upi,,,,
pay_Xs9q9oRexZYEVE,payment,0.00,1107.24,1134.00,INR,26.76,4.08,false,true,2026-08-16T17:33:00,2026-08-18T11:00:00,setl_CGzmnuWsqHw9IQ,SBINH87495775324,default,pay_Xs9q9oRexZYEVE,order_ojSwI4dNq3hXOa,,card,MasterCard,Kotak,credit,
pay_tc3p79lx4rW7AS,payment,0.00,42816.00,42816.00,INR,0.00,0.00,false,true,2026-08-16T14:29:00,2026-08-18T11:00:00,setl_CGzmnuWsqHw9IQ,SBINH87495775324,default,pay_tc3p79lx4rW7AS,order_MBl48z5DClT3qj,,upi,,,,
pay_QqwJy2HgL9VgZX,payment,0.00,7228.29,7403.00,INR,174.71,26.65,false,true,2026-08-16T21:57:00,2026-08-18T11:00:00,setl_CGzmnuWsqHw9IQ,SBINH87495775324,default,pay_QqwJy2HgL9VgZX,order_ENPD8oxLqA3m3D,,card,Visa,Kotak,debit,
pay_pBvurxdpCzDKSe,payment,0.00,22453.29,22996.00,INR,542.71,82.79,false,true,2026-08-16T12:59:00,2026-08-18T11:00:00,setl_CGzmnuWsqHw9IQ,SBINH87495775324,default,pay_pBvurxdpCzDKSe,order_bXQNmWWsVtqzf6,,card,Visa,Kotak,credit,
rfnd_1Gjg2jMfXMfU0u,refund,31463.00,0.00,31463.00,INR,0.00,0.00,false,true,2026-08-18T09:00:00,2026-08-18T11:00:00,setl_CGzmnuWsqHw9IQ,SBINH87495775324,default,pay_WMoXhFVcaW6GbD,order_rl3NcUKxQIKfV3,,upi,,,,
rfnd_bOS2CBgS6Z02C1,refund,2946.00,0.00,2946.00,INR,0.00,0.00,false,true,2026-08-18T09:00:00,2026-08-18T11:00:00,setl_CGzmnuWsqHw9IQ,SBINH87495775324,default,pay_jbid5vaWltcu2Y,order_gtd8EWsOg4lY0X,,upi,,,,
rfnd_kfjdRFzdK5WOvj,refund,2946.00,0.00,2946.00,INR,0.00,0.00,false,true,2026-08-18T09:00:00,2026-08-18T11:00:00,setl_CGzmnuWsqHw9IQ,SBINH87495775324,default,pay_jbid5vaWltcu2Y,order_gtd8EWsOg4lY0X,,upi,,,,
rfnd_FYmB9t1ZTNXvO6,refund,208.00,0.00,208.00,INR,0.00,0.00,false,true,2026-08-18T09:00:00,2026-08-18T11:00:00,setl_CGzmnuWsqHw9IQ,SBINH87495775324,default,pay_7CAy0GaAUG2DeK,order_7JFgEiTHAtNJQj,,upi,,,,
rfnd_c8X5SPH6v066Zg,refund,208.00,0.00,208.00,INR,0.00,0.00,false,true,2026-08-18T09:00:00,2026-08-18T11:00:00,setl_CGzmnuWsqHw9IQ,SBINH87495775324,default,pay_7CAy0GaAUG2DeK,order_7JFgEiTHAtNJQj,,upi,,,,
rfnd_su6MU4gh9zgrSw,refund,30572.00,0.00,30572.00,INR,0.00,0.00,false,true,2026-08-18T09:00:00,2026-08-18T11:00:00,setl_CGzmnuWsqHw9IQ,SBINH87495775324,default,pay_QzLrLc4EJLD4fw,order_T7vGWEYba6McB3,,netbanking,,,,
rfnd_cMNzRhzywOjM8v,refund,5280.00,0.00,5280.00,INR,0.00,0.00,false,true,2026-08-18T09:00:00,2026-08-18T11:00:00,setl_CGzmnuWsqHw9IQ,SBINH87495775324,default,pay_NYPCJ2DYShB5u4,order_JDsuRFUABLbfwJ,,upi,,,,
rfnd_R5PFtU6HmExAZ6,refund,643.00,0.00,643.00,INR,0.00,0.00,false,true,2026-08-18T09:00:00,2026-08-18T11:00:00,setl_CGzmnuWsqHw9IQ,SBINH87495775324,default,pay_3uOl1lf8Rr0KY2,,,upi,,,,
rfnd_5PmOJtWyTaZWHf,refund,644.00,0.00,644.00,INR,0.00,0.00,false,true,2026-08-18T09:00:00,2026-08-18T11:00:00,setl_CGzmnuWsqHw9IQ,SBINH87495775324,default,pay_Ov8bzuNQpgY3Io,,,upi,,,,
pay_dFeQKiYkOob8Lg,payment,0.00,6693.00,6693.00,INR,0.00,0.00,false,true,2026-08-17T17:30:00,2026-08-19T11:00:00,setl_dgfI6hQIfrqAWY,SBINH77021822533,default,pay_dFeQKiYkOob8Lg,order_hGH6QAVEMHAZSc,,upi,,,,
pay_BD2tXlV8IRsyxI,payment,0.00,32316.89,33098.00,INR,781.11,119.15,false,true,2026-08-17T18:55:00,2026-08-19T11:00:00,setl_dgfI6hQIfrqAWY,SBINH77021822533,default,pay_BD2tXlV8IRsyxI,order_o0o0gOxg9oS8WD,,card,RuPay,SBI Cards,debit,
pay_Q3lYQ4a0pqRGoy,payment,0.00,1412.00,1412.00,INR,0.00,0.00,false,true,2026-08-17T17:48:00,2026-08-19T11:00:00,setl_dgfI6hQIfrqAWY,SBINH77021822533,default,pay_Q3lYQ4a0pqRGoy,order_w9GpeVs4LWfGeB,,upi,,,,
pay_kulcASfQ49Pe1J,payment,0.00,2874.00,2874.00,INR,0.00,0.00,false,true,2026-08-17T22:57:00,2026-08-19T11:00:00,setl_dgfI6hQIfrqAWY,SBINH77021822533,default,pay_kulcASfQ49Pe1J,order_bHmltbMqYcq6s7,,upi,,,,
pay_D7CI8jNRge23Uu,payment,0.00,3091.00,3091.00,INR,0.00,0.00,false,true,2026-08-17T07:21:00,2026-08-19T11:00:00,setl_dgfI6hQIfrqAWY,SBINH77021822533,default,pay_D7CI8jNRge23Uu,order_PGcAPHexWntQUO,,upi,,,,
pay_116m0bh6de0iFP,payment,0.00,6163.00,6163.00,INR,0.00,0.00,false,true,2026-08-17T17:29:00,2026-08-19T11:00:00,setl_dgfI6hQIfrqAWY,SBINH77021822533,default,pay_116m0bh6de0iFP,order_bWcKIDcDmkYdVm,,upi,,,,
pay_MU9qWN3miU88sf,payment,0.00,24611.00,24611.00,INR,0.00,0.00,false,true,2026-08-17T16:01:00,2026-08-19T11:00:00,setl_dgfI6hQIfrqAWY,SBINH77021822533,default,pay_MU9qWN3miU88sf,order_mCfEaF799M7zna,,upi,,,,
pay_6rkWh1p9OpGSWd,payment,0.00,40927.00,40927.00,INR,0.00,0.00,false,true,2026-08-17T13:26:00,2026-08-19T11:00:00,setl_dgfI6hQIfrqAWY,SBINH77021822533,default,pay_6rkWh1p9OpGSWd,order_7HZ6FAX2ScRpGB,,upi,,,,
pay_DN2MHTIIupNoYD,payment,0.00,1107.00,1107.00,INR,0.00,0.00,false,true,2026-08-17T14:06:00,2026-08-19T11:00:00,setl_dgfI6hQIfrqAWY,SBINH77021822533,default,pay_DN2MHTIIupNoYD,order_w3gjzxDBC7P1lY,,upi,,,,
pay_EIo4gsY5RPlVMp,payment,0.00,597.00,597.00,INR,0.00,0.00,false,true,2026-08-17T16:32:00,2026-08-19T11:00:00,setl_dgfI6hQIfrqAWY,SBINH77021822533,default,pay_EIo4gsY5RPlVMp,order_Y8JL3g0opaEJ9L,,upi,,,,
pay_UlXVK5f5QrXaf6,payment,0.00,31749.90,32322.00,INR,572.10,87.27,false,true,2026-08-17T07:52:00,2026-08-19T11:00:00,setl_dgfI6hQIfrqAWY,SBINH77021822533,default,pay_UlXVK5f5QrXaf6,order_KNFwbWaoGaQMZ2,,netbanking,,,,
pay_gXjVMi35pnJ0Uc,payment,0.00,27394.00,27394.00,INR,0.00,0.00,false,true,2026-08-17T12:22:00,2026-08-19T11:00:00,setl_dgfI6hQIfrqAWY,SBINH77021822533,default,pay_gXjVMi35pnJ0Uc,order_VFwgHED4XWouc7,,upi,,,,
pay_QdAj2xE4u1GRZX,payment,0.00,1169.73,1198.00,INR,28.27,4.31,false,true,2026-08-17T09:58:00,2026-08-19T11:00:00,setl_dgfI6hQIfrqAWY,SBINH77021822533,default,pay_QdAj2xE4u1GRZX,order_6RNs63bjOc4UCH,,card,Visa,ICICI Bank,debit,
pay_WrBaZTDmK1J4GO,payment,0.00,632.00,632.00,INR,0.00,0.00,false,true,2026-08-17T20:17:00,2026-08-19T11:00:00,setl_dgfI6hQIfrqAWY,SBINH77021822533,default,pay_WrBaZTDmK1J4GO,order_xxJyekzUk8MJ4e,,upi,,,,
pay_z1TsPc6RKxhHR7,payment,0.00,930.00,930.00,INR,0.00,0.00,false,true,2026-08-17T19:35:00,2026-08-19T11:00:00,setl_dgfI6hQIfrqAWY,SBINH77021822533,default,pay_z1TsPc6RKxhHR7,order_18U37g1WY5GU4s,,upi,,,,
pay_gBT4UJdUY2pHe7,payment,0.00,44016.86,44810.00,INR,793.14,120.99,false,true,2026-08-17T13:08:00,2026-08-19T11:00:00,setl_dgfI6hQIfrqAWY,SBINH77021822533,default,pay_gBT4UJdUY2pHe7,order_1IalAEG1W9Efyu,,netbanking,,,,
pay_YnDFrpXBQ2YMz2,payment,0.00,43779.00,43779.00,INR,0.00,0.00,false,true,2026-08-17T09:37:00,2026-08-19T11:00:00,setl_dgfI6hQIfrqAWY,SBINH77021822533,default,pay_YnDFrpXBQ2YMz2,order_qq4m0djDijLp2Y,,upi,,,,
pay_8M3cS91dMQqhSO,payment,0.00,7578.00,7578.00,INR,0.00,0.00,false,true,2026-08-17T21:41:00,2026-08-19T11:00:00,setl_dgfI6hQIfrqAWY,SBINH77021822533,default,pay_8M3cS91dMQqhSO,order_p9fkP2wF4MA1qJ,,upi,,,,
pay_7CAy0GaAUG2DeK,payment,0.00,2084.00,2084.00,INR,0.00,0.00,false,true,2026-08-17T14:40:00,2026-08-19T11:00:00,setl_dgfI6hQIfrqAWY,SBINH77021822533,default,pay_7CAy0GaAUG2DeK,order_7JFgEiTHAtNJQj,,upi,,,,
pay_sVb2mSM8ysAwrX,payment,0.00,5319.00,5319.00,INR,0.00,0.00,false,true,2026-08-17T15:50:00,2026-08-19T11:00:00,setl_dgfI6hQIfrqAWY,SBINH77021822533,default,pay_sVb2mSM8ysAwrX,order_2TNLargX96A4si,,upi,,,,
pay_EfA1gRbaaGp6y0,payment,0.00,6423.00,6423.00,INR,0.00,0.00,false,true,2026-08-17T18:57:00,2026-08-19T11:00:00,setl_dgfI6hQIfrqAWY,SBINH77021822533,default,pay_EfA1gRbaaGp6y0,order_ThAq0nyNHsrvCA,,upi,,,,
pay_J5PQVvYRdqAiPv,payment,0.00,1078.59,1102.00,INR,23.41,3.57,false,true,2026-08-17T16:15:00,2026-08-19T11:00:00,setl_dgfI6hQIfrqAWY,SBINH77021822533,default,pay_J5PQVvYRdqAiPv,order_ADkLMcQVM8lCro,,wallet,,,,
pay_T1GWPuDe2kniqd,payment,0.00,12043.97,12261.00,INR,217.03,33.11,false,true,2026-08-17T07:16:00,2026-08-19T11:00:00,setl_dgfI6hQIfrqAWY,SBINH77021822533,default,pay_T1GWPuDe2kniqd,order_9lTR5ovoEGSpvD,,netbanking,,,,
pay_SFWRk0D69nAnCP,payment,0.00,8889.00,8889.00,INR,0.00,0.00,false,true,2026-08-17T10:54:00,2026-08-19T11:00:00,setl_dgfI6hQIfrqAWY,SBINH77021822533,default,pay_SFWRk0D69nAnCP,order_U9pF8vFddhakdW,,upi,,,,
pay_9RLYzkh6JABLQ4,payment,0.00,1011.00,1011.00,INR,0.00,0.00,false,true,2026-08-17T19:44:00,2026-08-19T11:00:00,setl_dgfI6hQIfrqAWY,SBINH77021822533,default,pay_9RLYzkh6JABLQ4,order_N33NapbjUCr6Ua,,upi,,,,
pay_zPyeaI2MJI24vk,payment,0.00,1302.52,1334.00,INR,31.48,4.80,false,true,2026-08-17T12:14:00,2026-08-19T11:00:00,setl_dgfI6hQIfrqAWY,SBINH77021822533,default,pay_zPyeaI2MJI24vk,order_L79lE8QNLo6ThJ,,card,MasterCard,HDFC Bank,credit,
pay_QzLrLc4EJLD4fw,payment,0.00,39001.24,39704.00,INR,702.76,107.20,false,true,2026-08-17T14:08:00,2026-08-19T11:00:00,setl_dgfI6hQIfrqAWY,SBINH77021822533,default,pay_QzLrLc4EJLD4fw,order_T7vGWEYba6McB3,,netbanking,,,,
pay_0w6pngEjHefm52,payment,0.00,20231.00,20231.00,INR,0.00,0.00,false,true,2026-08-17T12:49:00,2026-08-19T11:00:00,setl_dgfI6hQIfrqAWY,SBINH77021822533,default,pay_0w6pngEjHefm52,order_NDkqSNxZlWCJv5,,upi,,,,
pay_gCJHcvmRPm1qgF,payment,0.00,4589.00,4589.00,INR,0.00,0.00,false,true,2026-08-17T15:01:00,2026-08-19T11:00:00,setl_dgfI6hQIfrqAWY,SBINH77021822533,default,pay_gCJHcvmRPm1qgF,order_lVdIcW7S8VIwsj,,upi,,,,
pay_qKO9WsGWdrx0TJ,payment,0.00,30877.00,30877.00,INR,0.00,0.00,false,true,2026-08-17T07:21:00,2026-08-19T11:00:00,setl_dgfI6hQIfrqAWY,SBINH77021822533,default,pay_qKO9WsGWdrx0TJ,order_LXroSEjQnPjtC5,,upi,,,,
pay_jqK5kKgoqGvMDX,payment,0.00,30549.00,30549.00,INR,0.00,0.00,false,true,2026-08-17T08:01:00,2026-08-19T11:00:00,setl_dgfI6hQIfrqAWY,SBINH77021822533,default,pay_jqK5kKgoqGvMDX,order_3D9B8slxm2Dw2x,,upi,,,,
pay_ZGjAKjQpZENtGK,payment,0.00,6033.00,6033.00,INR,0.00,0.00,false,true,2026-08-17T08:20:00,2026-08-19T11:00:00,setl_dgfI6hQIfrqAWY,SBINH77021822533,default,pay_ZGjAKjQpZENtGK,order_3nk7VDmi9Ll377,,upi,,,,
pay_qQHb2LX5UsL3Oa,payment,0.00,7069.00,7069.00,INR,0.00,0.00,false,true,2026-08-17T20:49:00,2026-08-19T11:00:00,setl_dgfI6hQIfrqAWY,SBINH77021822533,default,pay_qQHb2LX5UsL3Oa,order_uqLRABB4LYHPG8,,upi,,,,
pay_nyZHijoYfFi1eB,payment,0.00,2522.00,2522.00,INR,0.00,0.00,false,true,2026-08-17T18:14:00,2026-08-19T11:00:00,setl_dgfI6hQIfrqAWY,SBINH77021822533,default,pay_nyZHijoYfFi1eB,order_OigAGDJXdLnPjj,,upi,,,,
pay_snWS1g3BLKkHAA,payment,0.00,2001.62,2050.00,INR,48.38,7.38,false,true,2026-08-17T10:02:00,2026-08-19T11:00:00,setl_dgfI6hQIfrqAWY,SBINH77021822533,default,pay_snWS1g3BLKkHAA,order_gXQWuJRyUQfSmJ,,card,Visa,SBI Cards,debit,
pay_gHfSVox3VHIZak,payment,0.00,18665.00,18665.00,INR,0.00,0.00,false,true,2026-08-17T21:27:00,2026-08-19T11:00:00,setl_dgfI6hQIfrqAWY,SBINH77021822533,default,pay_gHfSVox3VHIZak,order_ay2QrHyP7vB9vC,,upi,,,,
pay_eZKS089xhQNJcE,payment,0.00,29103.00,29103.00,INR,0.00,0.00,false,true,2026-08-17T19:27:00,2026-08-19T11:00:00,setl_dgfI6hQIfrqAWY,SBINH77021822533,default,pay_eZKS089xhQNJcE,order_Gx9VuGEKlBlSm9,,upi,,,,
pay_58nis0QIUOZNwj,payment,0.00,7730.25,7898.00,INR,167.75,25.59,false,true,2026-08-17T10:21:00,2026-08-19T11:00:00,setl_dgfI6hQIfrqAWY,SBINH77021822533,default,pay_58nis0QIUOZNwj,order_O2oRmHcYJ3kK4L,,wallet,,,,
pay_mTJVV7I9q99btu,payment,0.00,1486.74,1519.00,INR,32.26,4.92,false,true,2026-08-17T14:17:00,2026-08-19T11:00:00,setl_dgfI6hQIfrqAWY,SBINH77021822533,default,pay_mTJVV7I9q99btu,order_qmk2ifbruqobfl,,wallet,,,,
pay_U9z2VaVllv440W,payment,0.00,1403.00,1403.00,INR,0.00,0.00,false,true,2026-08-17T15:16:00,2026-08-19T11:00:00,setl_dgfI6hQIfrqAWY,SBINH77021822533,default,pay_U9z2VaVllv440W,order_vcC5wQbNkvvYCn,,upi,,,,
pay_gCXicPHpb3GhVG,payment,0.00,20404.00,20404.00,INR,0.00,0.00,false,true,2026-08-17T20:33:00,2026-08-19T11:00:00,setl_dgfI6hQIfrqAWY,SBINH77021822533,default,pay_gCXicPHpb3GhVG,order_Ln2zMEjEMixQwQ,,upi,,,,
pay_RSjmjc3QC1JqBG,payment,0.00,29216.00,29216.00,INR,0.00,0.00,false,true,2026-08-17T18:42:00,2026-08-19T11:00:00,setl_dgfI6hQIfrqAWY,SBINH77021822533,default,pay_RSjmjc3QC1JqBG,order_amyKAyCn6gDzHX,,upi,,,,
pay_tLkywQukMTXa9g,payment,0.00,1342.80,1367.00,INR,24.20,3.69,false,true,2026-08-17T15:13:00,2026-08-19T11:00:00,setl_dgfI6hQIfrqAWY,SBINH77021822533,default,pay_tLkywQukMTXa9g,order_YUcgQtMpLgU4nL,,netbanking,,,,
pay_SDEyRBdESkC0TO,payment,0.00,1139.00,1139.00,INR,0.00,0.00,false,true,2026-08-17T22:08:00,2026-08-19T11:00:00,setl_dgfI6hQIfrqAWY,SBINH77021822533,default,pay_SDEyRBdESkC0TO,order_PWFxLXHFJhVBWD,,upi,,,,
pay_OAl0ptV9pnMtoT,payment,0.00,5446.36,5578.00,INR,131.64,20.08,false,true,2026-08-17T07:02:00,2026-08-19T11:00:00,setl_dgfI6hQIfrqAWY,SBINH77021822533,default,pay_OAl0ptV9pnMtoT,order_H4OdEBaFUsMDQO,,card,Visa,SBI Cards,credit,
pay_jPVWtbIyxgUF1q,payment,0.00,18564.29,19013.00,INR,448.71,68.45,false,true,2026-08-17T07:31:00,2026-08-19T11:00:00,setl_dgfI6hQIfrqAWY,SBINH77021822533,default,pay_jPVWtbIyxgUF1q,order_6fGK1Q1fXtyiOe,,card,Amex,ICICI Bank,debit,
pay_wa3cfhQCOKxPZ1,payment,0.00,6100.08,6210.00,INR,109.92,16.77,false,true,2026-08-17T09:20:00,2026-08-19T11:00:00,setl_dgfI6hQIfrqAWY,SBINH77021822533,default,pay_wa3cfhQCOKxPZ1,order_HbocBlFYxkJiht,,netbanking,,,,
pay_yKTJ5YGf7xH2J2,payment,0.00,25055.00,25055.00,INR,0.00,0.00,false,true,2026-08-17T17:13:00,2026-08-19T11:00:00,setl_dgfI6hQIfrqAWY,SBINH77021822533,default,pay_yKTJ5YGf7xH2J2,order_TN0tXjHAd8w7O9,,upi,,,,
pay_nsq2jMqJZk5ypr,payment,0.00,593.00,593.00,INR,0.00,0.00,false,true,2026-08-17T22:24:00,2026-08-19T11:00:00,setl_dgfI6hQIfrqAWY,SBINH77021822533,default,pay_nsq2jMqJZk5ypr,order_Z5D94gktfvz6rG,,upi,,,,
pay_Qi79tk1onzDtQ3,payment,0.00,4258.00,4258.00,INR,0.00,0.00,false,true,2026-08-17T15:48:00,2026-08-19T11:00:00,setl_dgfI6hQIfrqAWY,SBINH77021822533,default,pay_Qi79tk1onzDtQ3,order_0PZj6HNfckZsn0,,upi,,,,
pay_JzzBh35mJVAcEe,payment,0.00,315.31,321.00,INR,5.69,0.87,false,true,2026-08-17T20:13:00,2026-08-19T11:00:00,setl_dgfI6hQIfrqAWY,SBINH77021822533,default,pay_JzzBh35mJVAcEe,order_Ig2EZFTCY03ks5,,netbanking,,,,
pay_qEjxooOl4d17n9,payment,0.00,180.00,180.00,INR,0.00,0.00,false,true,2026-08-17T07:23:00,2026-08-19T11:00:00,setl_dgfI6hQIfrqAWY,SBINH77021822533,default,pay_qEjxooOl4d17n9,order_gG6Rg3eEnC0S6E,,upi,,,,
pay_sqk1TVNOQ2Jjff,payment,0.00,5319.15,5415.00,INR,95.85,14.62,false,true,2026-08-17T20:18:00,2026-08-19T11:00:00,setl_dgfI6hQIfrqAWY,SBINH77021822533,default,pay_sqk1TVNOQ2Jjff,order_Hc4Bd98ustslTz,,netbanking,,,,
pay_FoUlbuNjZqq89k,payment,0.00,6466.00,6466.00,INR,0.00,0.00,false,true,2026-08-17T12:01:00,2026-08-19T11:00:00,setl_dgfI6hQIfrqAWY,SBINH77021822533,default,pay_FoUlbuNjZqq89k,order_GQFvmCgl3RpLpb,,upi,,,,
pay_37M6XlPq0EPj7d,payment,0.00,244.00,244.00,INR,0.00,0.00,false,true,2026-08-17T09:28:00,2026-08-19T11:00:00,setl_dgfI6hQIfrqAWY,SBINH77021822533,default,pay_37M6XlPq0EPj7d,order_3UHFALr2VVmcv1,,upi,,,,
pay_PbXJ6ecohyq0uA,payment,0.00,11768.55,12053.00,INR,284.45,43.39,false,true,2026-08-17T16:53:00,2026-08-19T11:00:00,setl_dgfI6hQIfrqAWY,SBINH77021822533,default,pay_PbXJ6ecohyq0uA,order_O35CjfBwIQmXzw,,card,RuPay,SBI Cards,credit,
pay_pJeKh0f74t3SPG,payment,0.00,1330.00,1330.00,INR,0.00,0.00,false,true,2026-08-17T10:51:00,2026-08-19T11:00:00,setl_dgfI6hQIfrqAWY,SBINH77021822533,default,pay_pJeKh0f74t3SPG,order_5byVKsh9ViIPbd,,upi,,,,
pay_EZsXxentJfb1jK,payment,0.00,1296.00,1296.00,INR,0.00,0.00,false,true,2026-08-17T15:55:00,2026-08-19T11:00:00,setl_dgfI6hQIfrqAWY,SBINH77021822533,default,pay_EZsXxentJfb1jK,order_fPnGCJAth9xgXo,,upi,,,,
pay_ISQBreT7e4FGhc,payment,0.00,25423.50,26038.00,INR,614.50,93.74,false,true,2026-08-17T21:05:00,2026-08-19T11:00:00,setl_dgfI6hQIfrqAWY,SBINH77021822533,default,pay_ISQBreT7e4FGhc,order_AP4ljO72hyXtg7,,card,Visa,HDFC Bank,debit,
pay_LfA7mIquRxSMJp,payment,0.00,2565.00,2565.00,INR,0.00,0.00,false,true,2026-08-17T18:52:00,2026-08-19T11:00:00,setl_dgfI6hQIfrqAWY,SBINH77021822533,default,pay_LfA7mIquRxSMJp,order_wUj1a92wlJLGP2,,upi,,,,
pay_jhUcdv7EAODoeJ,payment,0.00,363.00,363.00,INR,0.00,0.00,false,true,2026-08-17T19:31:00,2026-08-19T11:00:00,setl_dgfI6hQIfrqAWY,SBINH77021822533,default,pay_jhUcdv7EAODoeJ,order_x8Eu8A5Ua8jHwN,,upi,,,,
pay_MySF5SDNSJ2vrj,payment,0.00,13491.00,13491.00,INR,0.00,0.00,false,true,2026-08-17T18:30:00,2026-08-19T11:00:00,setl_dgfI6hQIfrqAWY,SBINH77021822533,default,pay_MySF5SDNSJ2vrj,order_7mE0qhxmpjL04S,,upi,,,,
pay_ddC7rdzADPakkO,payment,0.00,1270.30,1301.00,INR,30.70,4.68,false,true,2026-08-17T21:40:00,2026-08-19T11:00:00,setl_dgfI6hQIfrqAWY,SBINH77021822533,default,pay_ddC7rdzADPakkO,order_JSIJLp8atGXGF8,,card,MasterCard,Kotak,credit,
pay_9slEZdJlQYGdnl,payment,0.00,1014.97,1037.00,INR,22.03,3.36,false,true,2026-08-17T13:14:00,2026-08-19T11:00:00,setl_dgfI6hQIfrqAWY,SBINH77021822533,default,pay_9slEZdJlQYGdnl,order_p1FKXAvk4vaXBq,,wallet,,,,
pay_3DkiUL5fBsVulF,payment,0.00,13561.00,13561.00,INR,0.00,0.00,false,true,2026-08-17T17:31:00,2026-08-19T11:00:00,setl_dgfI6hQIfrqAWY,SBINH77021822533,default,pay_3DkiUL5fBsVulF,order_a7ZMrGpwgv2Fw2,,upi,,,,
pay_0ZBGAgkDFNbCN0,payment,0.00,501.00,501.00,INR,0.00,0.00,false,true,2026-08-17T11:18:00,2026-08-19T11:00:00,setl_dgfI6hQIfrqAWY,SBINH77021822533,default,pay_0ZBGAgkDFNbCN0,order_m0An5uQujp2Bmr,,upi,,,,
pay_AH6YajjxJJOYVb,payment,0.00,17036.02,17343.00,INR,306.98,46.83,false,true,2026-08-17T22:27:00,2026-08-19T11:00:00,setl_dgfI6hQIfrqAWY,SBINH77021822533,default,pay_AH6YajjxJJOYVb,order_JqgC097Be2HOQP,,netbanking,,,,
pay_yyVp94tIaPVtC9,payment,0.00,478.44,490.00,INR,11.56,1.76,false,true,2026-08-17T19:55:00,2026-08-19T11:00:00,setl_dgfI6hQIfrqAWY,SBINH77021822533,default,pay_yyVp94tIaPVtC9,order_LjmsiA1naAvkNW,,card,Amex,HDFC Bank,credit,
pay_SUuSuU0NeEZufW,payment,0.00,19942.00,19942.00,INR,0.00,0.00,false,true,2026-08-17T08:34:00,2026-08-19T11:00:00,setl_dgfI6hQIfrqAWY,SBINH77021822533,default,pay_SUuSuU0NeEZufW,order_JXO9okKo5Fcdxt,,upi,,,,
pay_8ynvYGUwzXLnO6,payment,0.00,3529.40,3593.00,INR,63.60,9.70,false,true,2026-08-17T09:33:00,2026-08-19T11:00:00,setl_dgfI6hQIfrqAWY,SBINH77021822533,default,pay_8ynvYGUwzXLnO6,order_mYcMU1HQtwIXru,,netbanking,,,,
rfnd_E1ZbhLk8Rz4aXQ,refund,175.00,0.00,175.00,INR,0.00,0.00,false,true,2026-08-19T09:00:00,2026-08-19T11:00:00,setl_dgfI6hQIfrqAWY,SBINH77021822533,default,pay_bayVPK8GbCegzC,order_pCzOvjf1ARjruS,,card,RuPay,Axis Bank,debit,
rfnd_QMAoVUIQqWCdA9,refund,4151.00,0.00,4151.00,INR,0.00,0.00,false,true,2026-08-19T09:00:00,2026-08-19T11:00:00,setl_dgfI6hQIfrqAWY,SBINH77021822533,default,pay_VWUS7rznDwYuw3,order_Kq9u2KoPQH4R64,,wallet,,,,
rfnd_1kSWt2RtoYyUwZ,refund,5829.00,0.00,5829.00,INR,0.00,0.00,false,true,2026-08-19T09:00:00,2026-08-19T11:00:00,setl_dgfI6hQIfrqAWY,SBINH77021822533,default,pay_oyfu6LyCCW0wP1,order_Uy8gKw5TpVKsO4,,upi,,,,
rfnd_Df9fC8UopiLwS4,refund,5829.00,0.00,5829.00,INR,0.00,0.00,false,true,2026-08-19T09:00:00,2026-08-19T11:00:00,setl_dgfI6hQIfrqAWY,SBINH77021822533,default,pay_oyfu6LyCCW0wP1,order_Uy8gKw5TpVKsO4,,upi,,,,
rfnd_U8pNuYT4XawD5E,refund,183.00,0.00,183.00,INR,0.00,0.00,false,true,2026-08-19T09:00:00,2026-08-19T11:00:00,setl_dgfI6hQIfrqAWY,SBINH77021822533,default,pay_WrBaZTDmK1J4GO,order_xxJyekzUk8MJ4e,,upi,,,,
rfnd_ucjKDovCiBMwhl,refund,241.00,0.00,241.00,INR,0.00,0.00,false,true,2026-08-19T09:00:00,2026-08-19T11:00:00,setl_dgfI6hQIfrqAWY,SBINH77021822533,default,pay_XxRC87ekfEidwS,,,upi,,,,
rfnd_Ov4f90F01WiHYN,refund,241.00,0.00,241.00,INR,0.00,0.00,false,true,2026-08-19T09:00:00,2026-08-19T11:00:00,setl_dgfI6hQIfrqAWY,SBINH77021822533,default,pay_5QyDj60YCMjUMh,,,upi,,,,
rfnd_HMsBcEzyn5Fnh0,refund,4674.00,0.00,4674.00,INR,0.00,0.00,false,true,2026-08-19T09:00:00,2026-08-19T11:00:00,setl_dgfI6hQIfrqAWY,SBINH77021822533,default,pay_8ErA3cB5NBkkFv,order_2v99Pk4Hvtx9Yy,,upi,,,,
rfnd_RM1TfeTuO2HXlz,refund,5770.00,0.00,5770.00,INR,0.00,0.00,false,true,2026-08-19T09:00:00,2026-08-19T11:00:00,setl_dgfI6hQIfrqAWY,SBINH77021822533,default,pay_w2fyDLLEarpG6o,order_y6XxuQHhTFE4pE,,card,Visa,HDFC Bank,credit,
disp_NxbKcfcNPMpEph,dispute,38995.20,0.00,38299.00,INR,696.20,106.20,false,true,2026-08-19T09:00:00,2026-08-19T11:00:00,setl_dgfI6hQIfrqAWY,SBINH77021822533,default,pay_X9QcEvfLYiPYOb,order_mfj8frSmcHlZv7,disp_NxbKcfcNPMpEph,upi,,,,
rfnd_Qq1EH0ufVKSBfm,refund,3714.00,0.00,3714.00,INR,0.00,0.00,false,true,2026-08-19T09:00:00,2026-08-19T11:00:00,setl_dgfI6hQIfrqAWY,SBINH77021822533,default,pay_AsJ9BqcHNHyq0S,order_SvXmXry9Xrp7n0,,card,Amex,Axis Bank,credit,
rfnd_SRzwh2PUzgCnCO,refund,3715.00,0.00,3715.00,INR,0.00,0.00,false,true,2026-08-19T09:00:00,2026-08-19T11:00:00,setl_dgfI6hQIfrqAWY,SBINH77021822533,default,pay_AsJ9BqcHNHyq0S,order_SvXmXry9Xrp7n0,,card,MasterCard,HDFC Bank,debit,
rfnd_ZLuU8x5caxpNHr,refund,1900.00,0.00,1900.00,INR,0.00,0.00,false,true,2026-08-19T09:00:00,2026-08-19T11:00:00,setl_dgfI6hQIfrqAWY,SBINH77021822533,default,pay_73cnVcwyEv6aSX,order_26eh6O47zdTT7F,,upi,,,,
rfnd_KeY6hDwSBKVReq,refund,294.00,0.00,294.00,INR,0.00,0.00,false,true,2026-08-19T09:00:00,2026-08-19T11:00:00,setl_dgfI6hQIfrqAWY,SBINH77021822533,default,pay_Xs9q9oRexZYEVE,order_ojSwI4dNq3hXOa,,card,Amex,Kotak,credit,
rfnd_RQyt9JLP4JrEar,refund,2370.00,0.00,2370.00,INR,0.00,0.00,false,true,2026-08-19T09:00:00,2026-08-19T11:00:00,setl_dgfI6hQIfrqAWY,SBINH77021822533,default,pay_dbg5YYVdT5vjFg,order_9lKnhEgs7FmMCL,,upi,,,,
pay_F9X3VknPd1vlz4,payment,0.00,6350.00,6350.00,INR,0.00,0.00,false,true,2026-08-18T12:05:00,2026-08-20T11:00:00,setl_5mfYKu6bIcRegT,HDFCH41844457689,default,pay_F9X3VknPd1vlz4,order_PnEFyd0KOBD65h,,upi,,,,
pay_i4kBIYdJDQUnly,payment,0.00,3818.14,3901.00,INR,82.86,12.64,false,true,2026-08-18T21:07:00,2026-08-20T11:00:00,setl_5mfYKu6bIcRegT,HDFCH41844457689,default,pay_i4kBIYdJDQUnly,order_xk60v6qLNDxfDH,,wallet,,,,
pay_296RPJowIm6ZDW,payment,0.00,32696.00,32696.00,INR,0.00,0.00,false,true,2026-08-18T07:25:00,2026-08-20T11:00:00,setl_5mfYKu6bIcRegT,HDFCH41844457689,default,pay_296RPJowIm6ZDW,order_0Sd42KJMGNj3ro,,upi,,,,
pay_5Kul7dp59fgGcZ,payment,0.00,181.61,186.00,INR,4.39,0.67,false,true,2026-08-18T13:54:00,2026-08-20T11:00:00,setl_5mfYKu6bIcRegT,HDFCH41844457689,default,pay_5Kul7dp59fgGcZ,order_folzBJfaZCwZRO,,card,Visa,SBI Cards,credit,
pay_WjtfoS6Ka4N5YK,payment,0.00,395.44,405.00,INR,9.56,1.46,false,true,2026-08-18T14:43:00,2026-08-20T11:00:00,setl_5mfYKu6bIcRegT,HDFCH41844457689,default,pay_WjtfoS6Ka4N5YK,order_BohCdsOCFKq4MZ,,card,Amex,ICICI Bank,credit,
pay_uxlviDExF5DIhC,payment,0.00,41265.00,41265.00,INR,0.00,0.00,false,true,2026-08-18T21:18:00,2026-08-20T11:00:00,setl_5mfYKu6bIcRegT,HDFCH41844457689,default,pay_uxlviDExF5DIhC,order_CpGE9rw6ObSXHU,,upi,,,,
pay_Z05gDvGr3elFi3,payment,0.00,614.92,626.00,INR,11.08,1.69,false,true,2026-08-18T20:32:00,2026-08-20T11:00:00,setl_5mfYKu6bIcRegT,HDFCH41844457689,default,pay_Z05gDvGr3elFi3,order_WG3G2bNHDWtupA,,netbanking,,,,
pay_MzQy9J80ukPfzc,payment,0.00,6728.37,6891.00,INR,162.63,24.81,false,true,2026-08-18T07:35:00,2026-08-20T11:00:00,setl_5mfYKu6bIcRegT,HDFCH41844457689,default,pay_MzQy9J80ukPfzc,order_puZrHlsOXA2Ax8,,card,Amex,SBI Cards,credit,
pay_Aan8oaFR3QNJ6J,payment,0.00,441.33,452.00,INR,10.67,1.63,false,true,2026-08-18T14:02:00,2026-08-20T11:00:00,setl_5mfYKu6bIcRegT,HDFCH41844457689,default,pay_Aan8oaFR3QNJ6J,order_sj5R0b0HDnvFvv,,card,Visa,Kotak,debit,
pay_R1SqOg2c57oGGW,payment,0.00,5076.30,5199.00,INR,122.70,18.72,false,true,2026-08-18T08:05:00,2026-08-20T11:00:00,setl_5mfYKu6bIcRegT,HDFCH41844457689,default,pay_R1SqOg2c57oGGW,order_M6s2oOmU5p8QS4,,card,Amex,SBI Cards,credit,
pay_bayVPK8GbCegzC,payment,0.00,290.97,298.00,INR,7.03,1.07,false,true,2026-08-18T21:33:00,2026-08-20T11:00:00,setl_5mfYKu6bIcRegT,HDFCH41844457689,default,pay_bayVPK8GbCegzC,order_pCzOvjf1ARjruS,,card,MasterCard,HDFC Bank,debit,
pay_DV61mbfhvAB6UE,payment,0.00,11380.00,11380.00,INR,0.00,0.00,false,true,2026-08-18T10:51:00,2026-08-20T11:00:00,setl_5mfYKu6bIcRegT,HDFCH41844457689,default,pay_DV61mbfhvAB6UE,order_hf3cg84CW7l63g,,upi,,,,
pay_Imq7juS10eIbpV,payment,0.00,4436.00,4436.00,INR,0.00,0.00,false,true,2026-08-18T09:23:00,2026-08-20T11:00:00,setl_5mfYKu6bIcRegT,HDFCH41844457689,default,pay_Imq7juS10eIbpV,order_rYU3r6BitBEkH1,,upi,,,,
pay_TmPGSrGbfTdTqL,payment,0.00,39366.00,39366.00,INR,0.00,0.00,false,true,2026-08-18T07:08:00,2026-08-20T11:00:00,setl_5mfYKu6bIcRegT,HDFCH41844457689,default,pay_TmPGSrGbfTdTqL,order_lzSDgPyalzA2BM,,upi,,,,
pay_TTch2ResGTSm8p,payment,0.00,36320.00,36320.00,INR,0.00,0.00,false,true,2026-08-18T18:40:00,2026-08-20T11:00:00,setl_5mfYKu6bIcRegT,HDFCH41844457689,default,pay_TTch2ResGTSm8p,order_cRSXpfvjuQuwRj,,upi,,,,
pay_HT5ZHs3JmHGoLw,payment,0.00,158.00,158.00,INR,0.00,0.00,false,true,2026-08-18T14:06:00,2026-08-20T11:00:00,setl_5mfYKu6bIcRegT,HDFCH41844457689,default,pay_HT5ZHs3JmHGoLw,order_a6wAlJ1Rt5iIFK,,upi,,,,
pay_VVuEG2UD0NqeAh,payment,0.00,18618.00,19068.00,INR,450.00,68.64,false,true,2026-08-18T21:38:00,2026-08-20T11:00:00,setl_5mfYKu6bIcRegT,HDFCH41844457689,default,pay_VVuEG2UD0NqeAh,order_nED0WjoRXFy4NP,,card,Amex,Kotak,credit,
pay_B1hOQkUHrDPIm4,payment,0.00,11308.00,11308.00,INR,0.00,0.00,false,true,2026-08-18T15:30:00,2026-08-20T11:00:00,setl_5mfYKu6bIcRegT,HDFCH41844457689,default,pay_B1hOQkUHrDPIm4,order_jseAZmFCY2HkYh,,upi,,,,
pay_FpygzNIS5GV73R,payment,0.00,18998.00,18998.00,INR,0.00,0.00,false,true,2026-08-18T16:52:00,2026-08-20T11:00:00,setl_5mfYKu6bIcRegT,HDFCH41844457689,default,pay_FpygzNIS5GV73R,order_E3ZEQVEGuH1prb,,upi,,,,
pay_9YiPYtxWImP87t,payment,0.00,24893.32,25495.00,INR,601.68,91.78,false,true,2026-08-18T13:34:00,2026-08-20T11:00:00,setl_5mfYKu6bIcRegT,HDFCH41844457689,default,pay_9YiPYtxWImP87t,order_7lJfj9g7aENKPs,,card,RuPay,Kotak,debit,
pay_JG0HX28re1hT0U,payment,0.00,34788.16,35629.00,INR,840.84,128.26,false,true,2026-08-18T16:55:00,2026-08-20T11:00:00,setl_5mfYKu6bIcRegT,HDFCH41844457689,default,pay_JG0HX28re1hT0U,order_nSnwmIpFLw9TYu,,card,Amex,Kotak,debit,
pay_Iz4qwNL36MSEv4,payment,0.00,653.00,653.00,INR,0.00,0.00,false,true,2026-08-18T12:37:00,2026-08-20T11:00:00,setl_5mfYKu6bIcRegT,HDFCH41844457689,default,pay_Iz4qwNL36MSEv4,order_ni9HYImNLQgPR5,,upi,,,,
pay_NqjPIhuCGdZVBd,payment,0.00,6545.00,6545.00,INR,0.00,0.00,false,true,2026-08-18T18:16:00,2026-08-20T11:00:00,setl_5mfYKu6bIcRegT,HDFCH41844457689,default,pay_NqjPIhuCGdZVBd,order_fo8son2AMvE9Tw,,upi,,,,
pay_Detc8UTH3oZmuA,payment,0.00,1267.00,1267.00,INR,0.00,0.00,false,true,2026-08-18T17:52:00,2026-08-20T11:00:00,setl_5mfYKu6bIcRegT,HDFCH41844457689,default,pay_Detc8UTH3oZmuA,order_KimU9ls7oF3Y2W,,upi,,,,
pay_4PcCApslafWOwC,payment,0.00,7358.00,7358.00,INR,0.00,0.00,false,true,2026-08-18T14:53:00,2026-08-20T11:00:00,setl_5mfYKu6bIcRegT,HDFCH41844457689,default,pay_4PcCApslafWOwC,order_8zkxvqy54ppXHv,,upi,,,,
pay_aCLlZiS4NB6QuP,payment,0.00,22842.88,23395.00,INR,552.12,84.22,false,true,2026-08-18T10:41:00,2026-08-20T11:00:00,setl_5mfYKu6bIcRegT,HDFCH41844457689,default,pay_aCLlZiS4NB6QuP,order_ZCpmm6CMdwGUdN,,card,RuPay,ICICI Bank,debit,
pay_GNj4fM97cvm9jx,payment,0.00,17806.00,17806.00,INR,0.00,0.00,false,true,2026-08-18T17:52:00,2026-08-20T11:00:00,setl_5mfYKu6bIcRegT,HDFCH41844457689,default,pay_GNj4fM97cvm9jx,order_91oDwiIbwjNcw0,,upi,,,,
pay_phharTefg7p9fm,payment,0.00,39425.00,39425.00,INR,0.00,0.00,false,true,2026-08-18T12:23:00,2026-08-20T11:00:00,setl_5mfYKu6bIcRegT,HDFCH41844457689,default,pay_phharTefg7p9fm,order_d5fzXedWWfJ3oS,,upi,,,,
pay_in5D3S93kqaRxq,payment,0.00,17024.51,17436.00,INR,411.49,62.77,false,true,2026-08-18T11:09:00,2026-08-20T11:00:00,setl_5mfYKu6bIcRegT,HDFCH41844457689,default,pay_in5D3S93kqaRxq,order_T3DmOnfcDivH3W,,card,RuPay,ICICI Bank,debit,
pay_PNh6faV918qPJR,payment,0.00,7461.00,7461.00,INR,0.00,0.00,false,true,2026-08-18T11:05:00,2026-08-20T11:00:00,setl_5mfYKu6bIcRegT,HDFCH41844457689,default,pay_PNh6faV918qPJR,order_ATjtNDZtfm8483,,upi,,,,
pay_0NybaO8Ld142Mh,payment,0.00,21208.00,21208.00,INR,0.00,0.00,false,true,2026-08-18T13:00:00,2026-08-20T11:00:00,setl_5mfYKu6bIcRegT,HDFCH41844457689,default,pay_0NybaO8Ld142Mh,order_JqhEdJPRxv8KdF,,upi,,,,
pay_mQAaZPYevYj2gw,payment,0.00,3715.00,3715.00,INR,0.00,0.00,false,true,2026-08-18T12:04:00,2026-08-20T11:00:00,setl_5mfYKu6bIcRegT,HDFCH41844457689,default,pay_mQAaZPYevYj2gw,order_J0u4mSNgzfAlQN,,upi,,,,
pay_tCb3jcDBUTb86J,payment,0.00,1320.00,1320.00,INR,0.00,0.00,false,true,2026-08-18T07:33:00,2026-08-20T11:00:00,setl_5mfYKu6bIcRegT,HDFCH41844457689,default,pay_tCb3jcDBUTb86J,order_uVf3WTNR2Qeq4Q,,upi,,,,
pay_Ml2iu8lvHdORbV,payment,0.00,3808.94,3901.00,INR,92.06,14.04,false,true,2026-08-18T19:27:00,2026-08-20T11:00:00,setl_5mfYKu6bIcRegT,HDFCH41844457689,default,pay_Ml2iu8lvHdORbV,order_TFiH4smcNPR9xh,,card,RuPay,ICICI Bank,debit,
pay_02Lq1RmKZOPJ05,payment,0.00,6899.24,7066.00,INR,166.76,25.44,false,true,2026-08-18T09:47:00,2026-08-20T11:00:00,setl_5mfYKu6bIcRegT,HDFCH41844457689,default,pay_02Lq1RmKZOPJ05,order_I6pOkTpO5sonQD,,card,RuPay,ICICI Bank,credit,
pay_pMOlIbuEWdgIkV,payment,0.00,638.49,650.00,INR,11.51,1.76,false,true,2026-08-18T22:25:00,2026-08-20T11:00:00,setl_5mfYKu6bIcRegT,HDFCH41844457689,default,pay_pMOlIbuEWdgIkV,order_PDkdZ2Uoh53d5B,,netbanking,,,,
pay_R0K5e7raeaYI5Q,payment,0.00,6570.00,6570.00,INR,0.00,0.00,false,true,2026-08-18T18:53:00,2026-08-20T11:00:00,setl_5mfYKu6bIcRegT,HDFCH41844457689,default,pay_R0K5e7raeaYI5Q,order_LqJKyrMMnUnCJi,,upi,,,,
pay_TPOLClYtBUvE8u,payment,0.00,1393.00,1393.00,INR,0.00,0.00,false,true,2026-08-18T14:36:00,2026-08-20T11:00:00,setl_5mfYKu6bIcRegT,HDFCH41844457689,default,pay_TPOLClYtBUvE8u,order_8nGs9jVPjjUpnj,,upi,,,,
pay_5vt6uYO5460UGC,payment,0.00,7298.00,7298.00,INR,0.00,0.00,false,true,2026-08-18T22:24:00,2026-08-20T11:00:00,setl_5mfYKu6bIcRegT,HDFCH41844457689,default,pay_5vt6uYO5460UGC,order_RkgrWSVBRLyZ1Q,,upi,,,,
pay_8ErA3cB5NBkkFv,payment,0.00,12633.00,12633.00,INR,0.00,0.00,false,true,2026-08-18T18:18:00,2026-08-20T11:00:00,setl_5mfYKu6bIcRegT,HDFCH41844457689,default,pay_8ErA3cB5NBkkFv,order_2v99Pk4Hvtx9Yy,,upi,,,,
pay_PQfhVD81LQlzoT,payment,0.00,6529.00,6529.00,INR,0.00,0.00,false,true,2026-08-18T12:53:00,2026-08-20T11:00:00,setl_5mfYKu6bIcRegT,HDFCH41844457689,default,pay_PQfhVD81LQlzoT,order_Hgc1ceCkALw3TQ,,upi,,,,
pay_dUtDWwcM1PnA5K,payment,0.00,8107.00,8107.00,INR,0.00,0.00,false,true,2026-08-18T12:26:00,2026-08-20T11:00:00,setl_5mfYKu6bIcRegT,HDFCH41844457689,default,pay_dUtDWwcM1PnA5K,order_nvuWE0oqa89KoZ,,upi,,,,
pay_h5CErbZToWK2RK,payment,0.00,1064.28,1090.00,INR,25.72,3.92,false,true,2026-08-18T19:34:00,2026-08-20T11:00:00,setl_5mfYKu6bIcRegT,HDFCH41844457689,default,pay_h5CErbZToWK2RK,order_WQWvOGWFYWRcpm,,card,Visa,Axis Bank,debit,
pay_Szpj0l1uXAW6Ke,payment,0.00,397.00,397.00,INR,0.00,0.00,false,true,2026-08-18T17:13:00,2026-08-20T11:00:00,setl_5mfYKu6bIcRegT,HDFCH41844457689,default,pay_Szpj0l1uXAW6Ke,order_P5ve1O77lIQoyx,,upi,,,,
pay_P3dL5BAzN3P1rR,payment,0.00,1658.90,1699.00,INR,40.10,6.12,false,true,2026-08-18T14:18:00,2026-08-20T11:00:00,setl_5mfYKu6bIcRegT,HDFCH41844457689,default,pay_P3dL5BAzN3P1rR,order_uWsbgr08dEEV2p,,card,RuPay,Axis Bank,debit,
pay_zGCCtGDjghevRS,payment,0.00,882.00,882.00,INR,0.00,0.00,false,true,2026-08-18T22:19:00,2026-08-20T11:00:00,setl_5mfYKu6bIcRegT,HDFCH41844457689,default,pay_zGCCtGDjghevRS,order_BbRPPs53jFexkG,,upi,,,,
pay_18pgPllIsE8jt2,payment,0.00,5361.00,5361.00,INR,0.00,0.00,false,true,2026-08-18T17:34:00,2026-08-20T11:00:00,setl_5mfYKu6bIcRegT,HDFCH41844457689,default,pay_18pgPllIsE8jt2,order_hmdnlhL7RaYs3x,,upi,,,,
pay_4KhJ3yRwILmi3s,payment,0.00,1173.00,1173.00,INR,0.00,0.00,false,true,2026-08-18T19:43:00,2026-08-20T11:00:00,setl_5mfYKu6bIcRegT,HDFCH41844457689,default,pay_4KhJ3yRwILmi3s,order_vYELnoJuF8QiJj,,upi,,,,
pay_S0uAFkLYEy1Uv0,payment,0.00,4833.18,4950.00,INR,116.82,17.82,false,true,2026-08-18T18:26:00,2026-08-20T11:00:00,setl_5mfYKu6bIcRegT,HDFCH41844457689,default,pay_S0uAFkLYEy1Uv0,order_Hz6beqxgsPgdXb,,card,RuPay,SBI Cards,debit,
pay_Iliej45topay6d,payment,0.00,6513.56,6671.00,INR,157.44,24.02,false,true,2026-08-18T15:18:00,2026-08-20T11:00:00,setl_5mfYKu6bIcRegT,HDFCH41844457689,default,pay_Iliej45topay6d,order_MOjG8vE6hOceCC,,card,MasterCard,ICICI Bank,credit,
pay_Q834Sgiy5llAHj,payment,0.00,38155.00,38155.00,INR,0.00,0.00,false,true,2026-08-18T20:38:00,2026-08-20T11:00:00,setl_5mfYKu6bIcRegT,HDFCH41844457689,default,pay_Q834Sgiy5llAHj,order_z9zeuVSyfj0H2l,,upi,,,,
pay_JrqVXhTlMzaevt,payment,0.00,41005.00,41005.00,INR,0.00,0.00,false,true,2026-08-18T18:47:00,2026-08-20T11:00:00,setl_5mfYKu6bIcRegT,HDFCH41844457689,default,pay_JrqVXhTlMzaevt,order_DRl59hqpps32RQ,,upi,,,,
pay_3FGcWozFaoy8ot,payment,0.00,7530.00,7712.00,INR,182.00,27.76,false,true,2026-08-18T19:19:00,2026-08-20T11:00:00,setl_5mfYKu6bIcRegT,HDFCH41844457689,default,pay_3FGcWozFaoy8ot,order_KzGx5NRFXlg18B,,card,Visa,Kotak,credit,
pay_GTwvIYUPQUnL8e,payment,0.00,110.33,113.00,INR,2.67,0.41,false,true,2026-08-18T08:00:00,2026-08-20T11:00:00,setl_5mfYKu6bIcRegT,HDFCH41844457689,default,pay_GTwvIYUPQUnL8e,order_nW8WtZBDhhkvTr,,card,Visa,Axis Bank,credit,
pay_GRRAzIGDTmFJdn,payment,0.00,2936.28,3000.00,INR,63.72,9.72,false,true,2026-08-18T11:51:00,2026-08-20T11:00:00,setl_5mfYKu6bIcRegT,HDFCH41844457689,default,pay_GRRAzIGDTmFJdn,order_dldRX52cIexKqA,,wallet,,,,
pay_ryQZmNEEGWWf6B,payment,0.00,1251.00,1251.00,INR,0.00,0.00,false,true,2026-08-18T09:43:00,2026-08-20T11:00:00,setl_5mfYKu6bIcRegT,HDFCH41844457689,default,pay_ryQZmNEEGWWf6B,order_qpy2zv1cOd68NW,,upi,,,,
pay_IpaIeyKyDKYYEf,payment,0.00,33302.31,34025.00,INR,722.69,110.24,false,true,2026-08-18T15:11:00,2026-08-20T11:00:00,setl_5mfYKu6bIcRegT,HDFCH41844457689,default,pay_IpaIeyKyDKYYEf,order_gRvJLLlvEkFExD,,wallet,,,,
pay_NwA7xMCgIJqKpa,payment,0.00,621.00,621.00,INR,0.00,0.00,false,true,2026-08-18T10:03:00,2026-08-20T11:00:00,setl_5mfYKu6bIcRegT,HDFCH41844457689,default,pay_NwA7xMCgIJqKpa,order_Ok9sEkFoATRnh6,,upi,,,,
pay_fZzvWsIixJSi0F,payment,0.00,974.84,996.00,INR,21.16,3.23,false,true,2026-08-18T10:06:00,2026-08-20T11:00:00,setl_5mfYKu6bIcRegT,HDFCH41844457689,default,pay_fZzvWsIixJSi0F,order_mmGQLenlewhu2P,,wallet,,,,
pay_Vf0sC1d2VBI0tV,payment,0.00,7636.42,7821.00,INR,184.58,28.16,false,true,2026-08-18T19:07:00,2026-08-20T11:00:00,setl_5mfYKu6bIcRegT,HDFCH41844457689,default,pay_Vf0sC1d2VBI0tV,order_G9p2exxXWIiVwH,,card,Visa,Kotak,debit,
pay_RPsRHDcMxaegDH,payment,0.00,892.00,892.00,INR,0.00,0.00,false,true,2026-08-18T08:05:00,2026-08-20T11:00:00,setl_5mfYKu6bIcRegT,HDFCH41844457689,default,pay_RPsRHDcMxaegDH,order_4JD4LO9LPvcyfe,,upi,,,,
pay_kYcmDIYiTlBGuF,payment,0.00,15446.66,15725.00,INR,278.34,42.46,false,true,2026-08-18T17:45:00,2026-08-20T11:00:00,setl_5mfYKu6bIcRegT,HDFCH41844457689,default,pay_kYcmDIYiTlBGuF,order_M4BCChRB0ZSEyh,,netbanking,,,,
pay_xy8pZ7EoE8v5LN,payment,0.00,40569.00,40569.00,INR,0.00,0.00,false,true,2026-08-18T08:09:00,2026-08-20T11:00:00,setl_5mfYKu6bIcRegT,HDFCH41844457689,default,pay_xy8pZ7EoE8v5LN,order_0KiyRZSIl2cQRN,,upi,,,,
pay_7G5tD2mrTgws4L,payment,0.00,5839.00,5839.00,INR,0.00,0.00,false,true,2026-08-18T18:32:00,2026-08-20T11:00:00,setl_5mfYKu6bIcRegT,HDFCH41844457689,default,pay_7G5tD2mrTgws4L,order_30PK3fl76l3Vf5,,upi,,,,
pay_IT1b9frG97NJTP,payment,0.00,25839.00,25839.00,INR,0.00,0.00,false,true,2026-08-18T22:51:00,2026-08-20T11:00:00,setl_5mfYKu6bIcRegT,HDFCH41844457689,default,pay_IT1b9frG97NJTP,order_BUmtWQTAZ0A0R7,,upi,,,,
pay_YxHaujT8pFDqnL,payment,0.00,1040.84,1066.00,INR,25.16,3.84,false,true,2026-08-18T07:38:00,2026-08-20T11:00:00,setl_5mfYKu6bIcRegT,HDFCH41844457689,default,pay_YxHaujT8pFDqnL,order_IpskEPafdm3slE,,card,MasterCard,Axis Bank,credit,
pay_73cnVcwyEv6aSX,payment,0.00,7918.00,7918.00,INR,0.00,0.00,false,true,2026-08-18T20:26:00,2026-08-20T11:00:00,setl_5mfYKu6bIcRegT,HDFCH41844457689,default,pay_73cnVcwyEv6aSX,order_26eh6O47zdTT7F,,upi,,,,
pay_UxDfUOYEN4uUWN,payment,0.00,38913.00,38913.00,INR,0.00,0.00,false,true,2026-08-18T11:41:00,2026-08-20T11:00:00,setl_5mfYKu6bIcRegT,HDFCH41844457689,default,pay_UxDfUOYEN4uUWN,order_Ttd1SWDyoYHPuX,,upi,,,,
pay_vlAmZQvBEYxVbZ,payment,0.00,2056.00,2056.00,INR,0.00,0.00,false,true,2026-08-18T18:43:00,2026-08-20T11:00:00,setl_5mfYKu6bIcRegT,HDFCH41844457689,default,pay_vlAmZQvBEYxVbZ,order_X0VPozTK1OVkgB,,upi,,,,
pay_JNxXbtE9VQwLcJ,payment,0.00,5354.00,5354.00,INR,0.00,0.00,false,true,2026-08-18T11:41:00,2026-08-20T11:00:00,setl_5mfYKu6bIcRegT,HDFCH41844457689,default,pay_JNxXbtE9VQwLcJ,order_vORxUWEVeiDyzT,,upi,,,,
pay_Eby9rmYYySuQLB,payment,0.00,26579.00,26579.00,INR,0.00,0.00,false,true,2026-08-18T18:20:00,2026-08-20T11:00:00,setl_5mfYKu6bIcRegT,HDFCH41844457689,default,pay_Eby9rmYYySuQLB,order_mlSljGV9SG9oZi,,upi,,,,
pay_hscMut6WLwXMK0,payment,0.00,19863.08,20221.00,INR,357.92,54.60,false,true,2026-08-18T15:04:00,2026-08-20T11:00:00,setl_5mfYKu6bIcRegT,HDFCH41844457689,default,pay_hscMut6WLwXMK0,order_8Vzyhe4AVTikxw,,netbanking,,,,
pay_ivMC2GILwHYZ9c,payment,0.00,1950.00,1950.00,INR,0.00,0.00,false,true,2026-08-18T10:39:00,2026-08-20T11:00:00,setl_5mfYKu6bIcRegT,HDFCH41844457689,default,pay_ivMC2GILwHYZ9c,order_BkOcxIrEmMIpnZ,,upi,,,,
pay_pA3bNpG0JMrYKC,payment,0.00,3098.00,3098.00,INR,0.00,0.00,false,true,2026-08-18T22:46:00,2026-08-20T11:00:00,setl_5mfYKu6bIcRegT,HDFCH41844457689,default,pay_pA3bNpG0JMrYKC,order_mHWskBUB3i2nPr,,upi,,,,
pay_d6P0oZeVAGIEBX,payment,0.00,3121.00,3121.00,INR,0.00,0.00,false,true,2026-08-18T14:14:00,2026-08-20T11:00:00,setl_5mfYKu6bIcRegT,HDFCH41844457689,default,pay_d6P0oZeVAGIEBX,order_MZG1Zg4rS4DdyY,,upi,,,,
pay_eQHpuyrxpu8CZ6,payment,0.00,729.84,743.00,INR,13.16,2.01,false,true,2026-08-18T17:29:00,2026-08-20T11:00:00,setl_5mfYKu6bIcRegT,HDFCH41844457689,default,pay_eQHpuyrxpu8CZ6,order_1C48c07GOXbaxe,,netbanking,,,,
pay_OxB9imQFiM7gmv,payment,0.00,6244.49,6380.00,INR,135.51,20.67,false,true,2026-08-18T17:50:00,2026-08-20T11:00:00,setl_5mfYKu6bIcRegT,HDFCH41844457689,default,pay_OxB9imQFiM7gmv,order_9pV55WcxA1QXqV,,wallet,,,,
pay_dbg5YYVdT5vjFg,payment,0.00,3763.00,3763.00,INR,0.00,0.00,false,true,2026-08-18T21:09:00,2026-08-20T11:00:00,setl_5mfYKu6bIcRegT,HDFCH41844457689,default,pay_dbg5YYVdT5vjFg,order_9lKnhEgs7FmMCL,,upi,,,,
rfnd_IVQ9zeJDKunu7a,refund,312.00,0.00,312.00,INR,0.00,0.00,false,true,2026-08-20T09:00:00,2026-08-20T11:00:00,setl_5mfYKu6bIcRegT,HDFCH41844457689,default,pay_1ks7LALsRVgf1W,,,card,Visa,HDFC Bank,debit,
disp_o9qDc0XCgL0TYp,dispute,1009.20,0.00,313.00,INR,696.20,106.20,false,true,2026-08-20T09:00:00,2026-08-20T11:00:00,setl_5mfYKu6bIcRegT,HDFCH41844457689,default,pay_Y5urdNSFHt2mHW,order_9TCqgLamKnGcS2,disp_o9qDc0XCgL0TYp,upi,,,,
rfnd_X41en5evjOCSRJ,refund,2242.00,0.00,2242.00,INR,0.00,0.00,false,true,2026-08-20T09:00:00,2026-08-20T11:00:00,setl_5mfYKu6bIcRegT,HDFCH41844457689,default,pay_ZXXbGb3AO1ZdIp,order_bjG6xnY0QLZhEQ,,upi,,,,
rfnd_9nVsjZYvi7A838,refund,7306.00,0.00,7306.00,INR,0.00,0.00,false,true,2026-08-20T09:00:00,2026-08-20T11:00:00,setl_5mfYKu6bIcRegT,HDFCH41844457689,default,pay_WstsJfgAg0Tur7,order_FdCOA26wppUeBH,,netbanking,,,,
rfnd_rc7KR84slqvBkA,refund,7306.00,0.00,7306.00,INR,0.00,0.00,false,true,2026-08-20T09:00:00,2026-08-20T11:00:00,setl_5mfYKu6bIcRegT,HDFCH41844457689,default,pay_WstsJfgAg0Tur7,order_FdCOA26wppUeBH,,netbanking,,,,
rfnd_Ow6I3MWcL2HNHK,refund,1517.00,0.00,1517.00,INR,0.00,0.00,false,true,2026-08-20T09:00:00,2026-08-20T11:00:00,setl_5mfYKu6bIcRegT,HDFCH41844457689,default,pay_hLhCkJBMPHK5fY,,,card,RuPay,Axis Bank,credit,
rfnd_0o9ZJf1xLBGIgy,refund,1518.00,0.00,1518.00,INR,0.00,0.00,false,true,2026-08-20T09:00:00,2026-08-20T11:00:00,setl_5mfYKu6bIcRegT,HDFCH41844457689,default,pay_eKkA4mdQfUI23U,,,card,MasterCard,ICICI Bank,debit,
pay_WGjt3KNOMFWfRR,payment,0.00,501.00,501.00,INR,0.00,0.00,false,true,2026-08-19T14:48:00,2026-08-21T11:00:00,setl_ciRz08X79fniep,SBINH23568074766,default,pay_WGjt3KNOMFWfRR,order_zcY5PuGXCEDfgf,,upi,,,,
pay_DOTtYkDIIaYbAz,payment,0.00,1472.00,1472.00,INR,0.00,0.00,false,true,2026-08-19T13:25:00,2026-08-21T11:00:00,setl_ciRz08X79fniep,SBINH23568074766,default,pay_DOTtYkDIIaYbAz,order_UgYUxgmm1GSUxr,,upi,,,,
pay_RnwwNg1CEoPBeT,payment,0.00,41089.00,41089.00,INR,0.00,0.00,false,true,2026-08-19T21:40:00,2026-08-21T11:00:00,setl_ciRz08X79fniep,SBINH23568074766,default,pay_RnwwNg1CEoPBeT,order_ZwE9GrNiavipTn,,upi,,,,
pay_xCerGUpJ9ngKQ0,payment,0.00,35831.93,36698.00,INR,866.07,132.11,false,true,2026-08-19T07:45:00,2026-08-21T11:00:00,setl_ciRz08X79fniep,SBINH23568074766,default,pay_xCerGUpJ9ngKQ0,order_xKJs3Ujczc4ip0,,card,MasterCard,HDFC Bank,credit,
pay_MiJzLXe7uvjvhQ,payment,0.00,1364.00,1364.00,INR,0.00,0.00,false,true,2026-08-19T16:28:00,2026-08-21T11:00:00,setl_ciRz08X79fniep,SBINH23568074766,default,pay_MiJzLXe7uvjvhQ,order_I14RBJmK4mWdv1,,upi,,,,
pay_lLjKjLylzpGlmk,payment,0.00,819.20,839.00,INR,19.80,3.02,false,true,2026-08-19T16:44:00,2026-08-21T11:00:00,setl_ciRz08X79fniep,SBINH23568074766,default,pay_lLjKjLylzpGlmk,order_iqiYmiGp86MrMY,,card,RuPay,Axis Bank,credit,
pay_oeJzxGjvS3XAuR,payment,0.00,7169.80,7299.00,INR,129.20,19.71,false,true,2026-08-19T14:06:00,2026-08-21T11:00:00,setl_ciRz08X79fniep,SBINH23568074766,default,pay_oeJzxGjvS3XAuR,order_6qmOBhrB9wgr06,,netbanking,,,,
pay_PQfb6U5wd3HSuM,payment,0.00,8260.00,8260.00,INR,0.00,0.00,false,true,2026-08-19T12:03:00,2026-08-21T11:00:00,setl_ciRz08X79fniep,SBINH23568074766,default,pay_PQfb6U5wd3HSuM,order_gDe9eEsD368bEF,,upi,,,,
pay_L6f612eOxxR9nY,payment,0.00,767.00,767.00,INR,0.00,0.00,false,true,2026-08-19T20:07:00,2026-08-21T11:00:00,setl_ciRz08X79fniep,SBINH23568074766,default,pay_L6f612eOxxR9nY,order_JmM6kz4bqz37Y6,,upi,,,,
pay_kGwxYCWcHREEV1,payment,0.00,4826.00,4826.00,INR,0.00,0.00,false,true,2026-08-19T18:07:00,2026-08-21T11:00:00,setl_ciRz08X79fniep,SBINH23568074766,default,pay_kGwxYCWcHREEV1,order_0af6fWlkmkeXHR,,upi,,,,
pay_6N99OGiuJGBx8h,payment,0.00,44338.00,44338.00,INR,0.00,0.00,false,true,2026-08-19T09:17:00,2026-08-21T11:00:00,setl_ciRz08X79fniep,SBINH23568074766,default,pay_6N99OGiuJGBx8h,order_9JBju0Gmqo5Ysk,,upi,,,,
pay_JaIJQSowf1XqwD,payment,0.00,1462.65,1498.00,INR,35.35,5.39,false,true,2026-08-19T19:55:00,2026-08-21T11:00:00,setl_ciRz08X79fniep,SBINH23568074766,default,pay_JaIJQSowf1XqwD,order_n5u066YxivikYj,,card,Amex,ICICI Bank,credit,
pay_wdB3hD8wZ8J5ur,payment,0.00,1052.17,1075.00,INR,22.83,3.48,false,true,2026-08-19T22:36:00,2026-08-21T11:00:00,setl_ciRz08X79fniep,SBINH23568074766,default,pay_wdB3hD8wZ8J5ur,order_yXtOWePAaVbhvZ,,wallet,,,,
pay_nN9TJcjTzRSa6X,payment,0.00,18490.09,18937.00,INR,446.91,68.17,false,true,2026-08-19T09:29:00,2026-08-21T11:00:00,setl_ciRz08X79fniep,SBINH23568074766,default,pay_nN9TJcjTzRSa6X,order_wstvWlgdKTrP0C,,card,Visa,SBI Cards,debit,
pay_E2USpnss224aVE,payment,0.00,526.00,526.00,INR,0.00,0.00,false,true,2026-08-19T13:14:00,2026-08-21T11:00:00,setl_ciRz08X79fniep,SBINH23568074766,default,pay_E2USpnss224aVE,order_2gdEZUJTcLjL2Y,,upi,,,,
pay_9ojqygiCFC5Zz7,payment,0.00,36187.00,36187.00,INR,0.00,0.00,false,true,2026-08-19T09:19:00,2026-08-21T11:00:00,setl_ciRz08X79fniep,SBINH23568074766,default,pay_9ojqygiCFC5Zz7,order_lrNEw8wtdKpmWP,,upi,,,,
pay_uDePC22yAGmEnP,payment,0.00,31521.00,31521.00,INR,0.00,0.00,false,true,2026-08-19T20:58:00,2026-08-21T11:00:00,setl_ciRz08X79fniep,SBINH23568074766,default,pay_uDePC22yAGmEnP,order_WX0PsPrPl82oqQ,,upi,,,,
pay_NazMDErBYOhXbN,payment,0.00,1052.00,1052.00,INR,0.00,0.00,false,true,2026-08-19T19:50:00,2026-08-21T11:00:00,setl_ciRz08X79fniep,SBINH23568074766,default,pay_NazMDErBYOhXbN,order_jRk6tbhOJDxYcB,,upi,,,,
pay_ZYPX1AhcmAEzDJ,payment,0.00,14435.88,14696.00,INR,260.12,39.68,false,true,2026-08-19T22:17:00,2026-08-21T11:00:00,setl_ciRz08X79fniep,SBINH23568074766,default,pay_ZYPX1AhcmAEzDJ,order_SL7AN28rx6VYMi,,netbanking,,,,
pay_SRTqYxpV9xjWC0,payment,0.00,17846.43,18168.00,INR,321.57,49.05,false,true,2026-08-19T13:47:00,2026-08-21T11:00:00,setl_ciRz08X79fniep,SBINH23568074766,default,pay_SRTqYxpV9xjWC0,order_LZg81L1PKXHTuD,,netbanking,,,,
pay_sRdx4z4DLoKeX1,payment,0.00,30452.16,31113.00,INR,660.84,100.81,false,true,2026-08-19T22:47:00,2026-08-21T11:00:00,setl_ciRz08X79fniep,SBINH23568074766,default,pay_sRdx4z4DLoKeX1,order_Xz73SLla1lO0G3,,wallet,,,,
pay_Nsr0spxyUAc1l9,payment,0.00,3111.00,3111.00,INR,0.00,0.00,false,true,2026-08-19T18:42:00,2026-08-21T11:00:00,setl_ciRz08X79fniep,SBINH23568074766,default,pay_Nsr0spxyUAc1l9,order_1oH4iOAXmot0qd,,upi,,,,
pay_nT7hCDU3YK5qIY,payment,0.00,43348.00,43348.00,INR,0.00,0.00,false,true,2026-08-19T18:28:00,2026-08-21T11:00:00,setl_ciRz08X79fniep,SBINH23568074766,default,pay_nT7hCDU3YK5qIY,order_RWymdQnGv75Or7,,upi,,,,
pay_kXm0Ybz697GmZz,payment,0.00,3127.41,3203.00,INR,75.59,11.53,false,true,2026-08-19T22:43:00,2026-08-21T11:00:00,setl_ciRz08X79fniep,SBINH23568074766,default,pay_kXm0Ybz697GmZz,order_T9X7iU3vYkhICJ,,card,MasterCard,ICICI Bank,credit,
pay_UhsmsJl0NHdrzs,payment,0.00,41867.06,42879.00,INR,1011.94,154.36,false,true,2026-08-19T22:24:00,2026-08-21T11:00:00,setl_ciRz08X79fniep,SBINH23568074766,default,pay_UhsmsJl0NHdrzs,order_gesjV9dzXXBYqP,,card,Amex,Axis Bank,debit,
pay_547oVIS7sPxZpc,payment,0.00,4008.76,4081.00,INR,72.24,11.02,false,true,2026-08-19T14:04:00,2026-08-21T11:00:00,setl_ciRz08X79fniep,SBINH23568074766,default,pay_547oVIS7sPxZpc,order_tTsZ3d1sjim6TO,,netbanking,,,,
pay_S0gERxg6UlOBYc,payment,0.00,3696.77,3777.00,INR,80.23,12.24,false,true,2026-08-19T13:28:00,2026-08-21T11:00:00,setl_ciRz08X79fniep,SBINH23568074766,default,pay_S0gERxg6UlOBYc,order_0mhtVJbljatmUX,,wallet,,,,
pay_N7lm48UewvwaVj,payment,0.00,453.05,464.00,INR,10.95,1.67,false,true,2026-08-19T16:34:00,2026-08-21T11:00:00,setl_ciRz08X79fniep,SBINH23568074766,default,pay_N7lm48UewvwaVj,order_jic9Dz0Bw6f7EP,,card,MasterCard,HDFC Bank,credit,
pay_pDXlLWWDmXXChI,payment,0.00,36819.71,37716.00,INR,896.29,136.72,false,true,2026-08-19T18:21:00,2026-08-21T11:00:00,setl_ciRz08X79fniep,SBINH23568074766,default,pay_pDXlLWWDmXXChI,order_e46wMDyvkLL2td,,card,MasterCard,HDFC Bank,debit,
pay_k0F856rqP0yqrN,payment,0.00,802.53,817.00,INR,14.47,2.21,false,true,2026-08-19T17:16:00,2026-08-21T11:00:00,setl_ciRz08X79fniep,SBINH23568074766,default,pay_k0F856rqP0yqrN,order_dlUYYY3AZS9pxd,,netbanking,,,,
pay_dWs5k4731nCxzD,payment,0.00,1228.00,1228.00,INR,0.00,0.00,false,true,2026-08-19T14:26:00,2026-08-21T11:00:00,setl_ciRz08X79fniep,SBINH23568074766,default,pay_dWs5k4731nCxzD,order_D6XL5qh1IWuS0b,,upi,,,,
pay_5BsMRam5RqZ3lN,payment,0.00,774.05,788.00,INR,13.95,2.13,false,true,2026-08-19T15:03:00,2026-08-21T11:00:00,setl_ciRz08X79fniep,SBINH23568074766,default,pay_5BsMRam5RqZ3lN,order_NQdiIc7L47Ma33,,netbanking,,,,
pay_s6KJYQ9Sg8Wylh,payment,0.00,39422.00,39422.00,INR,0.00,0.00,false,true,2026-08-19T07:42:00,2026-08-21T11:00:00,setl_ciRz08X79fniep,SBINH23568074766,default,pay_s6KJYQ9Sg8Wylh,order_3YUH49abILGbgS,,upi,,,,
pay_PLrVtAzSqtPTY2,payment,0.00,911.00,911.00,INR,0.00,0.00,false,true,2026-08-19T11:55:00,2026-08-21T11:00:00,setl_ciRz08X79fniep,SBINH23568074766,default,pay_PLrVtAzSqtPTY2,order_WFUV1upFOhpCtt,,upi,,,,
pay_WjBqSHzGnSDQ3T,payment,0.00,2484.23,2529.00,INR,44.77,6.83,false,true,2026-08-19T10:58:00,2026-08-21T11:00:00,setl_ciRz08X79fniep,SBINH23568074766,default,pay_WjBqSHzGnSDQ3T,order_jzihznZhE8URlJ,,netbanking,,,,
pay_qI2Vu81LoaCln6,payment,0.00,26366.00,26366.00,INR,0.00,0.00,false,true,2026-08-19T13:39:00,2026-08-21T11:00:00,setl_ciRz08X79fniep,SBINH23568074766,default,pay_qI2Vu81LoaCln6,order_LiKcMMeMbIybw2,,upi,,,,
pay_J0nSzqecraLHyK,payment,0.00,8302.00,8302.00,INR,0.00,0.00,false,true,2026-08-19T19:37:00,2026-08-21T11:00:00,setl_ciRz08X79fniep,SBINH23568074766,default,pay_J0nSzqecraLHyK,order_wgGpQQKqTBieu1,,upi,,,,
pay_sE0MjBlclrcZWX,payment,0.00,7049.61,7220.00,INR,170.39,25.99,false,true,2026-08-19T12:59:00,2026-08-21T11:00:00,setl_ciRz08X79fniep,SBINH23568074766,default,pay_sE0MjBlclrcZWX,order_9cAkmIZ0dATVt3,,card,RuPay,SBI Cards,credit,
pay_6rZ0g02xenKGdo,payment,0.00,34635.38,35387.00,INR,751.62,114.65,false,true,2026-08-19T11:27:00,2026-08-21T11:00:00,setl_ciRz08X79fniep,SBINH23568074766,default,pay_6rZ0g02xenKGdo,order_qIY7J7tJP4q34Z,,wallet,,,,
pay_r4uz0aZwFc29CW,payment,0.00,1162.89,1191.00,INR,28.11,4.29,false,true,2026-08-19T15:22:00,2026-08-21T11:00:00,setl_ciRz08X79fniep,SBINH23568074766,default,pay_r4uz0aZwFc29CW,order_9pkjRHdHFblBqW,,card,RuPay,Axis Bank,debit,
pay_GsxfGPXROnlb9T,payment,0.00,6631.00,6631.00,INR,0.00,0.00,false,true,2026-08-19T08:43:00,2026-08-21T11:00:00,setl_ciRz08X79fniep,SBINH23568074766,default,pay_GsxfGPXROnlb9T,order_eoLTOMuQ1G90u2,,upi,,,,
pay_KuWPDk5rt8xxwL,payment,0.00,402.00,402.00,INR,0.00,0.00,false,true,2026-08-19T07:35:00,2026-08-21T11:00:00,setl_ciRz08X79fniep,SBINH23568074766,default,pay_KuWPDk5rt8xxwL,order_SHgxeuOEJAyWEA,,upi,,,,
pay_0Iet3B1fJhSBEh,payment,0.00,13778.00,13778.00,INR,0.00,0.00,false,true,2026-08-19T14:59:00,2026-08-21T11:00:00,setl_ciRz08X79fniep,SBINH23568074766,default,pay_0Iet3B1fJhSBEh,order_NwiDWt8DK4pKOf,,upi,,,,
pay_ZGd5wbE3m9VdFt,payment,0.00,9875.00,9875.00,INR,0.00,0.00,false,true,2026-08-19T16:33:00,2026-08-21T11:00:00,setl_ciRz08X79fniep,SBINH23568074766,default,pay_ZGd5wbE3m9VdFt,order_k69VeYCnKkGBVp,,upi,,,,
pay_kdqvImfB7HG0Tr,payment,0.00,1343.00,1343.00,INR,0.00,0.00,false,true,2026-08-19T17:02:00,2026-08-21T11:00:00,setl_ciRz08X79fniep,SBINH23568074766,default,pay_kdqvImfB7HG0Tr,order_BZKgrQCPrNGXjy,,upi,,,,
pay_lrjbGL14fdwcQA,payment,0.00,2320.00,2320.00,INR,0.00,0.00,false,true,2026-08-19T13:58:00,2026-08-21T11:00:00,setl_ciRz08X79fniep,SBINH23568074766,default,pay_lrjbGL14fdwcQA,order_vArbrUm9gtohEY,,upi,,,,
pay_dwWnu8KT1vxDFB,payment,0.00,191.00,191.00,INR,0.00,0.00,false,true,2026-08-19T19:07:00,2026-08-21T11:00:00,setl_ciRz08X79fniep,SBINH23568074766,default,pay_dwWnu8KT1vxDFB,order_SVZSPF99p7rjVI,,upi,,,,
pay_56hxdoWom45Wx3,payment,0.00,867.04,888.00,INR,20.96,3.20,false,true,2026-08-19T17:29:00,2026-08-21T11:00:00,setl_ciRz08X79fniep,SBINH23568074766,default,pay_56hxdoWom45Wx3,order_ig3t3DS7UugX7Y,,card,Visa,SBI Cards,debit,
pay_FnF8W6OSKjacby,payment,0.00,1453.46,1485.00,INR,31.54,4.81,false,true,2026-08-19T21:25:00,2026-08-21T11:00:00,setl_ciRz08X79fniep,SBINH23568074766,default,pay_FnF8W6OSKjacby,order_fJq1WurVysar9c,,wallet,,,,
pay_0nQwHIcaOpIDQw,payment,0.00,30599.00,30599.00,INR,0.00,0.00,false,true,2026-08-19T07:34:00,2026-08-21T11:00:00,setl_ciRz08X79fniep,SBINH23568074766,default,pay_0nQwHIcaOpIDQw,order_JE8LzM9z6FNllK,,upi,,,,
pay_ZH6ji6akgMUtua,payment,0.00,1198.00,1198.00,INR,0.00,0.00,false,true,2026-08-19T15:53:00,2026-08-21T11:00:00,setl_ciRz08X79fniep,SBINH23568074766,default,pay_ZH6ji6akgMUtua,order_hLoAbCKlSQbteX,,upi,,,,
pay_QTv8vidfmKuCxl,payment,0.00,19970.00,19970.00,INR,0.00,0.00,false,true,2026-08-19T20:57:00,2026-08-21T11:00:00,setl_ciRz08X79fniep,SBINH23568074766,default,pay_QTv8vidfmKuCxl,order_XqXLZvxqe1SifJ,,upi,,,,
pay_pcZAjvMXKWIHp7,payment,0.00,20333.00,20333.00,INR,0.00,0.00,false,true,2026-08-19T22:46:00,2026-08-21T11:00:00,setl_ciRz08X79fniep,SBINH23568074766,default,pay_pcZAjvMXKWIHp7,order_S21UfsDo0h0vuq,,upi,,,,
pay_X1MmXcd4l9kl4m,payment,0.00,3111.79,3187.00,INR,75.21,11.47,false,true,2026-08-19T08:51:00,2026-08-21T11:00:00,setl_ciRz08X79fniep,SBINH23568074766,default,pay_X1MmXcd4l9kl4m,order_AGwwHhyVA4JcCc,,card,RuPay,Kotak,debit,
pay_kYvpduN5ndgMEI,payment,0.00,1431.00,1431.00,INR,0.00,0.00,false,true,2026-08-19T10:10:00,2026-08-21T11:00:00,setl_ciRz08X79fniep,SBINH23568074766,default,pay_kYvpduN5ndgMEI,order_qrSDacTQBvCUn2,,upi,,,,
pay_6UhXQEL7Wky6Ve,payment,0.00,1410.90,1445.00,INR,34.10,5.20,false,true,2026-08-19T09:06:00,2026-08-21T11:00:00,setl_ciRz08X79fniep,SBINH23568074766,default,pay_6UhXQEL7Wky6Ve,order_Fu526iF5KBN4oK,,card,MasterCard,HDFC Bank,debit,
pay_onWBLUCLPxdSHm,payment,0.00,1475.34,1511.00,INR,35.66,5.44,false,true,2026-08-19T22:57:00,2026-08-21T11:00:00,setl_ciRz08X79fniep,SBINH23568074766,default,pay_onWBLUCLPxdSHm,order_o2SdIKAq1Ppfry,,card,RuPay,ICICI Bank,debit,
pay_bWS3yk37jfTced,payment,0.00,2325.78,2382.00,INR,56.22,8.58,false,true,2026-08-19T17:04:00,2026-08-21T11:00:00,setl_ciRz08X79fniep,SBINH23568074766,default,pay_bWS3yk37jfTced,order_7ExnXIpwcxhehy,,card,Amex,HDFC Bank,credit,
pay_CAtQjPfVjLQXT4,payment,0.00,39589.87,40449.00,INR,859.13,131.05,false,true,2026-08-19T21:19:00,2026-08-21T11:00:00,setl_ciRz08X79fniep,SBINH23568074766,default,pay_CAtQjPfVjLQXT4,order_vQIiC8jqY9mAyr,,wallet,,,,
pay_JmKrZkBe7K7g60,payment,0.00,12226.00,12226.00,INR,0.00,0.00,false,true,2026-08-19T08:05:00,2026-08-21T11:00:00,setl_ciRz08X79fniep,SBINH23568074766,default,pay_JmKrZkBe7K7g60,order_qvdytclqCSNMCk,,upi,,,,
pay_el7MjaaL3HKVOo,payment,0.00,7209.00,7209.00,INR,0.00,0.00,false,true,2026-08-19T07:17:00,2026-08-21T11:00:00,setl_ciRz08X79fniep,SBINH23568074766,default,pay_el7MjaaL3HKVOo,order_vCbSe3autnHv8E,,upi,,,,
pay_JEV3ZxZCXcPkD4,payment,0.00,6496.97,6654.00,INR,157.03,23.95,false,true,2026-08-19T13:32:00,2026-08-21T11:00:00,setl_ciRz08X79fniep,SBINH23568074766,default,pay_JEV3ZxZCXcPkD4,order_20TqJ5ChVcmTd4,,card,Visa,Axis Bank,debit,
pay_3QEeCL3xZUfNYW,payment,0.00,7374.00,7374.00,INR,0.00,0.00,false,true,2026-08-19T21:10:00,2026-08-21T11:00:00,setl_ciRz08X79fniep,SBINH23568074766,default,pay_3QEeCL3xZUfNYW,order_zXTndH5Zdclu0P,,upi,,,,
pay_E2qCMr8WnuoqZB,payment,0.00,17065.49,17373.00,INR,307.51,46.91,false,true,2026-08-19T13:36:00,2026-08-21T11:00:00,setl_ciRz08X79fniep,SBINH23568074766,default,pay_E2qCMr8WnuoqZB,order_pJqw9ujxZY47Db,,netbanking,,,,
pay_uJ2H7vLFsxSXvR,payment,0.00,30265.00,30265.00,INR,0.00,0.00,false,true,2026-08-19T18:03:00,2026-08-21T11:00:00,setl_ciRz08X79fniep,SBINH23568074766,default,pay_uJ2H7vLFsxSXvR,order_KWi4O4fUTD6GbK,,upi,,,,
pay_nIOUQfV5M7t4cg,payment,0.00,450.00,450.00,INR,0.00,0.00,false,true,2026-08-19T20:02:00,2026-08-21T11:00:00,setl_ciRz08X79fniep,SBINH23568074766,default,pay_nIOUQfV5M7t4cg,order_5Y8DbYpLaaS6QK,,upi,,,,
pay_tq9cTQWdZtpgnP,payment,0.00,349.55,358.00,INR,8.45,1.29,false,true,2026-08-19T21:41:00,2026-08-21T11:00:00,setl_ciRz08X79fniep,SBINH23568074766,default,pay_tq9cTQWdZtpgnP,order_RzZFFjdKqlx2gw,,card,RuPay,Kotak,debit,
pay_hSNNyLoB8KG31d,payment,0.00,606.07,617.00,INR,10.93,1.67,false,true,2026-08-19T16:46:00,2026-08-21T11:00:00,setl_ciRz08X79fniep,SBINH23568074766,default,pay_hSNNyLoB8KG31d,order_kmMoN2iC66QHvq,,netbanking,,,,
pay_SPKjQrMVAn3xft,payment,0.00,6938.00,6938.00,INR,0.00,0.00,false,true,2026-08-19T07:33:00,2026-08-21T11:00:00,setl_ciRz08X79fniep,SBINH23568074766,default,pay_SPKjQrMVAn3xft,order_klv29LryJoLVJJ,,upi,,,,
pay_aXsBLNawwAIKLw,payment,0.00,25454.00,25454.00,INR,0.00,0.00,false,true,2026-08-19T22:40:00,2026-08-21T11:00:00,setl_ciRz08X79fniep,SBINH23568074766,default,pay_aXsBLNawwAIKLw,order_uM1ECnRP9IN9RU,,upi,,,,
pay_VgxJmWSHKflMUH,payment,0.00,41318.32,42317.00,INR,998.68,152.34,false,true,2026-08-19T10:59:00,2026-08-21T11:00:00,setl_ciRz08X79fniep,SBINH23568074766,default,pay_VgxJmWSHKflMUH,order_nyGGjGoiwExcDq,,card,Visa,Axis Bank,credit,
pay_bO0O7ve0Tpqckl,payment,0.00,1026.20,1051.00,INR,24.80,3.78,false,true,2026-08-19T18:00:00,2026-08-21T11:00:00,setl_ciRz08X79fniep,SBINH23568074766,default,pay_bO0O7ve0Tpqckl,order_HjZrUfQegZe7qO,,card,RuPay,Axis Bank,debit,
pay_2OOC71lks6rHUT,payment,0.00,23986.00,23986.00,INR,0.00,0.00,false,true,2026-08-19T13:03:00,2026-08-21T11:00:00,setl_ciRz08X79fniep,SBINH23568074766,default,pay_2OOC71lks6rHUT,order_8V8vNzmo0tUFiD,,upi,,,,
pay_WUBwKzqdNzPpwA,payment,0.00,399.34,408.00,INR,8.66,1.32,false,true,2026-08-19T12:15:00,2026-08-21T11:00:00,setl_ciRz08X79fniep,SBINH23568074766,default,pay_WUBwKzqdNzPpwA,order_jhm0YqUgsgLQt6,,wallet,,,,
pay_H50oIRF3G6CQEv,payment,0.00,33040.00,33040.00,INR,0.00,0.00,false,true,2026-08-19T18:44:00,2026-08-21T11:00:00,setl_ciRz08X79fniep,SBINH23568074766,default,pay_H50oIRF3G6CQEv,order_qR3LantBxJsGea,,upi,,,,
pay_b90vcmhjzRirSZ,payment,0.00,4014.00,4014.00,INR,0.00,0.00,false,true,2026-08-19T07:39:00,2026-08-21T11:00:00,setl_ciRz08X79fniep,SBINH23568074766,default,pay_b90vcmhjzRirSZ,order_5yD3HN8kjsal5D,,upi,,,,
pay_wp2TpbexqomxzR,payment,0.00,33719.41,34327.00,INR,607.59,92.68,false,true,2026-08-19T15:57:00,2026-08-21T11:00:00,setl_ciRz08X79fniep,SBINH23568074766,default,pay_wp2TpbexqomxzR,order_OBLucUvzNNIrhj,,netbanking,,,,
pay_qU2gXNTeNWyPwb,payment,0.00,2528.00,2528.00,INR,0.00,0.00,false,true,2026-08-19T14:25:00,2026-08-21T11:00:00,setl_ciRz08X79fniep,SBINH23568074766,default,pay_qU2gXNTeNWyPwb,order_dPR974tbY6eiup,,upi,,,,
pay_C1yg7WgRaFeS2H,payment,0.00,682.69,695.00,INR,12.31,1.88,false,true,2026-08-19T08:38:00,2026-08-21T11:00:00,setl_ciRz08X79fniep,SBINH23568074766,default,pay_C1yg7WgRaFeS2H,order_3WfQ0GJgSZBT4G,,netbanking,,,,
rfnd_Dc2FX7Hmfcn4tw,refund,7325.00,0.00,7325.00,INR,0.00,0.00,false,true,2026-08-21T09:00:00,2026-08-21T11:00:00,setl_ciRz08X79fniep,SBINH23568074766,default,pay_DKP5s3QKA48mtO,order_5AcIj1onehd2Ud,,netbanking,,,,
rfnd_ThOWb0vpQ6BPOE,refund,1992.00,0.00,1992.00,INR,0.00,0.00,false,true,2026-08-21T09:00:00,2026-08-21T11:00:00,setl_ciRz08X79fniep,SBINH23568074766,default,pay_J0nSzqecraLHyK,order_wgGpQQKqTBieu1,,upi,,,,
rfnd_Pn4DwtiWn71ALI,refund,490.00,0.00,490.00,INR,0.00,0.00,false,true,2026-08-21T09:00:00,2026-08-21T11:00:00,setl_ciRz08X79fniep,SBINH23568074766,default,pay_yyVp94tIaPVtC9,order_LjmsiA1naAvkNW,,card,RuPay,Axis Bank,debit,
pay_DKP5s3QKA48mtO,payment,0.00,7195.34,7325.00,INR,129.66,19.78,false,true,2026-08-20T19:50:00,2026-08-22T11:00:00,setl_q3qi9TDwgcb9N3,UTIBH73784457265,default,pay_DKP5s3QKA48mtO,order_5AcIj1onehd2Ud,,netbanking,,,,
pay_bpovaWDGWiFGRD,payment,0.00,924.00,924.00,INR,0.00,0.00,false,true,2026-08-20T22:48:00,2026-08-22T11:00:00,setl_q3qi9TDwgcb9N3,UTIBH73784457265,default,pay_bpovaWDGWiFGRD,order_kkn0jja0k9xiIl,,upi,,,,
pay_RPZumhPhlNXzXD,payment,0.00,2360.46,2403.00,INR,42.54,6.49,false,true,2026-08-20T09:20:00,2026-08-22T11:00:00,setl_q3qi9TDwgcb9N3,UTIBH73784457265,default,pay_RPZumhPhlNXzXD,order_A1ZzxAgowSD9Yi,,netbanking,,,,
pay_51HD5QPzXbDtOg,payment,0.00,29697.87,30233.00,INR,535.13,81.63,false,true,2026-08-20T20:26:00,2026-08-22T11:00:00,setl_q3qi9TDwgcb9N3,UTIBH73784457265,default,pay_51HD5QPzXbDtOg,order_1V3e97Pu75v2Tm,,netbanking,,,,
pay_73Ocg0WSW7Lsrt,payment,0.00,31377.60,31943.00,INR,565.40,86.25,false,true,2026-08-20T22:19:00,2026-08-22T11:00:00,setl_q3qi9TDwgcb9N3,UTIBH73784457265,default,pay_73Ocg0WSW7Lsrt,order_wfgx91UmTKr6ou,,netbanking,,,,
pay_1Zuc5WXI7BD4Y7,payment,0.00,1192.00,1192.00,INR,0.00,0.00,false,true,2026-08-20T08:49:00,2026-08-22T11:00:00,setl_q3qi9TDwgcb9N3,UTIBH73784457265,default,pay_1Zuc5WXI7BD4Y7,order_X6VVDDdxfgR068,,upi,,,,
pay_Qj3LbT66762JLw,payment,0.00,770.00,770.00,INR,0.00,0.00,false,true,2026-08-20T13:49:00,2026-08-22T11:00:00,setl_q3qi9TDwgcb9N3,UTIBH73784457265,default,pay_Qj3LbT66762JLw,order_gnnBFDl4CzamO8,,upi,,,,
pay_czMODoJ83183su,payment,0.00,786.00,786.00,INR,0.00,0.00,false,true,2026-08-20T11:39:00,2026-08-22T11:00:00,setl_q3qi9TDwgcb9N3,UTIBH73784457265,default,pay_czMODoJ83183su,order_C6Mfewbx4w84fs,,upi,,,,
pay_RbDIxYeL1Fk3pt,payment,0.00,13678.00,13678.00,INR,0.00,0.00,false,true,2026-08-20T18:28:00,2026-08-22T11:00:00,setl_q3qi9TDwgcb9N3,UTIBH73784457265,default,pay_RbDIxYeL1Fk3pt,order_fHycN2NvakxH43,,upi,,,,
pay_r5oe6CJfqISsa0,payment,0.00,425.71,436.00,INR,10.29,1.57,false,true,2026-08-20T19:20:00,2026-08-22T11:00:00,setl_q3qi9TDwgcb9N3,UTIBH73784457265,default,pay_r5oe6CJfqISsa0,order_fHuljHnNXIoK6R,,card,Visa,Axis Bank,credit,
pay_Dl8iiGecdJCOPn,payment,0.00,26976.00,26976.00,INR,0.00,0.00,false,true,2026-08-20T19:31:00,2026-08-22T11:00:00,setl_q3qi9TDwgcb9N3,UTIBH73784457265,default,pay_Dl8iiGecdJCOPn,order_cpPfRfwsFYIqm3,,upi,,,,
pay_pQtCjVE72Qgu9i,payment,0.00,39260.00,39260.00,INR,0.00,0.00,false,true,2026-08-20T15:07:00,2026-08-22T11:00:00,setl_q3qi9TDwgcb9N3,UTIBH73784457265,default,pay_pQtCjVE72Qgu9i,order_loOsoBuKTttfWj,,upi,,,,
pay_N26KavF58GlFrN,payment,0.00,2933.00,2933.00,INR,0.00,0.00,false,true,2026-08-20T16:19:00,2026-08-22T11:00:00,setl_q3qi9TDwgcb9N3,UTIBH73784457265,default,pay_N26KavF58GlFrN,order_dEh3YqrX0sjs3F,,upi,,,,
pay_hZU9CbCyz66v05,payment,0.00,5441.00,5441.00,INR,0.00,0.00,false,true,2026-08-20T10:30:00,2026-08-22T11:00:00,setl_q3qi9TDwgcb9N3,UTIBH73784457265,default,pay_hZU9CbCyz66v05,order_q0KzF8ndrJnRwG,,upi,,,,
pay_ln6H6A7l41p3OF,payment,0.00,777.21,796.00,INR,18.79,2.87,false,true,2026-08-20T20:48:00,2026-08-22T11:00:00,setl_q3qi9TDwgcb9N3,UTIBH73784457265,default,pay_ln6H6A7l41p3OF,order_CyPfs2NoBc0DUs,,card,Visa,Axis Bank,credit,
pay_zZEjbLxxF3ytiy,payment,0.00,4792.64,4879.00,INR,86.36,13.17,false,true,2026-08-20T18:12:00,2026-08-22T11:00:00,setl_q3qi9TDwgcb9N3,UTIBH73784457265,default,pay_zZEjbLxxF3ytiy,order_3SdMbFvcqXtHav,,netbanking,,,,
pay_ySfFAb1GB0MxPt,payment,0.00,2288.68,2344.00,INR,55.32,8.44,false,true,2026-08-20T11:54:00,2026-08-22T11:00:00,setl_q3qi9TDwgcb9N3,UTIBH73784457265,default,pay_ySfFAb1GB0MxPt,order_MfyfLKhDlnIu7I,,card,MasterCard,Axis Bank,credit,
pay_XD2Gm7FOacC9bt,payment,0.00,6537.00,6537.00,INR,0.00,0.00,false,true,2026-08-20T11:30:00,2026-08-22T11:00:00,setl_q3qi9TDwgcb9N3,UTIBH73784457265,default,pay_XD2Gm7FOacC9bt,order_z9Pv0EPS9S7kfo,,upi,,,,
pay_QtA3W13iO3poKz,payment,0.00,3458.00,3458.00,INR,0.00,0.00,false,true,2026-08-20T13:23:00,2026-08-22T11:00:00,setl_q3qi9TDwgcb9N3,UTIBH73784457265,default,pay_QtA3W13iO3poKz,order_rdz6uBS25irKV5,,upi,,,,
pay_NHq3p3MIgUPPC1,payment,0.00,21719.63,22111.00,INR,391.37,59.70,false,true,2026-08-20T12:22:00,2026-08-22T11:00:00,setl_q3qi9TDwgcb9N3,UTIBH73784457265,default,pay_NHq3p3MIgUPPC1,order_jXoSLkx2PxMpfy,,netbanking,,,,
pay_fk8vuO0CouSp25,payment,0.00,9902.56,10081.00,INR,178.44,27.22,false,true,2026-08-20T20:58:00,2026-08-22T11:00:00,setl_q3qi9TDwgcb9N3,UTIBH73784457265,default,pay_fk8vuO0CouSp25,order_4qJXhULBR1b8Bj,,netbanking,,,,
pay_dv4uW5P6X0rKnX,payment,0.00,6732.00,6732.00,INR,0.00,0.00,false,true,2026-08-20T08:52:00,2026-08-22T11:00:00,setl_q3qi9TDwgcb9N3,UTIBH73784457265,default,pay_dv4uW5P6X0rKnX,order_qNZMLhv58mcQ6V,,upi,,,,
pay_N3NIWyxNzXAmeJ,payment,0.00,776.99,791.00,INR,14.01,2.14,false,true,2026-08-20T16:15:00,2026-08-22T11:00:00,setl_q3qi9TDwgcb9N3,UTIBH73784457265,default,pay_N3NIWyxNzXAmeJ,order_GAjAcXcmGK1B7s,,netbanking,,,,
pay_CKOCB6gEHCcAHp,payment,0.00,2126.60,2178.00,INR,51.40,7.84,false,true,2026-08-20T09:37:00,2026-08-22T11:00:00,setl_q3qi9TDwgcb9N3,UTIBH73784457265,default,pay_CKOCB6gEHCcAHp,order_xbmqTOkYjnJn9x,,card,RuPay,ICICI Bank,debit,
pay_AcE7bhy497oiwA,payment,0.00,7716.49,7903.00,INR,186.51,28.45,false,true,2026-08-20T21:24:00,2026-08-22T11:00:00,setl_q3qi9TDwgcb9N3,UTIBH73784457265,default,pay_AcE7bhy497oiwA,order_YGsTmmhA8Byl23,,card,RuPay,HDFC Bank,debit,
pay_2ipH6TvO86GjDI,payment,0.00,5246.00,5246.00,INR,0.00,0.00,false,true,2026-08-20T20:47:00,2026-08-22T11:00:00,setl_q3qi9TDwgcb9N3,UTIBH73784457265,default,pay_2ipH6TvO86GjDI,order_U3lLi4Fk11MbL0,,upi,,,,
pay_laNSSrGMnW4EjJ,payment,0.00,4078.00,4078.00,INR,0.00,0.00,false,true,2026-08-20T16:28:00,2026-08-22T11:00:00,setl_q3qi9TDwgcb9N3,UTIBH73784457265,default,pay_laNSSrGMnW4EjJ,order_nELf61kkyi31A1,,upi,,,,
pay_8bF4sgiLGyvVAe,payment,0.00,34512.00,34512.00,INR,0.00,0.00,false,true,2026-08-20T22:45:00,2026-08-22T11:00:00,setl_q3qi9TDwgcb9N3,UTIBH73784457265,default,pay_8bF4sgiLGyvVAe,order_2OL2c6Lv4OIPLA,,upi,,,,
pay_ixN6A2ue99azZb,payment,0.00,3361.75,3443.00,INR,81.25,12.39,false,true,2026-08-20T11:40:00,2026-08-22T11:00:00,setl_q3qi9TDwgcb9N3,UTIBH73784457265,default,pay_ixN6A2ue99azZb,order_kJG3kbMFOCHvY4,,card,Visa,HDFC Bank,credit,
pay_FhFGa1wfypE5k9,payment,0.00,3426.00,3426.00,INR,0.00,0.00,false,true,2026-08-20T14:58:00,2026-08-22T11:00:00,setl_q3qi9TDwgcb9N3,UTIBH73784457265,default,pay_FhFGa1wfypE5k9,order_t3BHWxa9Z4XkgK,,upi,,,,
pay_4KOOwF9HREI7Rr,payment,0.00,5020.06,5129.00,INR,108.94,16.62,false,true,2026-08-20T10:57:00,2026-08-22T11:00:00,setl_q3qi9TDwgcb9N3,UTIBH73784457265,default,pay_4KOOwF9HREI7Rr,order_9ePDPa4RKaF9IK,,wallet,,,,
pay_LFYvKBXaQjG31H,payment,0.00,7196.07,7370.00,INR,173.93,26.53,false,true,2026-08-20T22:57:00,2026-08-22T11:00:00,setl_q3qi9TDwgcb9N3,UTIBH73784457265,default,pay_LFYvKBXaQjG31H,order_wtqGZugxQnFGIJ,,card,Visa,SBI Cards,credit,
pay_EWznRy08FBBduI,payment,0.00,40136.00,40136.00,INR,0.00,0.00,false,true,2026-08-20T10:21:00,2026-08-22T11:00:00,setl_q3qi9TDwgcb9N3,UTIBH73784457265,default,pay_EWznRy08FBBduI,order_DG5NqhHqAI5s3z,,upi,,,,
pay_Dv4BaQ6SywKGL7,payment,0.00,4275.95,4353.00,INR,77.05,11.75,false,true,2026-08-20T21:47:00,2026-08-22T11:00:00,setl_q3qi9TDwgcb9N3,UTIBH73784457265,default,pay_Dv4BaQ6SywKGL7,order_a2DGrqttfcBcdo,,netbanking,,,,
pay_yipV15TUsWX3p8,payment,0.00,27410.10,27904.00,INR,493.90,75.34,false,true,2026-08-20T18:44:00,2026-08-22T11:00:00,setl_q3qi9TDwgcb9N3,UTIBH73784457265,default,pay_yipV15TUsWX3p8,order_DHzLzBEGyNhmOS,,netbanking,,,,
pay_Gvx4LKxW0RaK1G,payment,0.00,6967.00,6967.00,INR,0.00,0.00,false,true,2026-08-20T19:26:00,2026-08-22T11:00:00,setl_q3qi9TDwgcb9N3,UTIBH73784457265,default,pay_Gvx4LKxW0RaK1G,order_J948M1S6NLFy69,,upi,,,,
pay_4eXaxBSqOG0lDR,payment,0.00,15335.00,15335.00,INR,0.00,0.00,false,true,2026-08-20T10:49:00,2026-08-22T11:00:00,setl_q3qi9TDwgcb9N3,UTIBH73784457265,default,pay_4eXaxBSqOG0lDR,order_W9ZPZr9XJHvLY0,,upi,,,,
pay_Y71mvhNKT6zLFT,payment,0.00,666.98,679.00,INR,12.02,1.83,false,true,2026-08-20T15:32:00,2026-08-22T11:00:00,setl_q3qi9TDwgcb9N3,UTIBH73784457265,default,pay_Y71mvhNKT6zLFT,order_KhUAyqPWn02xV1,,netbanking,,,,
pay_nOBcOW7vtQnLhS,payment,0.00,3705.00,3705.00,INR,0.00,0.00,false,true,2026-08-20T19:30:00,2026-08-22T11:00:00,setl_q3qi9TDwgcb9N3,UTIBH73784457265,default,pay_nOBcOW7vtQnLhS,order_tao52x5e5FSnAb,,upi,,,,
pay_2RhZ0YPDjDMCFq,payment,0.00,43947.00,43947.00,INR,0.00,0.00,false,true,2026-08-20T10:49:00,2026-08-22T11:00:00,setl_q3qi9TDwgcb9N3,UTIBH73784457265,default,pay_2RhZ0YPDjDMCFq,order_2aC0vE9eJKEQfR,,upi,,,,
pay_geWOJc6GsWJTU7,payment,0.00,5803.00,5803.00,INR,0.00,0.00,false,true,2026-08-20T19:12:00,2026-08-22T11:00:00,setl_q3qi9TDwgcb9N3,UTIBH73784457265,default,pay_geWOJc6GsWJTU7,order_ughLJWoQda8AWz,,upi,,,,
pay_brGZIa7tdKe8sA,payment,0.00,8764.00,8764.00,INR,0.00,0.00,false,true,2026-08-20T15:29:00,2026-08-22T11:00:00,setl_q3qi9TDwgcb9N3,UTIBH73784457265,default,pay_brGZIa7tdKe8sA,order_MGMgj8lVjg4G00,,upi,,,,
pay_sPFgpLDsi873SH,payment,0.00,37538.39,38353.00,INR,814.61,124.26,false,true,2026-08-20T11:25:00,2026-08-22T11:00:00,setl_q3qi9TDwgcb9N3,UTIBH73784457265,default,pay_sPFgpLDsi873SH,order_xdT1zL0gTT0S6c,,wallet,,,,
pay_5PX1rzDrME7X2T,payment,0.00,1671.73,1708.00,INR,36.27,5.53,false,true,2026-08-20T08:10:00,2026-08-22T11:00:00,setl_q3qi9TDwgcb9N3,UTIBH73784457265,default,pay_5PX1rzDrME7X2T,order_RE4QW1dPKxoVTy,,wallet,,,,
pay_2bGXr2X4fv5FKd,payment,0.00,7914.00,7914.00,INR,0.00,0.00,false,true,2026-08-20T16:46:00,2026-08-22T11:00:00,setl_q3qi9TDwgcb9N3,UTIBH73784457265,default,pay_2bGXr2X4fv5FKd,order_RRCCLKelCTjmVC,,upi,,,,
pay_AT2Rj7A1b9D9QY,payment,0.00,5940.33,6084.00,INR,143.67,21.99,false,true,2026-08-20T18:46:00,2026-08-22T11:00:00,setl_q3qi9TDwgcb9N3,UTIBH73784457265,default,pay_AT2Rj7A1b9D9QY,order_aUOUPbjYPtxtSv,,card,MasterCard,Axis Bank,debit,
pay_5Kd60mzM6CgOqg,payment,0.00,15202.55,15570.00,INR,367.45,56.05,false,true,2026-08-20T16:00:00,2026-08-22T11:00:00,setl_q3qi9TDwgcb9N3,UTIBH73784457265,default,pay_5Kd60mzM6CgOqg,order_rnVPzSlqDJUnDG,,card,Visa,HDFC Bank,credit,
pay_0PN6wlc5bATR1n,payment,0.00,308.00,308.00,INR,0.00,0.00,false,true,2026-08-20T07:01:00,2026-08-22T11:00:00,setl_q3qi9TDwgcb9N3,UTIBH73784457265,default,pay_0PN6wlc5bATR1n,order_VTl8cAplZuGUmg,,upi,,,,
pay_m811aZuv4K5koc,payment,0.00,906.00,906.00,INR,0.00,0.00,false,true,2026-08-20T18:43:00,2026-08-22T11:00:00,setl_q3qi9TDwgcb9N3,UTIBH73784457265,default,pay_m811aZuv4K5koc,order_TIjGbE6U3snAkt,,upi,,,,
pay_MVUls8nALqHBkT,payment,0.00,1310.00,1310.00,INR,0.00,0.00,false,true,2026-08-20T12:18:00,2026-08-22T11:00:00,setl_q3qi9TDwgcb9N3,UTIBH73784457265,default,pay_MVUls8nALqHBkT,order_AvO6wEEd47dgb6,,upi,,,,
pay_O8HLL3Iqov4axV,payment,0.00,4158.32,4266.00,INR,107.68,16.43,false,true,2026-08-20T10:49:00,2026-08-22T11:00:00,setl_q3qi9TDwgcb9N3,UTIBH73784457265,default,pay_O8HLL3Iqov4axV,order_Se3hPs8eFMj0vL,,card,MasterCard,HDFC Bank,debit,
pay_lM4B7qJjWaDQsf,payment,0.00,6786.96,6951.00,INR,164.04,25.02,false,true,2026-08-20T18:13:00,2026-08-22T11:00:00,setl_q3qi9TDwgcb9N3,UTIBH73784457265,default,pay_lM4B7qJjWaDQsf,order_kRQlqCygepiZyb,,card,Amex,ICICI Bank,debit,
pay_MwelaLKnltLTMe,payment,0.00,1851.81,1892.00,INR,40.19,6.13,false,true,2026-08-20T09:26:00,2026-08-22T11:00:00,setl_q3qi9TDwgcb9N3,UTIBH73784457265,default,pay_MwelaLKnltLTMe,order_EK54meetwO6Aso,,wallet,,,,
pay_CwVk38XkSubuJi,payment,0.00,5052.95,5144.00,INR,91.05,13.89,false,true,2026-08-20T10:25:00,2026-08-22T11:00:00,setl_q3qi9TDwgcb9N3,UTIBH73784457265,default,pay_CwVk38XkSubuJi,order_LjZOcypy5x2Xp0,,netbanking,,,,
pay_mJ04a5oj8fwUkF,payment,0.00,41173.00,41173.00,INR,0.00,0.00,false,true,2026-08-20T12:51:00,2026-08-22T11:00:00,setl_q3qi9TDwgcb9N3,UTIBH73784457265,default,pay_mJ04a5oj8fwUkF,order_C0avnkaY34PLKS,,upi,,,,
pay_izyY96Cu8g8EHu,payment,0.00,2647.00,2647.00,INR,0.00,0.00,false,true,2026-08-20T21:43:00,2026-08-22T11:00:00,setl_q3qi9TDwgcb9N3,UTIBH73784457265,default,pay_izyY96Cu8g8EHu,order_HQ7GFLilLq13vn,,upi,,,,
pay_u89NbSmvSm2JoO,payment,0.00,1187.59,1209.00,INR,21.41,3.27,false,true,2026-08-20T16:11:00,2026-08-22T11:00:00,setl_q3qi9TDwgcb9N3,UTIBH73784457265,default,pay_u89NbSmvSm2JoO,order_oDPfFfpv3g1gqK,,netbanking,,,,
pay_QGm36hkrAuvCAB,payment,0.00,1196.09,1225.00,INR,28.91,4.41,false,true,2026-08-20T10:50:00,2026-08-22T11:00:00,setl_q3qi9TDwgcb9N3,UTIBH73784457265,default,pay_QGm36hkrAuvCAB,order_tdvuYnzmL1hIhj,,card,RuPay,ICICI Bank,credit,
pay_tobaJyF8y9yfYn,payment,0.00,29276.00,29276.00,INR,0.00,0.00,false,true,2026-08-20T11:07:00,2026-08-22T11:00:00,setl_q3qi9TDwgcb9N3,UTIBH73784457265,default,pay_tobaJyF8y9yfYn,order_HThLmnlmetkUy4,,upi,,,,
pay_2Y41kNjlINvqF2,payment,0.00,11310.00,11310.00,INR,0.00,0.00,false,true,2026-08-20T16:36:00,2026-08-22T11:00:00,setl_q3qi9TDwgcb9N3,UTIBH73784457265,default,pay_2Y41kNjlINvqF2,order_zaDsPTvcuNrDx2,,upi,,,,
pay_vDmUJ6iTqIxV2W,payment,0.00,28918.00,28918.00,INR,0.00,0.00,false,true,2026-08-20T13:37:00,2026-08-22T11:00:00,setl_q3qi9TDwgcb9N3,UTIBH73784457265,default,pay_vDmUJ6iTqIxV2W,order_kPXtafzhuioLSa,,upi,,,,
pay_rtFcALBFMiGxvT,payment,0.00,43992.30,44785.00,INR,792.70,120.92,false,true,2026-08-20T07:22:00,2026-08-22T11:00:00,setl_q3qi9TDwgcb9N3,UTIBH73784457265,default,pay_rtFcALBFMiGxvT,order_9DIpGCFSiny7qD,,netbanking,,,,
pay_0ZT2p57MruZPCD,payment,0.00,405.21,415.00,INR,9.79,1.49,false,true,2026-08-20T10:33:00,2026-08-22T11:00:00,setl_q3qi9TDwgcb9N3,UTIBH73784457265,default,pay_0ZT2p57MruZPCD,order_tGwzdSrrFcIioT,,card,RuPay,ICICI Bank,debit,
pay_kLjDulFmOUNgeC,payment,0.00,11538.12,11817.00,INR,278.88,42.54,false,true,2026-08-20T20:55:00,2026-08-22T11:00:00,setl_q3qi9TDwgcb9N3,UTIBH73784457265,default,pay_kLjDulFmOUNgeC,order_SO2vVovJOlIsXE,,card,Visa,SBI Cards,debit,
pay_sSyRElJcBQjLYK,payment,0.00,1857.00,1857.00,INR,0.00,0.00,false,true,2026-08-20T20:09:00,2026-08-22T11:00:00,setl_q3qi9TDwgcb9N3,UTIBH73784457265,default,pay_sSyRElJcBQjLYK,order_lmwNBfK22Eb76c,,upi,,,,
pay_234frXNFVA9I5n,payment,0.00,1342.00,1342.00,INR,0.00,0.00,false,true,2026-08-20T16:29:00,2026-08-22T11:00:00,setl_q3qi9TDwgcb9N3,UTIBH73784457265,default,pay_234frXNFVA9I5n,order_PisG2i9SB4YpO5,,upi,,,,
rfnd_HoNFfySYzdEWEC,refund,15832.00,0.00,15832.00,INR,0.00,0.00,false,true,2026-08-22T09:00:00,2026-08-22T11:00:00,setl_q3qi9TDwgcb9N3,UTIBH73784457265,default,pay_HMirTi0DI5FYKi,,,upi,,,,
rfnd_cHPVwUCYfYERBl,refund,6967.00,0.00,6967.00,INR,0.00,0.00,false,true,2026-08-22T09:00:00,2026-08-22T11:00:00,setl_q3qi9TDwgcb9N3,UTIBH73784457265,default,pay_Gvx4LKxW0RaK1G,order_J948M1S6NLFy69,,upi,,,,
rfnd_ydqGtIVZ8jUh5n,refund,679.00,0.00,679.00,INR,0.00,0.00,false,true,2026-08-22T09:00:00,2026-08-22T11:00:00,setl_q3qi9TDwgcb9N3,UTIBH73784457265,default,pay_Y71mvhNKT6zLFT,order_KhUAyqPWn02xV1,,netbanking,,,,
rfnd_0gLTxAau6vAZgO,refund,4108.00,0.00,4108.00,INR,0.00,0.00,false,true,2026-08-22T09:00:00,2026-08-22T11:00:00,setl_q3qi9TDwgcb9N3,UTIBH73784457265,default,pay_8XNvDeF19IolZC,,,card,Visa,ICICI Bank,credit,
pay_YUPoct86nidKoc,payment,0.00,1409.92,1444.00,INR,34.08,5.20,false,true,2026-08-21T15:05:00,2026-08-23T11:00:00,setl_uSVAjECkFL18PV,ICICH82995201491,default,pay_YUPoct86nidKoc,order_Ra563nLRLkYnPv,,card,Visa,SBI Cards,debit,
pay_LbKcdHygUdlGmL,payment,0.00,4454.34,4562.00,INR,107.66,16.42,false,true,2026-08-21T08:06:00,2026-08-23T11:00:00,setl_uSVAjECkFL18PV,ICICH82995201491,default,pay_LbKcdHygUdlGmL,order_JfrBJnGecoz3JX,,card,RuPay,ICICI Bank,credit,
pay_iiec6GYNn1jQuW,payment,0.00,4896.00,4896.00,INR,0.00,0.00,false,true,2026-08-21T09:18:00,2026-08-23T11:00:00,setl_uSVAjECkFL18PV,ICICH82995201491,default,pay_iiec6GYNn1jQuW,order_BuYQUDzJjJaG21,,upi,,,,
pay_h9xY1a4NgkTkWl,payment,0.00,6020.00,6020.00,INR,0.00,0.00,false,true,2026-08-21T19:05:00,2026-08-23T11:00:00,setl_uSVAjECkFL18PV,ICICH82995201491,default,pay_h9xY1a4NgkTkWl,order_Bi3WDO4rZvV64P,,upi,,,,
pay_gT5TcE2QmkSzMP,payment,0.00,7477.73,7640.00,INR,162.27,24.75,false,true,2026-08-21T18:01:00,2026-08-23T11:00:00,setl_uSVAjECkFL18PV,ICICH82995201491,default,pay_gT5TcE2QmkSzMP,order_rEPB2LUfm4gODb,,wallet,,,,
pay_CcSU5OUHVnQ5Sa,payment,0.00,776.00,776.00,INR,0.00,0.00,false,true,2026-08-21T22:31:00,2026-08-23T11:00:00,setl_uSVAjECkFL18PV,ICICH82995201491,default,pay_CcSU5OUHVnQ5Sa,order_21SOYS8odsA6YG,,upi,,,,
pay_F1jMVDsLlUuG1m,payment,0.00,2599.00,2599.00,INR,0.00,0.00,false,true,2026-08-21T17:33:00,2026-08-23T11:00:00,setl_uSVAjECkFL18PV,ICICH82995201491,default,pay_F1jMVDsLlUuG1m,order_zVRgMqWQFdxGzt,,upi,,,,
pay_Urh5hlYnqT39Sl,payment,0.00,1248.82,1279.00,INR,30.18,4.60,false,true,2026-08-21T10:10:00,2026-08-23T11:00:00,setl_uSVAjECkFL18PV,ICICH82995201491,default,pay_Urh5hlYnqT39Sl,order_EKKDd9wkiGKdnG,,card,Visa,ICICI Bank,debit,
pay_646PbQR9CDNPOd,payment,0.00,25093.48,25700.00,INR,606.52,92.52,false,true,2026-08-21T08:41:00,2026-08-23T11:00:00,setl_uSVAjECkFL18PV,ICICH82995201491,default,pay_646PbQR9CDNPOd,order_XuOI2l3goCQC3u,,card,Visa,Kotak,credit,
pay_FJUNE6FkzKGP8e,payment,0.00,21407.00,21407.00,INR,0.00,0.00,false,true,2026-08-21T08:52:00,2026-08-23T11:00:00,setl_uSVAjECkFL18PV,ICICH82995201491,default,pay_FJUNE6FkzKGP8e,order_UztHbT02ni2WxP,,upi,,,,
pay_9nO2GCUc82P08U,payment,0.00,32654.00,32654.00,INR,0.00,0.00,false,true,2026-08-21T19:27:00,2026-08-23T11:00:00,setl_uSVAjECkFL18PV,ICICH82995201491,default,pay_9nO2GCUc82P08U,order_TALampe9GdP9gu,,upi,,,,
pay_VMZdgQTQX43OVn,payment,0.00,6579.00,6579.00,INR,0.00,0.00,false,true,2026-08-21T21:39:00,2026-08-23T11:00:00,setl_uSVAjECkFL18PV,ICICH82995201491,default,pay_VMZdgQTQX43OVn,order_7zSNXgOzT0WyYA,,upi,,,,
pay_2pWHo9NJZvYo7T,payment,0.00,632.00,632.00,INR,0.00,0.00,false,true,2026-08-21T20:11:00,2026-08-23T11:00:00,setl_uSVAjECkFL18PV,ICICH82995201491,default,pay_2pWHo9NJZvYo7T,order_QQHV3bHvLqyAov,,upi,,,,
pay_ifZoUzMlkp6hfA,payment,0.00,6951.15,7102.00,INR,150.85,23.01,false,true,2026-08-21T13:21:00,2026-08-23T11:00:00,setl_uSVAjECkFL18PV,ICICH82995201491,default,pay_ifZoUzMlkp6hfA,order_wyBzKZ2LN1NoAw,,wallet,,,,
pay_SPp3tyjiO9pm4A,payment,0.00,7273.20,7449.00,INR,175.80,26.82,false,true,2026-08-21T08:58:00,2026-08-23T11:00:00,setl_uSVAjECkFL18PV,ICICH82995201491,default,pay_SPp3tyjiO9pm4A,order_bIizlWPLuVL9Vl,,card,MasterCard,HDFC Bank,credit,
pay_1pypFKD0aVyiqg,payment,0.00,1862.00,1862.00,INR,0.00,0.00,false,true,2026-08-21T16:46:00,2026-08-23T11:00:00,setl_uSVAjECkFL18PV,ICICH82995201491,default,pay_1pypFKD0aVyiqg,order_NTW3RPJY7WU3zT,,upi,,,,
pay_6Idwzt1V7Hvpyy,payment,0.00,21628.28,22018.00,INR,389.72,59.45,false,true,2026-08-21T18:35:00,2026-08-23T11:00:00,setl_uSVAjECkFL18PV,ICICH82995201491,default,pay_6Idwzt1V7Hvpyy,order_uPS1KsqM3eCdC7,,netbanking,,,,
pay_bqvKqJeP73zmn8,payment,0.00,3755.00,3755.00,INR,0.00,0.00,false,true,2026-08-21T07:41:00,2026-08-23T11:00:00,setl_uSVAjECkFL18PV,ICICH82995201491,default,pay_bqvKqJeP73zmn8,order_IWsqWVzYGEQrcs,,upi,,,,
pay_oheHbFYqhVsiT1,payment,0.00,32485.80,33271.00,INR,785.20,119.78,false,true,2026-08-21T15:50:00,2026-08-23T11:00:00,setl_uSVAjECkFL18PV,ICICH82995201491,default,pay_oheHbFYqhVsiT1,order_uEYj3XWLgsp0Bf,,card,Amex,Axis Bank,debit,
pay_w0WdsNLnCfBhar,payment,0.00,231.00,231.00,INR,0.00,0.00,false,true,2026-08-21T20:38:00,2026-08-23T11:00:00,setl_uSVAjECkFL18PV,ICICH82995201491,default,pay_w0WdsNLnCfBhar,order_PHMFZHXV3vBHEf,,upi,,,,
pay_oq4lTQ6FF4aIWD,payment,0.00,3538.00,3538.00,INR,0.00,0.00,false,true,2026-08-21T11:29:00,2026-08-23T11:00:00,setl_uSVAjECkFL18PV,ICICH82995201491,default,pay_oq4lTQ6FF4aIWD,order_TKSA6VobhRRtgH,,upi,,,,
pay_opWzEn5zh72TcO,payment,0.00,1274.20,1305.00,INR,30.80,4.70,false,true,2026-08-21T21:47:00,2026-08-23T11:00:00,setl_uSVAjECkFL18PV,ICICH82995201491,default,pay_opWzEn5zh72TcO,order_2QewpsMP8GcAFR,,card,RuPay,HDFC Bank,debit,
pay_RD2EHnt4AupleG,payment,0.00,3547.26,3633.00,INR,85.74,13.08,false,true,2026-08-21T16:39:00,2026-08-23T11:00:00,setl_uSVAjECkFL18PV,ICICH82995201491,default,pay_RD2EHnt4AupleG,order_LNXT6EX6VkNogg,,card,Visa,HDFC Bank,credit,
pay_ZrYWPb32gi99bt,payment,0.00,5839.85,5981.00,INR,141.15,21.53,false,true,2026-08-21T14:02:00,2026-08-23T11:00:00,setl_uSVAjECkFL18PV,ICICH82995201491,default,pay_ZrYWPb32gi99bt,order_Esf7E5j8Tw16hq,,card,RuPay,ICICI Bank,debit,
pay_UPgtIYRc0L98k1,payment,0.00,23783.00,23783.00,INR,0.00,0.00,false,true,2026-08-21T12:31:00,2026-08-23T11:00:00,setl_uSVAjECkFL18PV,ICICH82995201491,default,pay_UPgtIYRc0L98k1,order_s4YrcDki9DhVlF,,upi,,,,
pay_eTMmmF749qs8m4,payment,0.00,5185.56,5279.00,INR,93.44,14.25,false,true,2026-08-21T22:22:00,2026-08-23T11:00:00,setl_uSVAjECkFL18PV,ICICH82995201491,default,pay_eTMmmF749qs8m4,order_tX5BQvH42Ydixc,,netbanking,,,,
pay_nIqcppRWUF2RbP,payment,0.00,15832.00,15832.00,INR,0.00,0.00,false,true,2026-08-21T07:00:00,2026-08-23T11:00:00,setl_uSVAjECkFL18PV,ICICH82995201491,default,pay_nIqcppRWUF2RbP,order_ec4vI7sZoFyS8i,,upi,,,,
pay_pLhNFx1sGPoPc0,payment,0.00,1299.59,1331.00,INR,31.41,4.79,false,true,2026-08-21T15:18:00,2026-08-23T11:00:00,setl_uSVAjECkFL18PV,ICICH82995201491,default,pay_pLhNFx1sGPoPc0,order_UIbV2gUYCCztor,,card,Visa,Axis Bank,credit,
pay_picYzSNy1h2w7b,payment,0.00,363.00,363.00,INR,0.00,0.00,false,true,2026-08-21T18:35:00,2026-08-23T11:00:00,setl_uSVAjECkFL18PV,ICICH82995201491,default,pay_picYzSNy1h2w7b,order_mNYI1Z0LPEHFS4,,upi,,,,
pay_1U5ZpeemV6Igkf,payment,0.00,7098.43,7270.00,INR,171.57,26.17,false,true,2026-08-21T21:46:00,2026-08-23T11:00:00,setl_uSVAjECkFL18PV,ICICH82995201491,default,pay_1U5ZpeemV6Igkf,order_7cfH0Jj5SWGz2K,,card,Amex,ICICI Bank,credit,
pay_hX3wbs9KOXwVro,payment,0.00,6267.00,6267.00,INR,0.00,0.00,false,true,2026-08-21T17:04:00,2026-08-23T11:00:00,setl_uSVAjECkFL18PV,ICICH82995201491,default,pay_hX3wbs9KOXwVro,order_ZUPnLMJRNFRu56,,upi,,,,
pay_U9pFt9a58YVsQd,payment,0.00,4333.26,4438.00,INR,104.74,15.98,false,true,2026-08-21T10:49:00,2026-08-23T11:00:00,setl_uSVAjECkFL18PV,ICICH82995201491,default,pay_U9pFt9a58YVsQd,order_08sV30PNkYbN7w,,card,RuPay,Kotak,debit,
pay_qz6DiQa9DR5DG8,payment,0.00,4942.00,4942.00,INR,0.00,0.00,false,true,2026-08-21T18:58:00,2026-08-23T11:00:00,setl_uSVAjECkFL18PV,ICICH82995201491,default,pay_qz6DiQa9DR5DG8,order_SQsSpOxlOvn1Ef,,upi,,,,
pay_WNPfOE6SzVpyfg,payment,0.00,9764.98,10001.00,INR,236.02,36.00,false,true,2026-08-21T07:33:00,2026-08-23T11:00:00,setl_uSVAjECkFL18PV,ICICH82995201491,default,pay_WNPfOE6SzVpyfg,order_DeG5XrXN1JEXMr,,card,Visa,Kotak,debit,
pay_KDEYAETGh4YcjQ,payment,0.00,19892.00,19892.00,INR,0.00,0.00,false,true,2026-08-21T07:17:00,2026-08-23T11:00:00,setl_uSVAjECkFL18PV,ICICH82995201491,default,pay_KDEYAETGh4YcjQ,order_bjpKCchJhGjH7E,,upi,,,,
pay_2VD9QGSPdqo22y,payment,0.00,495.00,495.00,INR,0.00,0.00,false,true,2026-08-21T16:14:00,2026-08-23T11:00:00,setl_uSVAjECkFL18PV,ICICH82995201491,default,pay_2VD9QGSPdqo22y,order_lpT3in8BhHufK2,,upi,,,,
pay_5ejtCJHfXGb6nO,payment,0.00,42556.00,42556.00,INR,0.00,0.00,false,true,2026-08-21T15:55:00,2026-08-23T11:00:00,setl_uSVAjECkFL18PV,ICICH82995201491,default,pay_5ejtCJHfXGb6nO,order_g3O98zhF3t4ZwC,,upi,,,,
pay_oeoKC9IHjKhUcp,payment,0.00,1253.00,1253.00,INR,0.00,0.00,false,true,2026-08-21T10:12:00,2026-08-23T11:00:00,setl_uSVAjECkFL18PV,ICICH82995201491,default,pay_oeoKC9IHjKhUcp,order_VGqs5hvlPtIAKu,,upi,,,,
pay_db83RCptkRnBVj,payment,0.00,947.00,947.00,INR,0.00,0.00,false,true,2026-08-21T16:21:00,2026-08-23T11:00:00,setl_uSVAjECkFL18PV,ICICH82995201491,default,pay_db83RCptkRnBVj,order_8c1ZdAOmDLdf3Z,,upi,,,,
pay_ndmqTBAiAuWJAN,payment,0.00,21050.19,21507.00,INR,456.81,69.68,false,true,2026-08-21T14:04:00,2026-08-23T11:00:00,setl_uSVAjECkFL18PV,ICICH82995201491,default,pay_ndmqTBAiAuWJAN,order_AQ5SuoGAqfdn6L,,wallet,,,,
pay_0e0BjeEAuzPKdi,payment,0.00,3527.00,3527.00,INR,0.00,0.00,false,true,2026-08-21T11:36:00,2026-08-23T11:00:00,setl_uSVAjECkFL18PV,ICICH82995201491,default,pay_0e0BjeEAuzPKdi,order_GFcubdgbp5l19z,,upi,,,,
pay_EYAzxR6QPz6sdE,payment,0.00,16523.00,16523.00,INR,0.00,0.00,false,true,2026-08-21T17:03:00,2026-08-23T11:00:00,setl_uSVAjECkFL18PV,ICICH82995201491,default,pay_EYAzxR6QPz6sdE,order_oZC5XCCn83Dasr,,upi,,,,
pay_QWwqVqZwQlkMr3,payment,0.00,967.00,967.00,INR,0.00,0.00,false,true,2026-08-21T16:16:00,2026-08-23T11:00:00,setl_uSVAjECkFL18PV,ICICH82995201491,default,pay_QWwqVqZwQlkMr3,order_x64Crp70HYwnHN,,upi,,,,
pay_IThaEF68usIW5c,payment,0.00,283.84,290.00,INR,6.16,0.94,false,true,2026-08-21T21:44:00,2026-08-23T11:00:00,setl_uSVAjECkFL18PV,ICICH82995201491,default,pay_IThaEF68usIW5c,order_aCE37in0bSC7LZ,,wallet,,,,
pay_BeyRKwzyFCSZzK,payment,0.00,28006.00,28006.00,INR,0.00,0.00,false,true,2026-08-21T10:49:00,2026-08-23T11:00:00,setl_uSVAjECkFL18PV,ICICH82995201491,default,pay_BeyRKwzyFCSZzK,order_i6sGQ4ItwyIcQp,,upi,,,,
pay_GO5on7h4kBaTD6,payment,0.00,4031.36,4104.00,INR,72.64,11.08,false,true,2026-08-21T13:23:00,2026-08-23T11:00:00,setl_uSVAjECkFL18PV,ICICH82995201491,default,pay_GO5on7h4kBaTD6,order_Z1CEfiYdBn3p8C,,netbanking,,,,
pay_tIdIVyTLXSPyRU,payment,0.00,852.00,852.00,INR,0.00,0.00,false,true,2026-08-21T11:56:00,2026-08-23T11:00:00,setl_uSVAjECkFL18PV,ICICH82995201491,default,pay_tIdIVyTLXSPyRU,order_myzM2SbASGIlxd,,upi,,,,
pay_d9rB0CwrhqaFIF,payment,0.00,38557.00,38557.00,INR,0.00,0.00,false,true,2026-08-21T08:03:00,2026-08-23T11:00:00,setl_uSVAjECkFL18PV,ICICH82995201491,default,pay_d9rB0CwrhqaFIF,order_XEoTdbAUgxWv4F,,upi,,,,
pay_BVzpU6SsMPXEyu,payment,0.00,31210.70,31888.00,INR,677.30,103.32,false,true,2026-08-21T14:46:00,2026-08-23T11:00:00,setl_uSVAjECkFL18PV,ICICH82995201491,default,pay_BVzpU6SsMPXEyu,order_gRD8CNQYvYfX9I,,wallet,,,,
pay_DwmkZqQepOKj83,payment,0.00,2405.00,2405.00,INR,0.00,0.00,false,true,2026-08-21T17:01:00,2026-08-23T11:00:00,setl_uSVAjECkFL18PV,ICICH82995201491,default,pay_DwmkZqQepOKj83,order_ofYolbYgwzF9i0,,upi,,,,
pay_lDVcw836NiDOxo,payment,0.00,205.00,205.00,INR,0.00,0.00,false,true,2026-08-21T22:19:00,2026-08-23T11:00:00,setl_uSVAjECkFL18PV,ICICH82995201491,default,pay_lDVcw836NiDOxo,order_35xBDcxYlQOIxY,,upi,,,,
pay_qZEGNV9vnJMPQc,payment,0.00,6180.00,6180.00,INR,0.00,0.00,false,true,2026-08-21T16:31:00,2026-08-23T11:00:00,setl_uSVAjECkFL18PV,ICICH82995201491,default,pay_qZEGNV9vnJMPQc,order_45XIyZeO91NKZd,,upi,,,,
pay_v16Zildiv265CW,payment,0.00,740.65,754.00,INR,13.35,2.04,false,true,2026-08-21T14:16:00,2026-08-23T11:00:00,setl_uSVAjECkFL18PV,ICICH82995201491,default,pay_v16Zildiv265CW,order_sNcqGR2iBzsjN6,,netbanking,,,,
pay_iOoSEFGqAUZrc7,payment,0.00,6059.50,6191.00,INR,131.50,20.06,false,true,2026-08-21T20:32:00,2026-08-23T11:00:00,setl_uSVAjECkFL18PV,ICICH82995201491,default,pay_iOoSEFGqAUZrc7,order_ql3FHZ2yXhkZ7f,,wallet,,,,
pay_65bcKbZY8y8KCw,payment,0.00,3910.48,4005.00,INR,94.52,14.42,false,true,2026-08-21T09:17:00,2026-08-23T11:00:00,setl_uSVAjECkFL18PV,ICICH82995201491,default,pay_65bcKbZY8y8KCw,order_fe2rZfrWOdW610,,card,Visa,ICICI Bank,debit,
pay_vy3rWnYrKakbxX,payment,0.00,657.00,657.00,INR,0.00,0.00,false,true,2026-08-21T15:43:00,2026-08-23T11:00:00,setl_uSVAjECkFL18PV,ICICH82995201491,default,pay_vy3rWnYrKakbxX,order_P4fj9h9MPZLdF4,,upi,,,,
pay_rm8qr8uYqXsKcN,payment,0.00,292.00,292.00,INR,0.00,0.00,false,true,2026-08-21T07:50:00,2026-08-23T11:00:00,setl_uSVAjECkFL18PV,ICICH82995201491,default,pay_rm8qr8uYqXsKcN,order_fqz5JO1GTrqT56,,upi,,,,
pay_6khy3t08XleK4l,payment,0.00,40917.02,41906.00,INR,988.98,150.86,false,true,2026-08-21T10:53:00,2026-08-23T11:00:00,setl_uSVAjECkFL18PV,ICICH82995201491,default,pay_6khy3t08XleK4l,order_3IIaYe8crcjwNT,,card,Visa,HDFC Bank,debit,
pay_BMGUUZftlr1xMX,payment,0.00,3837.25,3930.00,INR,92.75,14.15,false,true,2026-08-21T18:34:00,2026-08-23T11:00:00,setl_uSVAjECkFL18PV,ICICH82995201491,default,pay_BMGUUZftlr1xMX,order_iV71zkAVMkiG1v,,card,MasterCard,Kotak,debit,
pay_cWEJe9KkEcanD0,payment,0.00,2092.43,2143.00,INR,50.57,7.71,false,true,2026-08-21T10:37:00,2026-08-23T11:00:00,setl_uSVAjECkFL18PV,ICICH82995201491,default,pay_cWEJe9KkEcanD0,order_XRVTQmAFml8GXk,,card,MasterCard,SBI Cards,debit,
pay_NhhlLiuPnpaE0Y,payment,0.00,30946.00,30946.00,INR,0.00,0.00,false,true,2026-08-21T09:00:00,2026-08-23T11:00:00,setl_uSVAjECkFL18PV,ICICH82995201491,default,pay_NhhlLiuPnpaE0Y,order_BVYuvipEobHmH7,,upi,,,,
pay_iIXKfntjKj7OrR,payment,0.00,352.48,361.00,INR,8.52,1.30,false,true,2026-08-21T12:01:00,2026-08-23T11:00:00,setl_uSVAjECkFL18PV,ICICH82995201491,default,pay_iIXKfntjKj7OrR,order_qtFii8l8mEYrih,,card,MasterCard,Kotak,credit,
pay_O1leHTRDeMK8dJ,payment,0.00,12184.00,12184.00,INR,0.00,0.00,false,true,2026-08-21T13:33:00,2026-08-23T11:00:00,setl_uSVAjECkFL18PV,ICICH82995201491,default,pay_O1leHTRDeMK8dJ,order_OT2zqx4vgEB7wj,,upi,,,,
pay_QyLfMbDge99Ofj,payment,0.00,4158.49,4259.00,INR,100.51,15.33,false,true,2026-08-21T13:23:00,2026-08-23T11:00:00,setl_uSVAjECkFL18PV,ICICH82995201491,default,pay_QyLfMbDge99Ofj,order_I3KP2dWMa48FPg,,card,MasterCard,Kotak,credit,
pay_lpNHYBua1tJN3x,payment,0.00,5933.00,5933.00,INR,0.00,0.00,false,true,2026-08-21T15:35:00,2026-08-23T11:00:00,setl_uSVAjECkFL18PV,ICICH82995201491,default,pay_lpNHYBua1tJN3x,order_DZgvkr5YZw6U9z,,upi,,,,
pay_QRagtqKbRGAr49,payment,0.00,141.00,141.00,INR,0.00,0.00,false,true,2026-08-21T10:32:00,2026-08-23T11:00:00,setl_uSVAjECkFL18PV,ICICH82995201491,default,pay_QRagtqKbRGAr49,order_85OT28S2THgHZe,,upi,,,,
pay_Perbin2djwbdER,payment,0.00,5300.88,5429.00,INR,128.12,19.54,false,true,2026-08-21T11:25:00,2026-08-23T11:00:00,setl_uSVAjECkFL18PV,ICICH82995201491,default,pay_Perbin2djwbdER,order_69LVH7UWkrL9Tx,,card,RuPay,Axis Bank,credit,
pay_56Qmd7t31XT0cE,payment,0.00,653.00,653.00,INR,0.00,0.00,false,true,2026-08-21T16:07:00,2026-08-23T11:00:00,setl_uSVAjECkFL18PV,ICICH82995201491,default,pay_56Qmd7t31XT0cE,order_z28KlTh5xfjTMP,,upi,,,,
pay_BTTfsNwR7dx0hp,payment,0.00,7371.00,7371.00,INR,0.00,0.00,false,true,2026-08-21T22:02:00,2026-08-23T11:00:00,setl_uSVAjECkFL18PV,ICICH82995201491,default,pay_BTTfsNwR7dx0hp,order_IViiHv7HmLiSjZ,,upi,,,,
pay_XVT5qoWYwuZTxL,payment,0.00,762.00,762.00,INR,0.00,0.00,false,true,2026-08-21T08:32:00,2026-08-23T11:00:00,setl_uSVAjECkFL18PV,ICICH82995201491,default,pay_XVT5qoWYwuZTxL,order_FSYvllTsK7kxPL,,upi,,,,
pay_mxFmvp9YUHWZSw,payment,0.00,2358.01,2415.00,INR,56.99,8.69,false,true,2026-08-21T21:29:00,2026-08-23T11:00:00,setl_uSVAjECkFL18PV,ICICH82995201491,default,pay_mxFmvp9YUHWZSw,order_FCIRPiZHslr9wZ,,card,MasterCard,SBI Cards,debit,
pay_uX7exkN42nT6Yf,payment,0.00,1268.14,1291.00,INR,22.86,3.49,false,true,2026-08-21T07:19:00,2026-08-23T11:00:00,setl_uSVAjECkFL18PV,ICICH82995201491,default,pay_uX7exkN42nT6Yf,order_C7E4sqwVDtDNPC,,netbanking,,,,
pay_u42Fu4a44XXzuE,payment,0.00,461.00,461.00,INR,0.00,0.00,false,true,2026-08-21T07:57:00,2026-08-23T11:00:00,setl_uSVAjECkFL18PV,ICICH82995201491,default,pay_u42Fu4a44XXzuE,order_ms1Q0oeEuiLlmI,,upi,,,,
rfnd_MfaYR4X6O8P6JB,refund,1364.00,0.00,1364.00,INR,0.00,0.00,false,true,2026-08-23T09:00:00,2026-08-23T11:00:00,setl_uSVAjECkFL18PV,ICICH82995201491,default,pay_TVxqrQUP5tkaoL,,,upi,,,,
disp_XVYTOzb8qFqO1w,dispute,15922.20,0.00,15226.00,INR,696.20,106.20,false,true,2026-08-23T09:00:00,2026-08-23T11:00:00,setl_uSVAjECkFL18PV,ICICH82995201491,default,pay_Hxl5KbZ9opKa6M,order_Z1REnUwTrrJ1tX,disp_XVYTOzb8qFqO1w,card,RuPay,HDFC Bank,debit,
rfnd_mcLhglM0qGPVX7,refund,2704.00,0.00,2704.00,INR,0.00,0.00,false,true,2026-08-23T09:00:00,2026-08-23T11:00:00,setl_uSVAjECkFL18PV,ICICH82995201491,default,pay_nOBcOW7vtQnLhS,order_tao52x5e5FSnAb,,upi,,,,
rfnd_HngqTZXiLr97za,refund,366.00,0.00,366.00,INR,0.00,0.00,false,true,2026-08-23T09:00:00,2026-08-23T11:00:00,setl_uSVAjECkFL18PV,ICICH82995201491,default,pay_BR0QocBuFTC9ao,order_pNFlI296VPubR5,,upi,,,,
rfnd_NvFluZHsIZBwXt,refund,4877.00,0.00,4877.00,INR,0.00,0.00,false,true,2026-08-23T09:00:00,2026-08-23T11:00:00,setl_uSVAjECkFL18PV,ICICH82995201491,default,pay_3GoMKtT90uvApE,,,upi,,,,
rfnd_llFGEbdzCCDNlx,refund,285.00,0.00,285.00,INR,0.00,0.00,false,true,2026-08-23T09:00:00,2026-08-23T11:00:00,setl_uSVAjECkFL18PV,ICICH82995201491,default,pay_u42Fu4a44XXzuE,order_ms1Q0oeEuiLlmI,,upi,,,,
pay_ZywsQzhW8Jlx4A,payment,0.00,216.00,216.00,INR,0.00,0.00,false,true,2026-08-22T11:20:00,2026-08-24T11:00:00,setl_kpyQhmqDDZNAR1,UTIBH93179167468,default,pay_ZywsQzhW8Jlx4A,order_hVf5t0Tc8qKCPQ,,upi,,,,
pay_5NqY6OJ8apKWWf,payment,0.00,113.95,116.00,INR,2.05,0.31,false,true,2026-08-22T22:34:00,2026-08-24T11:00:00,setl_kpyQhmqDDZNAR1,UTIBH93179167468,default,pay_5NqY6OJ8apKWWf,order_1d8P6ValiY22fA,,netbanking,,,,
pay_FRThe08SEAh2qL,payment,0.00,28507.00,28507.00,INR,0.00,0.00,false,true,2026-08-22T13:10:00,2026-08-24T11:00:00,setl_kpyQhmqDDZNAR1,UTIBH93179167468,default,pay_FRThe08SEAh2qL,order_QXtJeTX4Y6tVsn,,upi,,,,
pay_Hd08mUuhpa4VSe,payment,0.00,10206.10,10390.00,INR,183.90,28.05,false,true,2026-08-22T19:15:00,2026-08-24T11:00:00,setl_kpyQhmqDDZNAR1,UTIBH93179167468,default,pay_Hd08mUuhpa4VSe,order_fk2FS5M7MSimKF,,netbanking,,,,
pay_HWzmXncD7EAJgc,payment,0.00,7698.00,7698.00,INR,0.00,0.00,false,true,2026-08-22T07:16:00,2026-08-24T11:00:00,setl_kpyQhmqDDZNAR1,UTIBH93179167468,default,pay_HWzmXncD7EAJgc,order_ShL1uULCrHihIR,,upi,,,,
pay_I4r31erH0eFpmp,payment,0.00,26169.00,26169.00,INR,0.00,0.00,false,true,2026-08-22T08:27:00,2026-08-24T11:00:00,setl_kpyQhmqDDZNAR1,UTIBH93179167468,default,pay_I4r31erH0eFpmp,order_ZhjTPGdDOeoaDD,,upi,,,,
pay_83ZsyGPocVxsgs,payment,0.00,625.00,625.00,INR,0.00,0.00,false,true,2026-08-22T15:18:00,2026-08-24T11:00:00,setl_kpyQhmqDDZNAR1,UTIBH93179167468,default,pay_83ZsyGPocVxsgs,order_uNrIhAfhg5xK4W,,upi,,,,
pay_oKSmzLsHTcf2Ji,payment,0.00,1003.23,1025.00,INR,21.77,3.32,false,true,2026-08-22T12:59:00,2026-08-24T11:00:00,setl_kpyQhmqDDZNAR1,UTIBH93179167468,default,pay_oKSmzLsHTcf2Ji,order_rCwHHlIx6NunD9,,wallet,,,,
pay_XfSKeLgoA4FgSu,payment,0.00,21848.00,21848.00,INR,0.00,0.00,false,true,2026-08-22T22:42:00,2026-08-24T11:00:00,setl_kpyQhmqDDZNAR1,UTIBH93179167468,default,pay_XfSKeLgoA4FgSu,order_7NEf2YksMRolus,,upi,,,,
pay_YEZUHoRvU4JUCJ,payment,0.00,38268.00,38268.00,INR,0.00,0.00,false,true,2026-08-22T12:02:00,2026-08-24T11:00:00,setl_kpyQhmqDDZNAR1,UTIBH93179167468,default,pay_YEZUHoRvU4JUCJ,order_W8kadGxDskEuFc,,upi,,,,
pay_j5cuipUjMj8hoC,payment,0.00,1887.00,1887.00,INR,0.00,0.00,false,true,2026-08-22T20:50:00,2026-08-24T11:00:00,setl_kpyQhmqDDZNAR1,UTIBH93179167468,default,pay_j5cuipUjMj8hoC,order_LYAO3hkWIUV46R,,upi,,,,
pay_hiMBUYFjFJxQtX,payment,0.00,691.29,708.00,INR,16.71,2.55,false,true,2026-08-22T11:42:00,2026-08-24T11:00:00,setl_kpyQhmqDDZNAR1,UTIBH93179167468,default,pay_hiMBUYFjFJxQtX,order_73AY4qnXlnfrOF,,card,Amex,Kotak,debit,
pay_41342hTryICj8g,payment,0.00,9302.00,9302.00,INR,0.00,0.00,false,true,2026-08-22T14:33:00,2026-08-24T11:00:00,setl_kpyQhmqDDZNAR1,UTIBH93179167468,default,pay_41342hTryICj8g,order_LJAuy2dW1KsNOy,,upi,,,,
pay_ucCKBSp0beWuEA,payment,0.00,35784.00,35784.00,INR,0.00,0.00,false,true,2026-08-22T14:44:00,2026-08-24T11:00:00,setl_kpyQhmqDDZNAR1,UTIBH93179167468,default,pay_ucCKBSp0beWuEA,order_HaH1I5W7wz5J5d,,upi,,,,
pay_bbwWfSjJpwyfRc,payment,0.00,727.00,727.00,INR,0.00,0.00,false,true,2026-08-22T07:40:00,2026-08-24T11:00:00,setl_kpyQhmqDDZNAR1,UTIBH93179167468,default,pay_bbwWfSjJpwyfRc,order_dvA2yYDRTdC4Rc,,upi,,,,
pay_4HRonLY0032fEK,payment,0.00,34866.27,35709.00,INR,842.73,128.55,false,true,2026-08-22T12:38:00,2026-08-24T11:00:00,setl_kpyQhmqDDZNAR1,UTIBH93179167468,default,pay_4HRonLY0032fEK,order_zcbp8vjvrZaU9r,,card,Amex,Axis Bank,credit,
pay_SMuSiIibk5WJYo,payment,0.00,2484.00,2484.00,INR,0.00,0.00,false,true,2026-08-22T15:38:00,2026-08-24T11:00:00,setl_kpyQhmqDDZNAR1,UTIBH93179167468,default,pay_SMuSiIibk5WJYo,order_lD15lpN5VdXJcf,,upi,,,,
pay_aQj4iIFcnpcOuQ,payment,0.00,256.00,256.00,INR,0.00,0.00,false,true,2026-08-22T10:45:00,2026-08-24T11:00:00,setl_kpyQhmqDDZNAR1,UTIBH93179167468,default,pay_aQj4iIFcnpcOuQ,order_Hh19YHQytKXeAx,,upi,,,,
pay_izy9BEUyG5fW3c,payment,0.00,1408.00,1408.00,INR,0.00,0.00,false,true,2026-08-22T17:25:00,2026-08-24T11:00:00,setl_kpyQhmqDDZNAR1,UTIBH93179167468,default,pay_izy9BEUyG5fW3c,order_s9d2dI9clYe8W6,,upi,,,,
pay_5DUxS4hxrvG9Mn,payment,0.00,5387.00,5387.00,INR,0.00,0.00,false,true,2026-08-22T13:27:00,2026-08-24T11:00:00,setl_kpyQhmqDDZNAR1,UTIBH93179167468,default,pay_5DUxS4hxrvG9Mn,order_wiedYUoAeuxxVE,,upi,,,,
pay_46Dt7lxY27k4C6,payment,0.00,922.70,945.00,INR,22.30,3.40,false,true,2026-08-22T16:15:00,2026-08-24T11:00:00,setl_kpyQhmqDDZNAR1,UTIBH93179167468,default,pay_46Dt7lxY27k4C6,order_LQt3stpizfLPDV,,card,RuPay,Kotak,debit,
pay_hvexIofBRhuufY,payment,0.00,1836.00,1836.00,INR,0.00,0.00,false,true,2026-08-22T19:46:00,2026-08-24T11:00:00,setl_kpyQhmqDDZNAR1,UTIBH93179167468,default,pay_hvexIofBRhuufY,order_7oglBGRnYcp0Pw,,upi,,,,
pay_8zHyL940sRNOtt,payment,0.00,365.00,365.00,INR,0.00,0.00,false,true,2026-08-22T09:25:00,2026-08-24T11:00:00,setl_kpyQhmqDDZNAR1,UTIBH93179167468,default,pay_8zHyL940sRNOtt,order_nNETKXUBOFUokT,,upi,,,,
pay_DyfkYfCZUDwGpv,payment,0.00,1427.00,1427.00,INR,0.00,0.00,false,true,2026-08-22T19:36:00,2026-08-24T11:00:00,setl_kpyQhmqDDZNAR1,UTIBH93179167468,default,pay_DyfkYfCZUDwGpv,order_pxGxOrmZxbpnAH,,upi,,,,
pay_lpgsXrUYtriQEY,payment,0.00,9924.00,9924.00,INR,0.00,0.00,false,true,2026-08-22T18:27:00,2026-08-24T11:00:00,setl_kpyQhmqDDZNAR1,UTIBH93179167468,default,pay_lpgsXrUYtriQEY,order_F9krZX7EUTlx46,,upi,,,,
pay_vRLnaeQr7U9GDg,payment,0.00,15419.00,15419.00,INR,0.00,0.00,false,true,2026-08-22T13:32:00,2026-08-24T11:00:00,setl_kpyQhmqDDZNAR1,UTIBH93179167468,default,pay_vRLnaeQr7U9GDg,order_WXcJMuyelDDSQX,,upi,,,,
pay_IMQhA1rGOBXx7k,payment,0.00,7685.00,7685.00,INR,0.00,0.00,false,true,2026-08-22T09:28:00,2026-08-24T11:00:00,setl_kpyQhmqDDZNAR1,UTIBH93179167468,default,pay_IMQhA1rGOBXx7k,order_o8PYGv2zIITVgJ,,upi,,,,
pay_fSisDq8GNRRooe,payment,0.00,17119.00,17119.00,INR,0.00,0.00,false,true,2026-08-22T07:10:00,2026-08-24T11:00:00,setl_kpyQhmqDDZNAR1,UTIBH93179167468,default,pay_fSisDq8GNRRooe,order_NAtoR8yIbqvSVE,,upi,,,,
pay_4rE7VV3nBOjhoz,payment,0.00,2635.00,2635.00,INR,0.00,0.00,false,true,2026-08-22T17:41:00,2026-08-24T11:00:00,setl_kpyQhmqDDZNAR1,UTIBH93179167468,default,pay_4rE7VV3nBOjhoz,order_UAV6kW5ecjmJSM,,upi,,,,
pay_BGH1AGQecpGGoW,payment,0.00,23396.00,23396.00,INR,0.00,0.00,false,true,2026-08-22T15:45:00,2026-08-24T11:00:00,setl_kpyQhmqDDZNAR1,UTIBH93179167468,default,pay_BGH1AGQecpGGoW,order_pVmaS2O7EdNvZC,,upi,,,,
pay_zELmrR31zn4708,payment,0.00,3271.92,3351.00,INR,79.08,12.06,false,true,2026-08-22T22:11:00,2026-08-24T11:00:00,setl_kpyQhmqDDZNAR1,UTIBH93179167468,default,pay_zELmrR31zn4708,order_mTrL0qh2wCFTKr,,card,MasterCard,Axis Bank,credit,
pay_4q5gbcab2A21C0,payment,0.00,548.74,562.00,INR,13.26,2.02,false,true,2026-08-22T21:13:00,2026-08-24T11:00:00,setl_kpyQhmqDDZNAR1,UTIBH93179167468,default,pay_4q5gbcab2A21C0,order_mcJw9Pn1L2yAQZ,,card,Amex,Kotak,debit,
pay_f2g0zUkMCcQEfm,payment,0.00,4350.00,4350.00,INR,0.00,0.00,false,true,2026-08-22T13:50:00,2026-08-24T11:00:00,setl_kpyQhmqDDZNAR1,UTIBH93179167468,default,pay_f2g0zUkMCcQEfm,order_BN8lNW6KnPdPWm,,upi,,,,
pay_cCFYwUc8e8sg2n,payment,0.00,2072.00,2072.00,INR,0.00,0.00,false,true,2026-08-22T21:41:00,2026-08-24T11:00:00,setl_kpyQhmqDDZNAR1,UTIBH93179167468,default,pay_cCFYwUc8e8sg2n,order_kVnJm49LeJbHca,,upi,,,,
pay_phPRmLF5vKXDu9,payment,0.00,42163.00,42163.00,INR,0.00,0.00,false,true,2026-08-22T16:25:00,2026-08-24T11:00:00,setl_kpyQhmqDDZNAR1,UTIBH93179167468,default,pay_phPRmLF5vKXDu9,order_7a5wihYdEUkBZt,,upi,,,,
pay_OJig6ec1bImPpk,payment,0.00,32046.00,32046.00,INR,0.00,0.00,false,true,2026-08-22T15:39:00,2026-08-24T11:00:00,setl_kpyQhmqDDZNAR1,UTIBH93179167468,default,pay_OJig6ec1bImPpk,order_PhK6HZmIESP3Pg,,upi,,,,
pay_rbk7V4AZb73EZm,payment,0.00,3225.05,3303.00,INR,77.95,11.89,false,true,2026-08-22T12:45:00,2026-08-24T11:00:00,setl_kpyQhmqDDZNAR1,UTIBH93179167468,default,pay_rbk7V4AZb73EZm,order_JmhffEZkziSf6M,,card,Amex,Kotak,debit,
pay_GJEm3ZaRD6yENQ,payment,0.00,735.00,735.00,INR,0.00,0.00,false,true,2026-08-22T16:39:00,2026-08-24T11:00:00,setl_kpyQhmqDDZNAR1,UTIBH93179167468,default,pay_GJEm3ZaRD6yENQ,order_hLoArMEMC6Ikr5,,upi,,,,
pay_o4W5UJjI2CFpw5,payment,0.00,30789.00,30789.00,INR,0.00,0.00,false,true,2026-08-22T22:17:00,2026-08-24T11:00:00,setl_kpyQhmqDDZNAR1,UTIBH93179167468,default,pay_o4W5UJjI2CFpw5,order_s36mkMk32leq8N,,upi,,,,
pay_h9wHTH6WDuE4Rz,payment,0.00,1489.00,1489.00,INR,0.00,0.00,false,true,2026-08-22T09:24:00,2026-08-24T11:00:00,setl_kpyQhmqDDZNAR1,UTIBH93179167468,default,pay_h9wHTH6WDuE4Rz,order_sFHSuhpz7j9BTg,,upi,,,,
pay_ZJFP2xstTtvWzR,payment,0.00,29197.00,29197.00,INR,0.00,0.00,false,true,2026-08-22T20:39:00,2026-08-24T11:00:00,setl_kpyQhmqDDZNAR1,UTIBH93179167468,default,pay_ZJFP2xstTtvWzR,order_3m1tHEGAPahBI0,,upi,,,,
pay_eX4W0ksvPGg5EJ,payment,0.00,1380.00,1380.00,INR,0.00,0.00,false,true,2026-08-22T14:03:00,2026-08-24T11:00:00,setl_kpyQhmqDDZNAR1,UTIBH93179167468,default,pay_eX4W0ksvPGg5EJ,order_WTY3UnpMgFvEKc,,upi,,,,
pay_6dCw8A7LZ3NiJM,payment,0.00,16135.00,16135.00,INR,0.00,0.00,false,true,2026-08-22T11:36:00,2026-08-24T11:00:00,setl_kpyQhmqDDZNAR1,UTIBH93179167468,default,pay_6dCw8A7LZ3NiJM,order_sJOySSLmeEFGey,,upi,,,,
pay_8DYSbExx6ZZI4k,payment,0.00,1322.05,1354.00,INR,31.95,4.87,false,true,2026-08-22T22:37:00,2026-08-24T11:00:00,setl_kpyQhmqDDZNAR1,UTIBH93179167468,default,pay_8DYSbExx6ZZI4k,order_QCfjYxB2eXQDyq,,card,Amex,HDFC Bank,credit,
pay_wtFLDn2XxNxV4Y,payment,0.00,13573.00,13573.00,INR,0.00,0.00,false,true,2026-08-22T20:41:00,2026-08-24T11:00:00,setl_kpyQhmqDDZNAR1,UTIBH93179167468,default,pay_wtFLDn2XxNxV4Y,order_CuX3xZHPL0t7re,,upi,,,,
pay_VRvyZVMEp4Gtqs,payment,0.00,1245.00,1245.00,INR,0.00,0.00,false,true,2026-08-22T10:49:00,2026-08-24T11:00:00,setl_kpyQhmqDDZNAR1,UTIBH93179167468,default,pay_VRvyZVMEp4Gtqs,order_cDn4hTRoc96eNJ,,upi,,,,
pay_7meSiBmv97J3Fr,payment,0.00,423.76,434.00,INR,10.24,1.56,false,true,2026-08-22T09:26:00,2026-08-24T11:00:00,setl_kpyQhmqDDZNAR1,UTIBH93179167468,default,pay_7meSiBmv97J3Fr,order_PFlaokN64MOGfg,,card,Visa,ICICI Bank,credit,
pay_ot1Fqb8LQrLtsr,payment,0.00,576.00,576.00,INR,0.00,0.00,false,true,2026-08-22T17:25:00,2026-08-24T11:00:00,setl_kpyQhmqDDZNAR1,UTIBH93179167468,default,pay_ot1Fqb8LQrLtsr,order_JwZZOSYhO8AW97,,upi,,,,
pay_1dCP09Lxu0HGUk,payment,0.00,3673.00,3673.00,INR,0.00,0.00,false,true,2026-08-22T22:18:00,2026-08-24T11:00:00,setl_kpyQhmqDDZNAR1,UTIBH93179167468,default,pay_1dCP09Lxu0HGUk,order_ug94NMQTm67xiG,,upi,,,,
pay_dXpcFNAp5zJdwS,payment,0.00,7775.00,7775.00,INR,0.00,0.00,false,true,2026-08-22T16:27:00,2026-08-24T11:00:00,setl_kpyQhmqDDZNAR1,UTIBH93179167468,default,pay_dXpcFNAp5zJdwS,order_NwFtfrATDPQRjT,,upi,,,,
pay_BR0QocBuFTC9ao,payment,0.00,366.00,366.00,INR,0.00,0.00,false,true,2026-08-22T18:19:00,2026-08-24T11:00:00,setl_kpyQhmqDDZNAR1,UTIBH93179167468,default,pay_BR0QocBuFTC9ao,order_pNFlI296VPubR5,,upi,,,,
pay_vchs5SuThqrBeZ,payment,0.00,34979.70,35610.00,INR,630.30,96.15,false,true,2026-08-22T09:00:00,2026-08-24T11:00:00,setl_kpyQhmqDDZNAR1,UTIBH93179167468,default,pay_vchs5SuThqrBeZ,order_LrW9xt8OkA05j7,,netbanking,,,,
pay_reEvc0x8TvDNkF,payment,0.00,4753.12,4868.00,INR,114.88,17.52,false,true,2026-08-22T18:53:00,2026-08-24T11:00:00,setl_kpyQhmqDDZNAR1,UTIBH93179167468,default,pay_reEvc0x8TvDNkF,order_QYElijLQbIx6oD,,card,Visa,ICICI Bank,debit,
pay_waIjd7diMGc8sb,payment,0.00,8378.00,8378.00,INR,0.00,0.00,false,true,2026-08-22T19:32:00,2026-08-24T11:00:00,setl_kpyQhmqDDZNAR1,UTIBH93179167468,default,pay_waIjd7diMGc8sb,order_O22w9M5lvCiPBT,,upi,,,,
pay_0r82tOTo9WhLpt,payment,0.00,3982.74,4079.00,INR,96.26,14.68,false,true,2026-08-22T07:43:00,2026-08-24T11:00:00,setl_kpyQhmqDDZNAR1,UTIBH93179167468,default,pay_0r82tOTo9WhLpt,order_HC8rJgOUgNG3BV,,card,Visa,ICICI Bank,credit,
pay_5vEmSClkfKXeHz,payment,0.00,294.00,294.00,INR,0.00,0.00,false,true,2026-08-22T21:42:00,2026-08-24T11:00:00,setl_kpyQhmqDDZNAR1,UTIBH93179167468,default,pay_5vEmSClkfKXeHz,order_Cx6k0UZ03cKAdd,,upi,,,,
pay_of4J1EQuY6TtH9,payment,0.00,2549.38,2611.00,INR,61.62,9.40,false,true,2026-08-22T21:39:00,2026-08-24T11:00:00,setl_kpyQhmqDDZNAR1,UTIBH93179167468,default,pay_of4J1EQuY6TtH9,order_hOSXdCRuI5Ygu8,,card,Visa,Kotak,debit,
pay_Mz7mkkp4Ns6M2v,payment,0.00,7017.39,7187.00,INR,169.61,25.87,false,true,2026-08-22T08:13:00,2026-08-24T11:00:00,setl_kpyQhmqDDZNAR1,UTIBH93179167468,default,pay_Mz7mkkp4Ns6M2v,order_QGaSBFHkrT6i27,,card,Visa,ICICI Bank,credit,
pay_BI6akMRKzsmcPk,payment,0.00,208.00,208.00,INR,0.00,0.00,false,true,2026-08-22T16:45:00,2026-08-24T11:00:00,setl_kpyQhmqDDZNAR1,UTIBH93179167468,default,pay_BI6akMRKzsmcPk,order_OZ8Z7MAAEmgGQx,,upi,,,,
pay_dGBQAOz8ktBOVu,payment,0.00,19465.26,19816.00,INR,350.74,53.50,false,true,2026-08-22T11:15:00,2026-08-24T11:00:00,setl_kpyQhmqDDZNAR1,UTIBH93179167468,default,pay_dGBQAOz8ktBOVu,order_fHIK7aRV1ukIjc,,netbanking,,,,
pay_Cvk4iVD2shlLFq,payment,0.00,8299.00,8299.00,INR,0.00,0.00,false,true,2026-08-22T11:26:00,2026-08-24T11:00:00,setl_kpyQhmqDDZNAR1,UTIBH93179167468,default,pay_Cvk4iVD2shlLFq,order_TZMhU5UBoY7KWM,,upi,,,,
pay_A2JylDJk44KPP5,payment,0.00,6732.00,6732.00,INR,0.00,0.00,false,true,2026-08-22T08:19:00,2026-08-24T11:00:00,setl_kpyQhmqDDZNAR1,UTIBH93179167468,default,pay_A2JylDJk44KPP5,order_HE21hX4UX2lvwc,,upi,,,,
pay_1VaTKAyWO11Dqt,payment,0.00,1030.00,1030.00,INR,0.00,0.00,false,true,2026-08-22T17:33:00,2026-08-24T11:00:00,setl_kpyQhmqDDZNAR1,UTIBH93179167468,default,pay_1VaTKAyWO11Dqt,order_gpMsanWt5DGz2l,,upi,,,,
pay_fOx3jLRd5cWNEe,payment,0.00,1719.00,1719.00,INR,0.00,0.00,false,true,2026-08-22T07:25:00,2026-08-24T11:00:00,setl_kpyQhmqDDZNAR1,UTIBH93179167468,default,pay_fOx3jLRd5cWNEe,order_tOLbSy6ehUCqkG,,upi,,,,
pay_7UhWw5ksboGUiB,payment,0.00,1132.98,1158.00,INR,25.02,4.18,false,true,2026-08-22T10:22:00,2026-08-24T11:00:00,setl_kpyQhmqDDZNAR1,UTIBH93179167468,default,pay_7UhWw5ksboGUiB,order_VPq5fmQzy9Z6uk,,wallet,,,,
pay_iC53jfB5xtuGW8,payment,0.00,780.07,797.00,INR,16.93,2.58,false,true,2026-08-22T15:04:00,2026-08-24T11:00:00,setl_kpyQhmqDDZNAR1,UTIBH93179167468,default,pay_iC53jfB5xtuGW8,order_cVDfARNGCEHeUw,,wallet,,,,
pay_3hfBvbqN1A303m,payment,0.00,995.06,1013.00,INR,17.94,2.74,false,true,2026-08-22T20:01:00,2026-08-24T11:00:00,setl_kpyQhmqDDZNAR1,UTIBH93179167468,default,pay_3hfBvbqN1A303m,order_B1yhMnVgKAsws8,,netbanking,,,,
pay_8A6GSEDKE3cxhN,payment,0.00,4877.00,4877.00,INR,0.00,0.00,false,true,2026-08-22T21:50:00,2026-08-24T11:00:00,setl_kpyQhmqDDZNAR1,UTIBH93179167468,default,pay_8A6GSEDKE3cxhN,order_BhFQ7JC5bqHWOA,,upi,,,,
pay_yCTNGLHJHVNPlF,payment,0.00,30697.04,31439.00,INR,741.96,113.18,false,true,2026-08-22T14:02:00,2026-08-24T11:00:00,setl_kpyQhmqDDZNAR1,UTIBH93179167468,default,pay_yCTNGLHJHVNPlF,order_b1SRlF2m91yleO,,card,Visa,HDFC Bank,credit,
pay_u4wnyD00PXV5fu,payment,0.00,3824.00,3824.00,INR,0.00,0.00,false,true,2026-08-22T08:19:00,2026-08-24T11:00:00,setl_kpyQhmqDDZNAR1,UTIBH93179167468,default,pay_u4wnyD00PXV5fu,order_IB9pgozSteqLeU,,upi,,,,
pay_wyJ2ohePKrFO57,payment,0.00,9268.97,9493.00,INR,224.03,34.17,false,true,2026-08-22T13:33:00,2026-08-24T11:00:00,setl_kpyQhmqDDZNAR1,UTIBH93179167468,default,pay_wyJ2ohePKrFO57,order_QYq8mGn1hOJkCT,,card,MasterCard,Kotak,credit,
pay_KA9LqoPra917sh,payment,0.00,29694.00,29694.00,INR,0.00,0.00,false,true,2026-08-22T09:38:00,2026-08-24T11:00:00,setl_kpyQhmqDDZNAR1,UTIBH93179167468,default,pay_KA9LqoPra917sh,order_KztHzHRcHFDDYH,,upi,,,,
rfnd_dxDdHpD1JE4LyD,refund,393.00,0.00,393.00,INR,0.00,0.00,false,true,2026-08-24T09:00:00,2026-08-24T11:00:00,setl_kpyQhmqDDZNAR1,UTIBH93179167468,default,pay_czMODoJ83183su,order_C6Mfewbx4w84fs,,upi,,,,
rfnd_80O7B8jRwLqTKY,refund,393.00,0.00,393.00,INR,0.00,0.00,false,true,2026-08-24T09:00:00,2026-08-24T11:00:00,setl_kpyQhmqDDZNAR1,UTIBH93179167468,default,pay_czMODoJ83183su,order_C6Mfewbx4w84fs,,upi,,,,
rfnd_6hxHolc96OcZy8,refund,9124.00,0.00,9124.00,INR,0.00,0.00,false,true,2026-08-24T09:00:00,2026-08-24T11:00:00,setl_kpyQhmqDDZNAR1,UTIBH93179167468,default,pay_BGH1AGQecpGGoW,order_pVmaS2O7EdNvZC,,upi,,,,
rfnd_YIwTOAMmsfreIe,refund,1027.00,0.00,1027.00,INR,0.00,0.00,false,true,2026-08-24T09:00:00,2026-08-24T11:00:00,setl_kpyQhmqDDZNAR1,UTIBH93179167468,default,pay_CPowGobMAluP0t,,,upi,,,,
rfnd_XijChqLUMJjnbp,refund,522.00,0.00,522.00,INR,0.00,0.00,false,true,2026-08-24T09:00:00,2026-08-24T11:00:00,setl_kpyQhmqDDZNAR1,UTIBH93179167468,default,pay_MoFKajro344WXn,,,upi,,,,
rfnd_U8oGacjIYldOGW,refund,415.00,0.00,415.00,INR,0.00,0.00,false,true,2026-08-24T09:00:00,2026-08-24T11:00:00,setl_kpyQhmqDDZNAR1,UTIBH93179167468,default,pay_0ZT2p57MruZPCD,order_tGwzdSrrFcIioT,,card,RuPay,ICICI Bank,credit,
pay_kNCqZRCFK3VOOx,payment,0.00,578.57,589.00,INR,10.43,1.59,false,true,2026-08-23T08:07:00,2026-08-25T11:00:00,setl_cWBco8pEiFM3Cy,UTIBH84673529900,default,pay_kNCqZRCFK3VOOx,order_NSl99OdzrYdClA,,netbanking,,,,
pay_KrLzmv9WHQC8xx,payment,0.00,1142.21,1167.00,INR,24.79,3.78,false,true,2026-08-23T07:32:00,2026-08-25T11:00:00,setl_cWBco8pEiFM3Cy,UTIBH84673529900,default,pay_KrLzmv9WHQC8xx,order_hpGSEp108zQQtU,,wallet,,,,
pay_FEoQwORo7QUWDx,payment,0.00,775.00,775.00,INR,0.00,0.00,false,true,2026-08-23T12:16:00,2026-08-25T11:00:00,setl_cWBco8pEiFM3Cy,UTIBH84673529900,default,pay_FEoQwORo7QUWDx,order_W9Jxnb11X7Awve,,upi,,,,
pay_IKHGDKM6zYmtD3,payment,0.00,1396.25,1430.00,INR,33.75,5.15,false,true,2026-08-23T17:18:00,2026-08-25T11:00:00,setl_cWBco8pEiFM3Cy,UTIBH84673529900,default,pay_IKHGDKM6zYmtD3,order_DmjpGHB5hViMX0,,card,Amex,Kotak,credit,
pay_hxbukRSYvUYjDa,payment,0.00,31396.14,32155.00,INR,758.86,115.76,false,true,2026-08-23T17:56:00,2026-08-25T11:00:00,setl_cWBco8pEiFM3Cy,UTIBH84673529900,default,pay_hxbukRSYvUYjDa,order_xIxg36JNnfLiuy,,card,Amex,Kotak,credit,
pay_ExT3RjFBHz4bBJ,payment,0.00,2527.80,2597.00,INR,69.20,10.56,false,true,2026-08-23T10:58:00,2026-08-25T11:00:00,setl_cWBco8pEiFM3Cy,UTIBH84673529900,default,pay_ExT3RjFBHz4bBJ,order_QGoYyT88BaGhP8,,card,Visa,Axis Bank,credit,
pay_QuyO7D1NJaV17q,payment,0.00,469.00,469.00,INR,0.00,0.00,false,true,2026-08-23T08:10:00,2026-08-25T11:00:00,setl_cWBco8pEiFM3Cy,UTIBH84673529900,default,pay_QuyO7D1NJaV17q,order_YkqCa1VC81jgzR,,upi,,,,
pay_jrrAXYRgSd1mMO,payment,0.00,2043.61,2093.00,INR,49.39,7.53,false,true,2026-08-23T17:39:00,2026-08-25T11:00:00,setl_cWBco8pEiFM3Cy,UTIBH84673529900,default,pay_jrrAXYRgSd1mMO,order_VzGpMVU77jOh5c,,card,Visa,Kotak,debit,
pay_JhjwTuqoAD9dKr,payment,0.00,1323.02,1355.00,INR,31.98,4.88,false,true,2026-08-23T14:08:00,2026-08-25T11:00:00,setl_cWBco8pEiFM3Cy,UTIBH84673529900,default,pay_JhjwTuqoAD9dKr,order_cttAIFjJEXcNeo,,card,RuPay,SBI Cards,debit,
pay_T2u0e8I9lKkvkK,payment,0.00,490.00,490.00,INR,0.00,0.00,false,true,2026-08-23T14:38:00,2026-08-25T11:00:00,setl_cWBco8pEiFM3Cy,UTIBH84673529900,default,pay_T2u0e8I9lKkvkK,order_5vNvTThJE9eUgN,,upi,,,,
pay_uSFvfoNibgXZ8o,payment,0.00,5503.97,5637.00,INR,133.03,20.29,false,true,2026-08-23T20:46:00,2026-08-25T11:00:00,setl_cWBco8pEiFM3Cy,UTIBH84673529900,default,pay_uSFvfoNibgXZ8o,order_1YLiaGNZQs8y6V,,card,Amex,SBI Cards,debit,
pay_p7x1ezV9HrNMAl,payment,0.00,24342.00,24342.00,INR,0.00,0.00,false,true,2026-08-23T16:20:00,2026-08-25T11:00:00,setl_cWBco8pEiFM3Cy,UTIBH84673529900,default,pay_p7x1ezV9HrNMAl,order_X9g1PYcRi6Tu8u,,upi,,,,
pay_QFEkvoJQIKWdnU,payment,0.00,14732.90,15089.00,INR,356.10,54.32,false,true,2026-08-23T11:18:00,2026-08-25T11:00:00,setl_cWBco8pEiFM3Cy,UTIBH84673529900,default,pay_QFEkvoJQIKWdnU,order_T6Rty2eKtX6bob,,card,Amex,SBI Cards,debit,
pay_LxOxQQILvvArWe,payment,0.00,6056.61,6203.00,INR,146.39,22.33,false,true,2026-08-23T10:47:00,2026-08-25T11:00:00,setl_cWBco8pEiFM3Cy,UTIBH84673529900,default,pay_LxOxQQILvvArWe,order_hRJs8WARvwObQe,,card,Amex,Axis Bank,debit,
pay_VDmM3kaYIOQzfJ,payment,0.00,40145.00,40145.00,INR,0.00,0.00,false,true,2026-08-23T22:15:00,2026-08-25T11:00:00,setl_cWBco8pEiFM3Cy,UTIBH84673529900,default,pay_VDmM3kaYIOQzfJ,order_rc1OwXEmqF892y,,upi,,,,
pay_mWsm3bsAwzgckv,payment,0.00,7103.01,7231.00,INR,127.99,19.52,false,true,2026-08-23T13:40:00,2026-08-25T11:00:00,setl_cWBco8pEiFM3Cy,UTIBH84673529900,default,pay_mWsm3bsAwzgckv,order_XmZsnU8AWaq5UU,,netbanking,,,,
pay_daLh0SjHpszFqK,payment,0.00,26927.00,26927.00,INR,0.00,0.00,false,true,2026-08-23T21:33:00,2026-08-25T11:00:00,setl_cWBco8pEiFM3Cy,UTIBH84673529900,default,pay_daLh0SjHpszFqK,order_14ssJOXyCTdZqG,,upi,,,,
pay_2aYaeXNv4Wgrnk,payment,0.00,44066.00,44066.00,INR,0.00,0.00,false,true,2026-08-23T21:38:00,2026-08-25T11:00:00,setl_cWBco8pEiFM3Cy,UTIBH84673529900,default,pay_2aYaeXNv4Wgrnk,order_xv8afEP9mXNUXv,,upi,,,,
pay_Z1a0aJtLvGtTM7,payment,0.00,2454.76,2499.00,INR,44.24,6.75,false,true,2026-08-23T19:37:00,2026-08-25T11:00:00,setl_cWBco8pEiFM3Cy,UTIBH84673529900,default,pay_Z1a0aJtLvGtTM7,order_QhNbwpOCeEZYPp,,netbanking,,,,
pay_PsYBapVzlQatGd,payment,0.00,1375.00,1375.00,INR,0.00,0.00,false,true,2026-08-23T10:54:00,2026-08-25T11:00:00,setl_cWBco8pEiFM3Cy,UTIBH84673529900,default,pay_PsYBapVzlQatGd,order_dCwDTks8yal8gd,,upi,,,,
pay_ML2R4hvHbth059,payment,0.00,6368.24,6483.00,INR,114.76,17.51,false,true,2026-08-23T11:36:00,2026-08-25T11:00:00,setl_cWBco8pEiFM3Cy,UTIBH84673529900,default,pay_ML2R4hvHbth059,order_iexkqiUThRi5lZ,,netbanking,,,,
pay_dEA0NqhmOGrhGJ,payment,0.00,1967.45,2015.00,INR,47.55,7.25,false,true,2026-08-23T16:11:00,2026-08-25T11:00:00,setl_cWBco8pEiFM3Cy,UTIBH84673529900,default,pay_dEA0NqhmOGrhGJ,order_HVJ27Sclwiu45n,,card,MasterCard,SBI Cards,credit,
pay_zg5741XUJrw6PO,payment,0.00,331.00,339.00,INR,8.00,1.22,false,true,2026-08-23T16:46:00,2026-08-25T11:00:00,setl_cWBco8pEiFM3Cy,UTIBH84673529900,default,pay_zg5741XUJrw6PO,order_8rTjcfJQT9616o,,card,RuPay,Kotak,credit,
pay_UmeNON9xzzLRbH,payment,0.00,21748.00,21748.00,INR,0.00,0.00,false,true,2026-08-23T12:42:00,2026-08-25T11:00:00,setl_cWBco8pEiFM3Cy,UTIBH84673529900,default,pay_UmeNON9xzzLRbH,order_x4OUQMVy1Mm27W,,upi,,,,
pay_uaBSfAqZzrMlke,payment,0.00,32659.00,32659.00,INR,0.00,0.00,false,true,2026-08-23T19:12:00,2026-08-25T11:00:00,setl_cWBco8pEiFM3Cy,UTIBH84673529900,default,pay_uaBSfAqZzrMlke,order_lfnTujTeJGnMAk,,upi,,,,
pay_htewZVp2GmcuOT,payment,0.00,5433.67,5565.00,INR,131.33,20.03,false,true,2026-08-23T18:22:00,2026-08-25T11:00:00,setl_cWBco8pEiFM3Cy,UTIBH84673529900,default,pay_htewZVp2GmcuOT,order_NpDdlJwnX6pZZ3,,card,Visa,SBI Cards,debit,
pay_cxFcTzRqEpra3a,payment,0.00,16785.00,16785.00,INR,0.00,0.00,false,true,2026-08-23T18:55:00,2026-08-25T11:00:00,setl_cWBco8pEiFM3Cy,UTIBH84673529900,default,pay_cxFcTzRqEpra3a,order_9e7u8xZQA9rz7Y,,upi,,,,
pay_jPXLsJEemXsIDY,payment,0.00,31758.00,31758.00,INR,0.00,0.00,false,true,2026-08-23T15:22:00,2026-08-25T11:00:00,setl_cWBco8pEiFM3Cy,UTIBH84673529900,default,pay_jPXLsJEemXsIDY,order_t0RLwhad5W4JG0,,upi,,,,
pay_pUOK8VDOSpNxIY,payment,0.00,1215.00,1215.00,INR,0.00,0.00,false,true,2026-08-23T20:53:00,2026-08-25T11:00:00,setl_cWBco8pEiFM3Cy,UTIBH84673529900,default,pay_pUOK8VDOSpNxIY,order_Ac41yi4CQgftBa,,upi,,,,
pay_94i1TOBjAvSf6N,payment,0.00,438.00,438.00,INR,0.00,0.00,false,true,2026-08-23T13:32:00,2026-08-25T11:00:00,setl_cWBco8pEiFM3Cy,UTIBH84673529900,default,pay_94i1TOBjAvSf6N,order_trByihZ282yZeZ,,upi,,,,
pay_tjnbmBfTprN6fp,payment,0.00,157.00,157.00,INR,0.00,0.00,false,true,2026-08-23T15:40:00,2026-08-25T11:00:00,setl_cWBco8pEiFM3Cy,UTIBH84673529900,default,pay_tjnbmBfTprN6fp,order_NHQ3mKNMElzxic,,upi,,,,
pay_jFdkr5WShMP8PV,payment,0.00,5845.00,5845.00,INR,0.00,0.00,false,true,2026-08-23T10:40:00,2026-08-25T11:00:00,setl_cWBco8pEiFM3Cy,UTIBH84673529900,default,pay_jFdkr5WShMP8PV,order_bEDRFOvuHvMhre,,upi,,,,
pay_ZZyz3mh4Zjpv7x,payment,0.00,9498.00,9498.00,INR,0.00,0.00,false,true,2026-08-23T13:52:00,2026-08-25T11:00:00,setl_cWBco8pEiFM3Cy,UTIBH84673529900,default,pay_ZZyz3mh4Zjpv7x,order_wkavKEtiUhCAh0,,upi,,,,
pay_3FvIgUeNwhwYj8,payment,0.00,3498.00,3498.00,INR,0.00,0.00,false,true,2026-08-23T07:12:00,2026-08-25T11:00:00,setl_cWBco8pEiFM3Cy,UTIBH84673529900,default,pay_3FvIgUeNwhwYj8,order_DjW2ExBxYwSR0X,,upi,,,,
pay_SnW2DTFPmo5bII,payment,0.00,9117.00,9117.00,INR,0.00,0.00,false,true,2026-08-23T20:46:00,2026-08-25T11:00:00,setl_cWBco8pEiFM3Cy,UTIBH84673529900,default,pay_SnW2DTFPmo5bII,order_MJpBHcwkUnsvQD,,upi,,,,
pay_K61Ex1mmbeIbta,payment,0.00,10530.47,10785.00,INR,254.53,38.83,false,true,2026-08-23T07:18:00,2026-08-25T11:00:00,setl_cWBco8pEiFM3Cy,UTIBH84673529900,default,pay_K61Ex1mmbeIbta,order_SRPceoSePZBNAs,,card,Visa,Kotak,debit,
pay_pf1LVFMhrpsPv2,payment,0.00,17866.17,18298.00,INR,431.83,65.87,false,true,2026-08-23T22:19:00,2026-08-25T11:00:00,setl_cWBco8pEiFM3Cy,UTIBH84673529900,default,pay_pf1LVFMhrpsPv2,order_iPWW1otH437arA,,card,RuPay,HDFC Bank,debit,
pay_LY672XmfC9tgJS,payment,0.00,522.00,522.00,INR,0.00,0.00,false,true,2026-08-23T15:40:00,2026-08-25T11:00:00,setl_cWBco8pEiFM3Cy,UTIBH84673529900,default,pay_LY672XmfC9tgJS,order_hyPK2dpFtkjMQl,,upi,,,,
pay_YXVW1zvxLuLkbG,payment,0.00,4562.72,4673.00,INR,110.28,16.82,false,true,2026-08-23T16:57:00,2026-08-25T11:00:00,setl_cWBco8pEiFM3Cy,UTIBH84673529900,default,pay_YXVW1zvxLuLkbG,order_zVvpIdX3MgBP3m,,card,MasterCard,Axis Bank,credit,
pay_bWrIASPl3VUiji,payment,0.00,4536.35,4646.00,INR,109.65,16.73,false,true,2026-08-23T10:26:00,2026-08-25T11:00:00,setl_cWBco8pEiFM3Cy,UTIBH84673529900,default,pay_bWrIASPl3VUiji,order_iiMXivPX8v8Cdc,,card,RuPay,Axis Bank,debit,
pay_MLckcOUvHrfnlF,payment,0.00,24971.00,24971.00,INR,0.00,0.00,false,true,2026-08-23T12:09:00,2026-08-25T11:00:00,setl_cWBco8pEiFM3Cy,UTIBH84673529900,default,pay_MLckcOUvHrfnlF,order_Qgl1RS4YaEgCOs,,upi,,,,
pay_L89maD6Qb0Ni9w,payment,0.00,543.21,553.00,INR,9.79,1.49,false,true,2026-08-23T14:21:00,2026-08-25T11:00:00,setl_cWBco8pEiFM3Cy,UTIBH84673529900,default,pay_L89maD6Qb0Ni9w,order_pHgxN4BgyGWbvC,,netbanking,,,,
pay_i0gguz7oZ4962N,payment,0.00,239.00,239.00,INR,0.00,0.00,false,true,2026-08-23T21:12:00,2026-08-25T11:00:00,setl_cWBco8pEiFM3Cy,UTIBH84673529900,default,pay_i0gguz7oZ4962N,order_M07F7ELnKwEGqg,,upi,,,,
pay_ocoIpcFXkLKoUe,payment,0.00,240.77,246.00,INR,5.23,0.80,false,true,2026-08-23T07:54:00,2026-08-25T11:00:00,setl_cWBco8pEiFM3Cy,UTIBH84673529900,default,pay_ocoIpcFXkLKoUe,order_hOZ6C8L1qtdnzq,,wallet,,,,
pay_J8WfscYSBXJIUw,payment,0.00,34945.00,34945.00,INR,0.00,0.00,false,true,2026-08-23T08:19:00,2026-08-25T11:00:00,setl_cWBco8pEiFM3Cy,UTIBH84673529900,default,pay_J8WfscYSBXJIUw,order_jYOm8OJPWqaUF8,,upi,,,,
pay_zzqTN1tZDdObcL,payment,0.00,4661.00,4661.00,INR,0.00,0.00,false,true,2026-08-23T17:39:00,2026-08-25T11:00:00,setl_cWBco8pEiFM3Cy,UTIBH84673529900,default,pay_zzqTN1tZDdObcL,order_balcXuxkqgLaMY,,upi,,,,
pay_kV1Lya12UaGHiE,payment,0.00,28164.51,28672.00,INR,507.49,77.41,false,true,2026-08-23T15:00:00,2026-08-25T11:00:00,setl_cWBco8pEiFM3Cy,UTIBH84673529900,default,pay_kV1Lya12UaGHiE,order_GVtsNWpcGos8Wo,,netbanking,,,,
pay_keX61rk5ua5ty3,payment,0.00,1585.67,1624.00,INR,38.33,5.85,false,true,2026-08-23T15:57:00,2026-08-25T11:00:00,setl_cWBco8pEiFM3Cy,UTIBH84673529900,default,pay_keX61rk5ua5ty3,order_Awxwb8zUKsGJit,,card,RuPay,Kotak,credit,
pay_p5IK7mg5j6XN7M,payment,0.00,1939.00,1939.00,INR,0.00,0.00,false,true,2026-08-23T15:24:00,2026-08-25T11:00:00,setl_cWBco8pEiFM3Cy,UTIBH84673529900,default,pay_p5IK7mg5j6XN7M,order_vsoyRukcEYcH4L,,upi,,,,
pay_ZX1ES8tCv2gSad,payment,0.00,14722.00,14722.00,INR,0.00,0.00,false,true,2026-08-23T08:36:00,2026-08-25T11:00:00,setl_cWBco8pEiFM3Cy,UTIBH84673529900,default,pay_ZX1ES8tCv2gSad,order_Xk0QeJNhsTgpXx,,upi,,,,
pay_Wd50L0MEKLpWvo,payment,0.00,2135.39,2187.00,INR,51.61,7.87,false,true,2026-08-23T20:40:00,2026-08-25T11:00:00,setl_cWBco8pEiFM3Cy,UTIBH84673529900,default,pay_Wd50L0MEKLpWvo,order_9tezo5Io1O29Yu,,card,Amex,SBI Cards,debit,
pay_NoDJuh2VHbH3Zd,payment,0.00,10052.04,10295.00,INR,242.96,37.06,false,true,2026-08-23T08:01:00,2026-08-25T11:00:00,setl_cWBco8pEiFM3Cy,UTIBH84673529900,default,pay_NoDJuh2VHbH3Zd,order_frROEtS0veilJR,,card,Visa,ICICI Bank,credit,
pay_bz3hn2ZXC3kwWi,payment,0.00,5889.00,5889.00,INR,0.00,0.00,false,true,2026-08-23T11:35:00,2026-08-25T11:00:00,setl_cWBco8pEiFM3Cy,UTIBH84673529900,default,pay_bz3hn2ZXC3kwWi,order_ya4A3NWbhI2ocX,,upi,,,,
pay_FOjtDi7dikMIPx,payment,0.00,7116.98,7289.00,INR,172.02,26.24,false,true,2026-08-23T17:06:00,2026-08-25T11:00:00,setl_cWBco8pEiFM3Cy,UTIBH84673529900,default,pay_FOjtDi7dikMIPx,order_7BY8Za0ZTzRowK,,card,MasterCard,Axis Bank,debit,
pay_bgsEUYzK2MS3nz,payment,0.00,2173.00,2173.00,INR,0.00,0.00,false,true,2026-08-23T16:17:00,2026-08-25T11:00:00,setl_cWBco8pEiFM3Cy,UTIBH84673529900,default,pay_bgsEUYzK2MS3nz,order_TyC0aCf1gm6hvU,,upi,,,,
pay_6Q2prcQWUTXYQl,payment,0.00,1017.00,1017.00,INR,0.00,0.00,false,true,2026-08-23T08:30:00,2026-08-25T11:00:00,setl_cWBco8pEiFM3Cy,UTIBH84673529900,default,pay_6Q2prcQWUTXYQl,order_o30qPpwTeUP75y,,upi,,,,
pay_cdvccrzSBhZ69F,payment,0.00,1176.00,1176.00,INR,0.00,0.00,false,true,2026-08-23T20:44:00,2026-08-25T11:00:00,setl_cWBco8pEiFM3Cy,UTIBH84673529900,default,pay_cdvccrzSBhZ69F,order_glalgbTuMXqCNf,,upi,,,,
pay_hjmJaFNtw95STl,payment,0.00,1252.00,1252.00,INR,0.00,0.00,false,true,2026-08-23T15:02:00,2026-08-25T11:00:00,setl_cWBco8pEiFM3Cy,UTIBH84673529900,default,pay_hjmJaFNtw95STl,order_7LTKsaG5HKoGsz,,upi,,,,
pay_udmVsPtYfsIYiv,payment,0.00,32136.00,32136.00,INR,0.00,0.00,false,true,2026-08-23T19:28:00,2026-08-25T11:00:00,setl_cWBco8pEiFM3Cy,UTIBH84673529900,default,pay_udmVsPtYfsIYiv,order_OSE5FWdzPXkz6S,,upi,,,,
pay_Uf1uSHl5lV3ZDG,payment,0.00,7885.00,7885.00,INR,0.00,0.00,false,true,2026-08-23T12:58:00,2026-08-25T11:00:00,setl_cWBco8pEiFM3Cy,UTIBH84673529900,default,pay_Uf1uSHl5lV3ZDG,order_FHrWT1CE1uUTfw,,upi,,,,
pay_KKZHq6RO4AHhwu,payment,0.00,6627.80,6788.00,INR,160.20,24.44,false,true,2026-08-23T10:30:00,2026-08-25T11:00:00,setl_cWBco8pEiFM3Cy,UTIBH84673529900,default,pay_KKZHq6RO4AHhwu,order_Ms7ZRLHiyHxuRr,,card,Visa,SBI Cards,credit,
pay_6viCTSn1tHgvxn,payment,0.00,1072.67,1092.00,INR,19.33,2.95,false,true,2026-08-23T09:44:00,2026-08-25T11:00:00,setl_cWBco8pEiFM3Cy,UTIBH84673529900,default,pay_6viCTSn1tHgvxn,order_CufMdPwKDKyKpe,,netbanking,,,,
pay_US7pEv3MzWsUDM,payment,0.00,1301.00,1301.00,INR,0.00,0.00,false,true,2026-08-23T21:02:00,2026-08-25T11:00:00,setl_cWBco8pEiFM3Cy,UTIBH84673529900,default,pay_US7pEv3MzWsUDM,order_mta9jKcKwqQVHM,,upi,,,,
pay_qQYFnysUkBy7BE,payment,0.00,6396.77,6537.00,INR,140.23,21.39,false,true,2026-08-23T19:20:00,2026-08-25T11:00:00,setl_cWBco8pEiFM3Cy,UTIBH84673529900,default,pay_qQYFnysUkBy7BE,order_hj9zPGmganu6Ym,,wallet,,,,
rfnd_STBhwShl70urT9,refund,10487.00,0.00,10487.00,INR,0.00,0.00,false,true,2026-08-25T09:00:00,2026-08-25T11:00:00,setl_cWBco8pEiFM3Cy,UTIBH84673529900,default,pay_XfSKeLgoA4FgSu,order_7NEf2YksMRolus,,upi,,,,
rfnd_wyeVCP7KSHfQAo,refund,44066.00,0.00,44066.00,INR,0.00,0.00,false,true,2026-08-25T09:00:00,2026-08-25T11:00:00,setl_cWBco8pEiFM3Cy,UTIBH84673529900,default,pay_2aYaeXNv4Wgrnk,order_xv8afEP9mXNUXv,,upi,,,,
rfnd_LLpwabpk5kHpaL,refund,5458.00,0.00,5458.00,INR,0.00,0.00,false,true,2026-08-25T09:00:00,2026-08-25T11:00:00,setl_cWBco8pEiFM3Cy,UTIBH84673529900,default,pay_lpgsXrUYtriQEY,order_F9krZX7EUTlx46,,upi,,,,
disp_hvPnEMXWkhgiQr,dispute,2016.20,0.00,1320.00,INR,696.20,106.20,false,true,2026-08-25T09:00:00,2026-08-25T11:00:00,setl_cWBco8pEiFM3Cy,UTIBH84673529900,default,pay_tCb3jcDBUTb86J,order_uVf3WTNR2Qeq4Q,disp_hvPnEMXWkhgiQr,upi,,,,
rfnd_A6ccw0PUJKC2E2,refund,4350.00,0.00,4350.00,INR,0.00,0.00,false,true,2026-08-25T09:00:00,2026-08-25T11:00:00,setl_cWBco8pEiFM3Cy,UTIBH84673529900,default,pay_f2g0zUkMCcQEfm,order_BN8lNW6KnPdPWm,,upi,,,,
disp_Cx9YKGiwboOomx,dispute,1869.20,0.00,1173.00,INR,696.20,106.20,false,true,2026-08-25T09:00:00,2026-08-25T11:00:00,setl_cWBco8pEiFM3Cy,UTIBH84673529900,default,pay_4KhJ3yRwILmi3s,order_vYELnoJuF8QiJj,disp_Cx9YKGiwboOomx,upi,,,,
rfnd_AD4Z3UVobODcdJ,refund,876.00,0.00,876.00,INR,0.00,0.00,false,true,2026-08-25T09:00:00,2026-08-25T11:00:00,setl_cWBco8pEiFM3Cy,UTIBH84673529900,default,pay_DTUbzxI3M6xG7S,,,upi,,,,
rfnd_pozvT3fq2hNmo7,refund,975.00,0.00,975.00,INR,0.00,0.00,false,true,2026-08-25T09:00:00,2026-08-25T11:00:00,setl_cWBco8pEiFM3Cy,UTIBH84673529900,default,pay_US7pEv3MzWsUDM,order_mta9jKcKwqQVHM,,upi,,,,
rfnd_VgZVahwpGR1t1b,refund,31439.00,0.00,31439.00,INR,0.00,0.00,false,true,2026-08-25T09:00:00,2026-08-25T11:00:00,setl_cWBco8pEiFM3Cy,UTIBH84673529900,default,pay_yCTNGLHJHVNPlF,order_b1SRlF2m91yleO,,card,MasterCard,HDFC Bank,credit,
rfnd_ZhsWSYDSI2yAs0,refund,476.00,0.00,476.00,INR,0.00,0.00,false,true,2026-08-25T09:00:00,2026-08-25T11:00:00,setl_cWBco8pEiFM3Cy,UTIBH84673529900,default,pay_SdFGPBAAORCXdQ,,,upi,,,,
rfnd_UYZJRp00bSX6Hf,refund,2026.00,0.00,2026.00,INR,0.00,0.00,false,true,2026-08-25T09:00:00,2026-08-25T11:00:00,setl_cWBco8pEiFM3Cy,UTIBH84673529900,default,pay_qQYFnysUkBy7BE,order_hj9zPGmganu6Ym,,wallet,,,,
rfnd_LI1c5SyOVnJxK7,refund,17816.00,0.00,17816.00,INR,0.00,0.00,false,true,2026-08-25T09:00:00,2026-08-25T11:00:00,setl_cWBco8pEiFM3Cy,UTIBH84673529900,default,pay_KA9LqoPra917sh,order_KztHzHRcHFDDYH,,upi,,,,
pay_aPrAGNJSdnLe8M,payment,0.00,14062.00,14062.00,INR,0.00,0.00,true,false,2026-08-03T18:11:00,,,,default,pay_aPrAGNJSdnLe8M,order_cl4Ss9ShgFB2Od,,upi,,,,
pay_dU6SnNUhwfZn4d,payment,0.00,1250.00,1250.00,INR,0.00,0.00,true,false,2026-08-03T09:48:00,,,,default,pay_dU6SnNUhwfZn4d,order_M2DU95QQjriUYi,,upi,,,,
pay_EjkGgQT2a5ywH4,payment,0.00,27281.59,27941.00,INR,659.41,100.59,true,false,2026-08-03T14:31:00,,,,default,pay_EjkGgQT2a5ywH4,order_WoGNhdMmsxocBo,,card,RuPay,ICICI Bank,debit,
pay_or0tiUc9pDLEhh,payment,0.00,32619.00,32619.00,INR,0.00,0.00,true,false,2026-08-04T07:50:00,,,,default,pay_or0tiUc9pDLEhh,order_gvrvkfoYcgX5Ev,,upi,,,,
pay_a9KCwafXFotP1U,payment,0.00,646.00,646.00,INR,0.00,0.00,true,false,2026-08-04T21:35:00,,,,default,pay_a9KCwafXFotP1U,order_LSu3kz8M82Cuyw,,upi,,,,
pay_piugoCNhIssKxi,payment,0.00,1113.00,1113.00,INR,0.00,0.00,true,false,2026-08-05T21:30:00,,,,default,pay_piugoCNhIssKxi,order_r5okVmBGMdUkmt,,upi,,,,
pay_t8g1CNEBs5LQfS,payment,0.00,28068.00,28068.00,INR,0.00,0.00,true,false,2026-08-05T10:54:00,,,,default,pay_t8g1CNEBs5LQfS,order_GU983Rn8kVwhdR,,upi,,,,
pay_4yaVT7fHNmwVGK,payment,0.00,939.00,939.00,INR,0.00,0.00,true,false,2026-08-06T17:06:00,,,,default,pay_4yaVT7fHNmwVGK,order_6rnruJxyEHRUpn,,upi,,,,
pay_g8Tl1b1fADhnUr,payment,0.00,665.01,677.00,INR,11.99,1.83,true,false,2026-08-06T12:23:00,,,,default,pay_g8Tl1b1fADhnUr,order_SlrCE4MBPfmQqR,,netbanking,,,,
pay_hku44NBGO1jycz,payment,0.00,648.92,663.00,INR,14.08,2.15,true,false,2026-08-06T18:21:00,,,,default,pay_hku44NBGO1jycz,order_SCClZwf28FfWrr,,wallet,,,,
pay_XsrFUxJbpiD2aR,payment,0.00,2294.00,2294.00,INR,0.00,0.00,true,false,2026-08-07T08:30:00,,,,default,pay_XsrFUxJbpiD2aR,order_kZSKHxtL2a17q9,,upi,,,,
pay_FL4TVJeBHdmXnv,payment,0.00,577.05,591.00,INR,13.95,2.13,true,false,2026-08-07T07:31:00,,,,default,pay_FL4TVJeBHdmXnv,order_Ak7CAvr3iL0B57,,card,Amex,SBI Cards,debit,
pay_X64FknmwTz8LGf,payment,0.00,1727.86,1759.00,INR,31.14,4.75,true,false,2026-08-08T08:11:00,,,,default,pay_X64FknmwTz8LGf,order_EkvxkPZH3TkJ5p,,netbanking,,,,
pay_2qkW3gV4I5KcYX,payment,0.00,2966.55,3020.00,INR,53.45,8.15,true,false,2026-08-10T20:21:00,,,,default,pay_2qkW3gV4I5KcYX,order_LOlI357LpcLYuK,,netbanking,,,,
pay_VzNZPxTzGmCe7A,payment,0.00,513.74,523.00,INR,9.26,1.41,true,false,2026-08-11T07:19:00,,,,default,pay_VzNZPxTzGmCe7A,order_V7WhW23NcJgoiR,,netbanking,,,,
pay_sIQG9ixtumM6iC,payment,0.00,38878.30,39818.00,INR,939.70,143.34,true,false,2026-08-12T22:49:00,,,,default,pay_sIQG9ixtumM6iC,order_bCYiygnn4Ol9Qs,,card,RuPay,ICICI Bank,credit,
pay_O0bxx8vre9bEmT,payment,0.00,1155.18,1176.00,INR,20.82,3.18,true,false,2026-08-12T22:59:00,,,,default,pay_O0bxx8vre9bEmT,order_QX4PBTCUTF7etm,,netbanking,,,,
pay_VsYEMY8tuYfeTn,payment,0.00,10837.81,11073.00,INR,235.19,35.88,true,false,2026-08-13T08:36:00,,,,default,pay_VsYEMY8tuYfeTn,order_MAceZTGFuyHasa,,wallet,,,,
pay_BJgq1j878DOaD6,payment,0.00,28214.00,28214.00,INR,0.00,0.00,true,false,2026-08-14T10:36:00,,,,default,pay_BJgq1j878DOaD6,order_UWBLh3a3mV8NaM,,upi,,,,
pay_K9QJp5jy8HOFvp,payment,0.00,3470.46,3533.00,INR,62.54,9.54,true,false,2026-08-14T21:04:00,,,,default,pay_K9QJp5jy8HOFvp,order_n6tLkDLOreTXyr,,netbanking,,,,
pay_dTjwgabcvHNtbn,payment,0.00,99.00,99.00,INR,0.00,0.00,true,false,2026-08-14T07:31:00,,,,default,pay_dTjwgabcvHNtbn,order_dF9vQx6MfJ6Zw5,,upi,,,,
pay_s9Cu32saMmfVwW,payment,0.00,41856.00,41856.00,INR,0.00,0.00,true,false,2026-08-14T11:37:00,,,,default,pay_s9Cu32saMmfVwW,order_jBh71giZagLA2a,,upi,,,,
pay_e6COGhViDHJgza,payment,0.00,482.00,482.00,INR,0.00,0.00,true,false,2026-08-15T22:45:00,,,,default,pay_e6COGhViDHJgza,order_NlDNOLtHqOdlFR,,upi,,,,
pay_ALIZvZ2j4i2Px8,payment,0.00,7733.09,7920.00,INR,186.91,28.51,true,false,2026-08-15T07:55:00,,,,default,pay_ALIZvZ2j4i2Px8,order_DbOsh09Zo6sUAg,,card,RuPay,HDFC Bank,credit,
pay_apip3efuazqzYf,payment,0.00,1269.32,1300.00,INR,30.68,4.68,true,false,2026-08-15T14:40:00,,,,default,pay_apip3efuazqzYf,order_glNCFsGHEBXZtD,,card,Visa,SBI Cards,credit,
pay_8OZ34xDMif71rI,payment,0.00,5833.00,5833.00,INR,0.00,0.00,true,false,2026-08-15T21:50:00,,,,default,pay_8OZ34xDMif71rI,order_FFr9FxIhP2nl05,,upi,,,,
pay_GxG0TFTWNXlcgp,payment,0.00,26130.42,26762.00,INR,631.58,96.34,true,false,2026-08-16T18:24:00,,,,default,pay_GxG0TFTWNXlcgp,order_uY5mRfTs4SR0yq,,card,Amex,SBI Cards,debit,
pay_KN5FsLAVi69ja9,payment,0.00,102.52,105.00,INR,2.48,0.38,true,false,2026-08-16T10:14:00,,,,default,pay_KN5FsLAVi69ja9,order_eLpB40Ctg9ZncA,,card,RuPay,HDFC Bank,debit,
pay_xSOMRqK2RIAqjT,payment,0.00,522.37,535.00,INR,12.63,1.93,true,false,2026-08-16T22:09:00,,,,default,pay_xSOMRqK2RIAqjT,order_6KRJwgImD8gh9o,,card,MasterCard,Axis Bank,debit,
pay_Hq9rXydK49QRlP,payment,0.00,1135.54,1156.00,INR,20.46,3.12,true,false,2026-08-17T14:16:00,,,,default,pay_Hq9rXydK49QRlP,order_4c2YhgaU3ZFUi1,,netbanking,,,,
pay_LnMoaCI94TkRvG,payment,0.00,1054.00,1054.00,INR,0.00,0.00,true,false,2026-08-18T22:27:00,,,,default,pay_LnMoaCI94TkRvG,order_z4nPFEyrUlrU7c,,upi,,,,
pay_CinZ4XDuW8wcB6,payment,0.00,16535.00,16535.00,INR,0.00,0.00,true,false,2026-08-20T16:55:00,,,,default,pay_CinZ4XDuW8wcB6,order_fRgtTZetammunp,,upi,,,,
pay_UJRcyzI2Ol0MtJ,payment,0.00,6916.82,7084.00,INR,167.18,25.50,true,false,2026-08-20T12:04:00,,,,default,pay_UJRcyzI2Ol0MtJ,order_1ZGukdpC0bAjiF,,card,RuPay,Axis Bank,credit,
pay_bnUtoqrGxekX4x,payment,0.00,1471.43,1507.00,INR,35.57,5.43,true,false,2026-08-21T21:56:00,,,,default,pay_bnUtoqrGxekX4x,order_7mBkVUPX2UTFzu,,card,RuPay,ICICI Bank,debit,
pay_3lANpwmSDwu5kD,payment,0.00,2564.00,2564.00,INR,0.00,0.00,true,false,2026-08-21T20:50:00,,,,default,pay_3lANpwmSDwu5kD,order_pfShqUPl2gYaQE,,upi,,,,
pay_XxezWcWVnN52W8,payment,0.00,3767.11,3835.00,INR,67.89,10.36,true,false,2026-08-21T11:59:00,,,,default,pay_XxezWcWVnN52W8,order_s32ScP2CyS3zng,,netbanking,,,,
pay_AnmbIRfuVp0rpM,payment,0.00,6008.00,6008.00,INR,0.00,0.00,true,false,2026-08-21T17:02:00,,,,default,pay_AnmbIRfuVp0rpM,order_z1FPBtRLi2Uy80,,upi,,,,
pay_dKT5moWJiGWaWd,payment,0.00,23148.00,23148.00,INR,0.00,0.00,true,false,2026-08-22T20:21:00,,,,default,pay_dKT5moWJiGWaWd,order_T9cuR87KAKSULV,,upi,,,,
pay_Csk2gghco84GZK,payment,0.00,3256.00,3256.00,INR,0.00,0.00,true,false,2026-08-23T12:06:00,,,,default,pay_Csk2gghco84GZK,order_3tyjvS2pKflMEi,,upi,,,,
pay_Rl7EeMY2O1ZSki,payment,0.00,10560.00,10560.00,INR,0.00,0.00,true,false,2026-08-23T13:11:00,,,,default,pay_Rl7EeMY2O1ZSki,order_GznLKVuDRknYqN,,upi,,,,
pay_TugZkJegaVPi3q,payment,0.00,2826.00,2826.00,INR,0.00,0.00,true,false,2026-08-23T13:11:00,,,,default,pay_TugZkJegaVPi3q,order_my3bqPp9UHlYKW,,upi,,,,
